timestamp,room,status,course,snapshot
2026-06-30 16:01:42,Lab 302,anomaly,,snapshots\Lab_302_20260630_160142.jpg
2026-06-30 16:01:42,Lab 302,anomaly_suppressed_cooldown,,
2026-06-30 16:01:43,Lab 302,anomaly_suppressed_cooldown,,
2026-06-30 16:01:43,Lab 302,anomaly_suppressed_cooldown,,
2026-06-30 16:01:43,Lab 302,anomaly_suppressed_cooldown,,
2026-06-30 16:01:43,Lab 302,anomaly_suppressed_cooldown,,
2026-06-30 16:01:43,Lab 302,anomaly_suppressed_cooldown,,
2026-06-30 16:01:43,Lab 302,anomaly_suppressed_cooldown,,
2026-06-30 16:01:43,Lab 302,anomaly_suppressed_cooldown,,
2026-06-30 16:01:43,Lab 302,anomaly_suppressed_cooldown,,
2026-06-30 16:01:43,Lab 302,anomaly_suppressed_cooldown,,
2026-06-30 16:01:43,Lab 302,anomaly_suppressed_cooldown,,
2026-06-30 16:01:43,Lab 302,anomaly_suppressed_cooldown,,
2026-06-30 16:01:43,Lab 302,anomaly_suppressed_cooldown,,
2026-06-30 16:01:43,Lab 302,anomaly_suppressed_cooldown,,
2026-06-30 16:01:43,Lab 302,anomaly_suppressed_cooldown,,
2026-06-30 16:01:43,Lab 302,anomaly_suppressed_cooldown,,
2026-06-30 16:01:43,Lab 302,anomaly_suppressed_cooldown,,
2026-06-30 16:01:43,Lab 302,anomaly_suppressed_cooldown,,
2026-06-30 16:01:43,Lab 302,anomaly_suppressed_cooldown,,
2026-06-30 16:01:43,Lab 302,anomaly_suppressed_cooldown,,
2026-06-30 16:01:43,Lab 302,anomaly_suppressed_cooldown,,
2026-06-30 16:01:43,Lab 302,anomaly_suppressed_cooldown,,
2026-06-30 16:01:43,Lab 302,anomaly_suppressed_cooldown,,
2026-06-30 16:01:43,Lab 302,anomaly_suppressed_cooldown,,
2026-06-30 16:01:43,Lab 302,anomaly_suppressed_cooldown,,
2026-06-30 16:01:43,Lab 302,anomaly_suppressed_cooldown,,
2026-06-30 16:01:43,Lab 302,anomaly_suppressed_cooldown,,
2026-06-30 16:01:43,Lab 302,anomaly_suppressed_cooldown,,
2026-06-30 16:01:43,Lab 302,anomaly_suppressed_cooldown,,
2026-06-30 16:01:43,Lab 301,anomaly,,snapshots\Lab_301_20260630_160143.jpg
2026-06-30 16:01:43,Lab 301,anomaly_suppressed_cooldown,,
2026-06-30 16:01:43,Lab 302,anomaly_suppressed_cooldown,,
2026-06-30 16:01:43,Lab 301,anomaly_suppressed_cooldown,,
2026-06-30 16:01:43,Lab 302,anomaly_suppressed_cooldown,,
2026-06-30 16:01:43,Lab 302,anomaly_suppressed_cooldown,,
2026-06-30 16:01:43,Lab 302,anomaly_suppressed_cooldown,,
2026-06-30 16:01:43,Lab 302,anomaly_suppressed_cooldown,,
2026-06-30 16:01:43,Lab 302,anomaly_suppressed_cooldown,,
2026-06-30 16:01:43,Lab 301,anomaly_suppressed_cooldown,,
2026-06-30 16:01:43,Lab 302,anomaly_suppressed_cooldown,,
2026-06-30 16:01:43,Lab 302,anomaly_suppressed_cooldown,,
2026-06-30 16:01:43,Lab 301,anomaly_suppressed_cooldown,,
2026-06-30 16:01:44,Lab 301,anomaly_suppressed_cooldown,,
2026-06-30 16:01:44,Lab 302,anomaly_suppressed_cooldown,,
2026-06-30 16:01:44,Lab 301,anomaly_suppressed_cooldown,,
2026-06-30 16:01:44,Lab 301,anomaly_suppressed_cooldown,,
2026-06-30 16:01:44,Lab 301,anomaly_suppressed_cooldown,,
2026-06-30 16:01:44,Lab 301,anomaly_suppressed_cooldown,,
2026-06-30 16:01:44,Lab 301,anomaly_suppressed_cooldown,,
2026-06-30 16:01:44,Lab 302,anomaly_suppressed_cooldown,,
2026-06-30 16:01:44,Lab 302,anomaly_suppressed_cooldown,,
2026-06-30 16:01:44,Lab 301,anomaly_suppressed_cooldown,,
2026-06-30 16:01:44,Lab 301,anomaly_suppressed_cooldown,,
2026-06-30 16:01:44,Lab 301,anomaly_suppressed_cooldown,,
2026-06-30 16:01:44,Lab 301,anomaly_suppressed_cooldown,,
2026-06-30 16:01:44,Lab 301,anomaly_suppressed_cooldown,,
2026-06-30 16:01:44,Lab 301,anomaly_suppressed_cooldown,,
2026-06-30 16:01:44,Lab 302,anomaly_suppressed_cooldown,,
2026-06-30 16:01:44,Lab 301,anomaly_suppressed_cooldown,,
2026-06-30 16:01:44,Lab 302,anomaly_suppressed_cooldown,,
2026-06-30 16:01:44,Lab 301,anomaly_suppressed_cooldown,,
2026-06-30 16:01:44,Lab 302,anomaly_suppressed_cooldown,,
2026-06-30 16:01:44,Lab 301,anomaly_suppressed_cooldown,,
2026-06-30 16:01:44,Lab 302,anomaly_suppressed_cooldown,,
2026-06-30 16:01:44,Lab 301,anomaly_suppressed_cooldown,,
2026-06-30 16:01:44,Lab 301,anomaly_suppressed_cooldown,,
2026-06-30 16:01:44,Lab 301,anomaly_suppressed_cooldown,,
2026-06-30 16:01:44,Lab 302,anomaly_suppressed_cooldown,,
2026-06-30 16:01:44,Lab 301,anomaly_suppressed_cooldown,,
2026-06-30 16:01:44,Lab 302,anomaly_suppressed_cooldown,,
2026-06-30 16:01:44,Lab 301,anomaly_suppressed_cooldown,,
2026-06-30 16:01:44,Lab 302,anomaly_suppressed_cooldown,,
2026-06-30 16:01:44,Lab 301,anomaly_suppressed_cooldown,,
2026-06-30 16:01:44,Lab 301,anomaly_suppressed_cooldown,,
2026-06-30 16:01:44,Lab 301,anomaly_suppressed_cooldown,,
2026-06-30 16:01:44,Lab 301,anomaly_suppressed_cooldown,,
2026-06-30 16:01:44,Lab 302,anomaly_suppressed_cooldown,,
2026-06-30 16:01:44,Lab 301,anomaly_suppressed_cooldown,,
2026-06-30 16:01:44,Lab 302,anomaly_suppressed_cooldown,,
2026-06-30 16:01:44,Lab 301,anomaly_suppressed_cooldown,,
2026-06-30 16:01:44,Lab 301,anomaly_suppressed_cooldown,,
2026-06-30 16:01:45,Lab 301,anomaly_suppressed_cooldown,,
2026-06-30 16:01:45,Lab 302,anomaly_suppressed_cooldown,,
2026-06-30 16:01:45,Lab 301,anomaly_suppressed_cooldown,,
2026-06-30 16:01:45,Lab 301,anomaly_suppressed_cooldown,,
2026-06-30 16:01:45,Lab 302,anomaly_suppressed_cooldown,,
2026-06-30 16:01:45,Lab 301,anomaly_suppressed_cooldown,,
2026-06-30 16:01:45,Lab 302,anomaly_suppressed_cooldown,,
2026-06-30 16:01:45,Lab 301,anomaly_suppressed_cooldown,,
2026-06-30 16:01:45,Lab 302,anomaly_suppressed_cooldown,,
2026-06-30 16:01:45,Lab 301,anomaly_suppressed_cooldown,,
2026-06-30 16:01:45,Lab 301,anomaly_suppressed_cooldown,,
2026-06-30 16:01:45,Lab 301,anomaly_suppressed_cooldown,,
2026-06-30 16:01:45,Lab 301,anomaly_suppressed_cooldown,,
2026-06-30 16:01:45,Lab 301,anomaly_suppressed_cooldown,,
2026-06-30 16:01:45,Lab 302,anomaly_suppressed_cooldown,,
2026-06-30 16:01:45,Lab 301,anomaly_suppressed_cooldown,,
2026-06-30 16:01:45,Lab 301,anomaly_suppressed_cooldown,,
2026-06-30 16:01:45,Lab 301,anomaly_suppressed_cooldown,,
2026-06-30 16:01:45,Lab 301,anomaly_suppressed_cooldown,,
2026-06-30 16:01:45,Lab 301,anomaly_suppressed_cooldown,,
2026-06-30 16:01:45,Lab 302,anomaly_suppressed_cooldown,,
2026-06-30 16:01:45,Lab 301,anomaly_suppressed_cooldown,,
2026-06-30 16:01:45,Lab 301,anomaly_suppressed_cooldown,,
2026-06-30 16:01:45,Lab 301,anomaly_suppressed_cooldown,,
2026-06-30 16:01:46,Lab 301,anomaly_suppressed_cooldown,,
2026-06-30 16:01:46,Lab 301,anomaly_suppressed_cooldown,,
2026-06-30 16:01:46,Lab 302,anomaly_suppressed_cooldown,,
2026-06-30 16:01:46,Lab 301,anomaly_suppressed_cooldown,,
2026-06-30 16:01:46,Lab 301,anomaly_suppressed_cooldown,,
2026-06-30 16:01:46,Lab 301,anomaly_suppressed_cooldown,,
2026-06-30 16:01:46,Lab 301,anomaly_suppressed_cooldown,,
2026-06-30 16:01:46,Lab 301,anomaly_suppressed_cooldown,,
2026-06-30 16:01:46,Lab 302,anomaly_suppressed_cooldown,,
2026-06-30 16:01:46,Lab 301,anomaly_suppressed_cooldown,,
2026-06-30 16:01:46,Lab 302,anomaly_suppressed_cooldown,,
2026-06-30 16:01:46,Lab 301,anomaly_suppressed_cooldown,,
2026-06-30 16:01:46,Lab 302,anomaly_suppressed_cooldown,,
2026-06-30 16:01:46,Lab 301,anomaly_suppressed_cooldown,,
2026-06-30 16:01:46,Lab 302,anomaly_suppressed_cooldown,,
2026-06-30 16:01:46,Lab 301,anomaly_suppressed_cooldown,,
2026-06-30 16:01:46,Lab 301,anomaly_suppressed_cooldown,,
2026-06-30 16:01:46,Lab 302,anomaly_suppressed_cooldown,,
2026-06-30 16:01:46,Lab 301,anomaly_suppressed_cooldown,,
2026-06-30 16:01:46,Lab 301,anomaly_suppressed_cooldown,,
2026-06-30 16:01:46,Lab 302,anomaly_suppressed_cooldown,,
2026-06-30 16:01:46,Lab 302,anomaly_suppressed_cooldown,,
2026-06-30 16:01:46,Lab 302,anomaly_suppressed_cooldown,,
2026-06-30 16:01:46,Lab 301,anomaly_suppressed_cooldown,,
2026-06-30 16:01:46,Lab 302,anomaly_suppressed_cooldown,,
2026-06-30 16:01:46,Lab 301,anomaly_suppressed_cooldown,,
2026-06-30 16:01:46,Lab 302,anomaly_suppressed_cooldown,,
2026-06-30 16:01:46,Lab 302,anomaly_suppressed_cooldown,,
2026-06-30 16:01:46,Lab 301,anomaly_suppressed_cooldown,,
2026-06-30 16:01:46,Lab 301,anomaly_suppressed_cooldown,,
2026-06-30 16:01:46,Lab 302,anomaly_suppressed_cooldown,,
2026-06-30 16:01:46,Lab 302,anomaly_suppressed_cooldown,,
2026-06-30 16:01:46,Lab 301,anomaly_suppressed_cooldown,,
2026-06-30 16:01:47,Lab 301,anomaly_suppressed_cooldown,,
2026-06-30 16:01:47,Lab 301,anomaly_suppressed_cooldown,,
2026-06-30 16:01:47,Lab 302,anomaly_suppressed_cooldown,,
2026-06-30 16:01:47,Lab 301,anomaly_suppressed_cooldown,,
2026-06-30 16:01:47,Lab 301,anomaly_suppressed_cooldown,,
2026-06-30 16:01:47,Lab 301,anomaly_suppressed_cooldown,,
2026-06-30 16:01:47,Lab 302,anomaly_suppressed_cooldown,,
2026-06-30 16:01:47,Lab 301,anomaly_suppressed_cooldown,,
2026-06-30 16:01:47,Lab 301,anomaly_suppressed_cooldown,,
2026-06-30 16:01:47,Lab 301,anomaly_suppressed_cooldown,,
2026-06-30 16:01:47,Lab 301,anomaly_suppressed_cooldown,,
2026-06-30 16:01:47,Lab 302,anomaly_suppressed_cooldown,,
2026-06-30 16:01:47,Lab 301,anomaly_suppressed_cooldown,,
2026-06-30 16:01:47,Lab 302,anomaly_suppressed_cooldown,,
2026-06-30 16:01:47,Lab 301,anomaly_suppressed_cooldown,,
2026-06-30 16:01:47,Lab 301,anomaly_suppressed_cooldown,,
2026-06-30 16:01:47,Lab 301,anomaly_suppressed_cooldown,,
2026-06-30 16:01:47,Lab 302,anomaly_suppressed_cooldown,,
2026-06-30 16:01:47,Lab 302,anomaly_suppressed_cooldown,,
2026-06-30 16:01:47,Lab 301,anomaly_suppressed_cooldown,,
2026-06-30 16:01:47,Lab 301,anomaly_suppressed_cooldown,,
2026-06-30 16:01:47,Lab 302,anomaly_suppressed_cooldown,,
2026-06-30 16:01:47,Lab 301,anomaly_suppressed_cooldown,,
2026-06-30 16:01:47,Lab 301,anomaly_suppressed_cooldown,,
2026-06-30 16:01:47,Lab 301,anomaly_suppressed_cooldown,,
2026-06-30 16:01:47,Lab 302,anomaly_suppressed_cooldown,,
2026-06-30 16:01:47,Lab 301,anomaly_suppressed_cooldown,,
2026-06-30 16:01:47,Lab 301,anomaly_suppressed_cooldown,,
2026-06-30 16:01:47,Lab 301,anomaly_suppressed_cooldown,,
2026-06-30 16:01:47,Lab 301,anomaly_suppressed_cooldown,,
2026-06-30 16:01:47,Lab 301,anomaly_suppressed_cooldown,,
2026-06-30 16:01:47,Lab 301,anomaly_suppressed_cooldown,,
2026-06-30 16:01:47,Lab 301,anomaly_suppressed_cooldown,,
2026-06-30 16:01:47,Lab 301,anomaly_suppressed_cooldown,,
2026-06-30 16:01:47,Lab 302,anomaly_suppressed_cooldown,,
2026-06-30 16:01:47,Lab 301,anomaly_suppressed_cooldown,,
2026-06-30 16:01:47,Lab 301,anomaly_suppressed_cooldown,,
2026-06-30 16:01:47,Lab 301,anomaly_suppressed_cooldown,,
2026-06-30 16:01:48,Lab 301,anomaly_suppressed_cooldown,,
2026-06-30 16:01:48,Lab 301,anomaly_suppressed_cooldown,,
2026-06-30 16:01:48,Lab 301,anomaly_suppressed_cooldown,,
2026-06-30 16:01:48,Lab 301,anomaly_suppressed_cooldown,,
2026-06-30 16:01:48,Lab 301,anomaly_suppressed_cooldown,,
2026-06-30 16:01:48,Lab 302,anomaly_suppressed_cooldown,,
2026-06-30 16:01:48,Lab 301,anomaly_suppressed_cooldown,,
2026-06-30 16:01:48,Lab 301,anomaly_suppressed_cooldown,,
2026-06-30 16:01:48,Lab 301,anomaly_suppressed_cooldown,,
2026-06-30 16:01:48,Lab 301,anomaly_suppressed_cooldown,,
2026-06-30 16:01:48,Lab 301,anomaly_suppressed_cooldown,,
2026-06-30 16:01:48,Lab 301,anomaly_suppressed_cooldown,,
2026-06-30 16:01:48,Lab 301,anomaly_suppressed_cooldown,,
2026-06-30 16:01:48,Lab 301,anomaly_suppressed_cooldown,,
2026-06-30 16:01:48,Lab 301,anomaly_suppressed_cooldown,,
2026-06-30 16:01:48,Lab 302,anomaly_suppressed_cooldown,,
2026-06-30 16:01:48,Lab 301,anomaly_suppressed_cooldown,,
2026-06-30 16:01:48,Lab 301,anomaly_suppressed_cooldown,,
2026-06-30 16:01:48,Lab 301,anomaly_suppressed_cooldown,,
2026-06-30 16:01:48,Lab 301,anomaly_suppressed_cooldown,,
2026-06-30 16:01:48,Lab 301,anomaly_suppressed_cooldown,,
2026-06-30 16:01:48,Lab 301,anomaly_suppressed_cooldown,,
2026-06-30 16:01:48,Lab 301,anomaly_suppressed_cooldown,,
2026-06-30 16:01:48,Lab 301,anomaly_suppressed_cooldown,,
2026-06-30 16:01:48,Lab 301,anomaly_suppressed_cooldown,,
2026-06-30 16:01:48,Lab 301,anomaly_suppressed_cooldown,,
2026-06-30 16:01:48,Lab 301,anomaly_suppressed_cooldown,,
2026-06-30 16:01:48,Lab 301,anomaly_suppressed_cooldown,,
2026-06-30 16:01:48,Lab 301,anomaly_suppressed_cooldown,,
2026-06-30 16:01:48,Lab 301,anomaly_suppressed_cooldown,,
2026-06-30 16:01:48,Lab 302,anomaly_suppressed_cooldown,,
2026-06-30 16:01:48,Lab 301,anomaly_suppressed_cooldown,,
2026-06-30 16:01:48,Lab 301,anomaly_suppressed_cooldown,,
2026-06-30 16:01:48,Lab 301,anomaly_suppressed_cooldown,,
2026-06-30 16:01:48,Lab 301,anomaly_suppressed_cooldown,,
2026-06-30 16:01:49,Lab 301,anomaly_suppressed_cooldown,,
2026-06-30 16:01:49,Lab 301,anomaly_suppressed_cooldown,,
2026-06-30 16:01:49,Lab 301,anomaly_suppressed_cooldown,,
2026-06-30 16:01:49,Lab 301,anomaly_suppressed_cooldown,,
2026-06-30 16:01:49,Lab 301,anomaly_suppressed_cooldown,,
2026-06-30 16:01:49,Lab 301,anomaly_suppressed_cooldown,,
2026-06-30 16:01:49,Lab 301,anomaly_suppressed_cooldown,,
2026-06-30 16:01:49,Lab 301,anomaly_suppressed_cooldown,,
2026-06-30 16:01:49,Lab 301,anomaly_suppressed_cooldown,,
2026-06-30 16:01:49,Lab 301,anomaly_suppressed_cooldown,,
2026-06-30 16:01:49,Lab 302,anomaly_suppressed_cooldown,,
2026-06-30 16:01:49,Lab 301,anomaly_suppressed_cooldown,,
2026-06-30 16:01:49,Lab 301,anomaly_suppressed_cooldown,,
2026-06-30 16:01:49,Lab 302,anomaly_suppressed_cooldown,,
2026-06-30 16:01:49,Lab 301,anomaly_suppressed_cooldown,,
2026-06-30 16:01:49,Lab 301,anomaly_suppressed_cooldown,,
2026-06-30 16:01:49,Lab 302,anomaly_suppressed_cooldown,,
2026-06-30 16:01:49,Lab 301,anomaly_suppressed_cooldown,,
2026-06-30 16:01:49,Lab 302,anomaly_suppressed_cooldown,,
2026-06-30 16:01:49,Lab 302,anomaly_suppressed_cooldown,,
2026-06-30 16:01:49,Lab 301,anomaly_suppressed_cooldown,,
2026-06-30 16:01:49,Lab 301,anomaly_suppressed_cooldown,,
2026-06-30 16:01:49,Lab 301,anomaly_suppressed_cooldown,,
2026-06-30 16:01:49,Lab 302,anomaly_suppressed_cooldown,,
2026-06-30 16:01:49,Lab 301,anomaly_suppressed_cooldown,,
2026-06-30 16:01:50,Lab 302,anomaly_suppressed_cooldown,,
2026-06-30 16:01:50,Lab 301,anomaly_suppressed_cooldown,,
2026-06-30 16:01:50,Lab 302,anomaly_suppressed_cooldown,,
2026-06-30 16:01:50,Lab 301,anomaly_suppressed_cooldown,,
2026-06-30 16:01:50,Lab 302,anomaly_suppressed_cooldown,,
2026-06-30 16:01:50,Lab 301,anomaly_suppressed_cooldown,,
2026-06-30 16:01:50,Lab 302,anomaly_suppressed_cooldown,,
2026-06-30 16:01:50,Lab 302,anomaly_suppressed_cooldown,,
2026-06-30 16:01:50,Lab 301,anomaly_suppressed_cooldown,,
2026-06-30 16:01:50,Lab 302,anomaly_suppressed_cooldown,,
2026-06-30 16:01:50,Lab 301,anomaly_suppressed_cooldown,,
2026-06-30 16:01:50,Lab 302,anomaly_suppressed_cooldown,,
2026-06-30 16:01:50,Lab 301,anomaly_suppressed_cooldown,,
2026-06-30 16:01:50,Lab 302,anomaly_suppressed_cooldown,,
2026-06-30 16:01:50,Lab 301,anomaly_suppressed_cooldown,,
2026-06-30 16:01:50,Lab 301,anomaly_suppressed_cooldown,,
2026-06-30 16:01:50,Lab 301,anomaly_suppressed_cooldown,,
2026-06-30 16:01:50,Lab 302,anomaly_suppressed_cooldown,,
2026-06-30 16:01:51,Lab 302,anomaly_suppressed_cooldown,,
2026-06-30 16:01:51,Lab 301,anomaly_suppressed_cooldown,,
2026-06-30 16:01:51,Lab 302,anomaly_suppressed_cooldown,,
2026-06-30 16:01:51,Lab 301,anomaly_suppressed_cooldown,,
2026-06-30 16:01:51,Lab 302,anomaly_suppressed_cooldown,,
2026-06-30 16:01:51,Lab 301,anomaly_suppressed_cooldown,,
2026-06-30 16:01:51,Lab 301,anomaly_suppressed_cooldown,,
2026-06-30 16:01:51,Lab 302,anomaly_suppressed_cooldown,,
2026-06-30 16:01:51,Lab 302,anomaly_suppressed_cooldown,,
2026-06-30 16:01:51,Lab 301,anomaly_suppressed_cooldown,,
2026-06-30 16:01:51,Lab 302,anomaly_suppressed_cooldown,,
2026-06-30 16:01:51,Lab 301,anomaly_suppressed_cooldown,,
2026-06-30 16:01:51,Lab 302,anomaly_suppressed_cooldown,,
2026-06-30 16:01:51,Lab 302,anomaly_suppressed_cooldown,,
2026-06-30 16:01:51,Lab 301,anomaly_suppressed_cooldown,,
2026-06-30 16:01:51,Lab 302,anomaly_suppressed_cooldown,,
2026-06-30 16:01:51,Lab 301,anomaly_suppressed_cooldown,,
2026-06-30 16:01:51,Lab 302,anomaly_suppressed_cooldown,,
2026-06-30 16:01:51,Lab 301,anomaly_suppressed_cooldown,,
2026-06-30 16:01:51,Lab 302,anomaly_suppressed_cooldown,,
2026-06-30 16:01:51,Lab 301,anomaly_suppressed_cooldown,,
2026-06-30 16:01:51,Lab 302,anomaly_suppressed_cooldown,,
2026-06-30 16:01:51,Lab 301,anomaly_suppressed_cooldown,,
2026-06-30 16:01:51,Lab 302,anomaly_suppressed_cooldown,,
2026-06-30 16:01:51,Lab 302,anomaly_suppressed_cooldown,,
2026-06-30 16:01:51,Lab 302,anomaly_suppressed_cooldown,,
2026-06-30 16:01:51,Lab 302,anomaly_suppressed_cooldown,,
2026-06-30 16:01:51,Lab 301,anomaly_suppressed_cooldown,,
2026-06-30 16:01:51,Lab 302,anomaly_suppressed_cooldown,,
2026-06-30 16:01:52,Lab 302,anomaly_suppressed_cooldown,,
2026-06-30 16:01:52,Lab 302,anomaly_suppressed_cooldown,,
2026-06-30 16:01:52,Lab 302,anomaly_suppressed_cooldown,,
2026-06-30 16:01:52,Lab 302,anomaly_suppressed_cooldown,,
2026-06-30 16:01:52,Lab 301,anomaly_suppressed_cooldown,,
2026-06-30 16:01:52,Lab 302,anomaly_suppressed_cooldown,,
2026-06-30 16:01:52,Lab 302,anomaly_suppressed_cooldown,,
2026-06-30 16:01:52,Lab 302,anomaly_suppressed_cooldown,,
2026-06-30 16:01:52,Lab 301,anomaly_suppressed_cooldown,,
2026-06-30 16:01:52,Lab 302,anomaly_suppressed_cooldown,,
2026-06-30 16:01:52,Lab 302,anomaly_suppressed_cooldown,,
2026-06-30 16:01:52,Lab 301,anomaly_suppressed_cooldown,,
2026-06-30 16:01:52,Lab 301,anomaly_suppressed_cooldown,,
2026-06-30 16:01:52,Lab 302,anomaly_suppressed_cooldown,,
2026-06-30 16:01:52,Lab 302,anomaly_suppressed_cooldown,,
2026-06-30 16:01:53,Lab 302,anomaly_suppressed_cooldown,,
2026-06-30 16:01:53,Lab 302,anomaly_suppressed_cooldown,,
2026-06-30 16:01:53,Lab 302,anomaly_suppressed_cooldown,,
2026-06-30 16:01:53,Lab 301,anomaly_suppressed_cooldown,,
2026-06-30 16:01:53,Lab 302,anomaly_suppressed_cooldown,,
2026-06-30 16:01:53,Lab 301,anomaly_suppressed_cooldown,,
2026-06-30 16:01:53,Lab 302,anomaly_suppressed_cooldown,,
2026-06-30 16:01:53,Lab 302,anomaly_suppressed_cooldown,,
2026-06-30 16:01:53,Lab 302,anomaly_suppressed_cooldown,,
2026-06-30 16:01:53,Lab 302,anomaly_suppressed_cooldown,,
2026-06-30 16:01:53,Lab 302,anomaly_suppressed_cooldown,,
2026-06-30 16:01:53,Lab 302,anomaly_suppressed_cooldown,,
2026-06-30 16:01:53,Lab 302,anomaly_suppressed_cooldown,,
2026-06-30 16:01:53,Lab 302,anomaly_suppressed_cooldown,,
2026-06-30 16:01:54,Lab 302,anomaly_suppressed_cooldown,,
2026-06-30 16:01:54,Lab 302,anomaly_suppressed_cooldown,,
2026-06-30 16:01:54,Lab 302,anomaly_suppressed_cooldown,,
2026-06-30 16:01:54,Lab 301,anomaly_suppressed_cooldown,,
2026-06-30 16:01:54,Lab 301,anomaly_suppressed_cooldown,,
2026-06-30 16:01:54,Lab 301,anomaly_suppressed_cooldown,,
2026-06-30 16:01:54,Lab 301,anomaly_suppressed_cooldown,,
2026-06-30 16:01:54,Lab 301,anomaly_suppressed_cooldown,,
2026-06-30 16:01:54,Lab 301,anomaly_suppressed_cooldown,,
2026-06-30 16:01:54,Lab 301,anomaly_suppressed_cooldown,,
2026-06-30 16:01:54,Lab 301,anomaly_suppressed_cooldown,,
2026-06-30 16:01:54,Lab 301,anomaly_suppressed_cooldown,,
2026-06-30 16:01:54,Lab 302,anomaly_suppressed_cooldown,,
2026-06-30 16:01:54,Lab 301,anomaly_suppressed_cooldown,,
2026-06-30 16:01:54,Lab 301,anomaly_suppressed_cooldown,,
2026-06-30 16:01:54,Lab 302,anomaly_suppressed_cooldown,,
2026-06-30 16:01:54,Lab 301,anomaly_suppressed_cooldown,,
2026-06-30 16:01:54,Lab 302,anomaly_suppressed_cooldown,,
2026-06-30 16:01:54,Lab 301,anomaly_suppressed_cooldown,,
2026-06-30 16:01:54,Lab 301,anomaly_suppressed_cooldown,,
2026-06-30 16:01:54,Lab 301,anomaly_suppressed_cooldown,,
2026-06-30 16:01:54,Lab 301,anomaly_suppressed_cooldown,,
2026-06-30 16:01:54,Lab 301,anomaly_suppressed_cooldown,,
2026-06-30 16:01:54,Lab 301,anomaly_suppressed_cooldown,,
2026-06-30 16:01:54,Lab 301,anomaly_suppressed_cooldown,,
2026-06-30 16:01:54,Lab 301,anomaly_suppressed_cooldown,,
2026-06-30 16:01:54,Lab 301,anomaly_suppressed_cooldown,,
2026-06-30 16:01:54,Lab 301,anomaly_suppressed_cooldown,,
2026-06-30 16:01:54,Lab 301,anomaly_suppressed_cooldown,,
2026-06-30 16:01:54,Lab 302,anomaly_suppressed_cooldown,,
2026-06-30 16:01:54,Lab 301,anomaly_suppressed_cooldown,,
2026-06-30 16:01:54,Lab 301,anomaly_suppressed_cooldown,,
2026-06-30 16:01:54,Lab 301,anomaly_suppressed_cooldown,,
2026-06-30 16:01:54,Lab 301,anomaly_suppressed_cooldown,,
2026-06-30 16:01:54,Lab 301,anomaly_suppressed_cooldown,,
2026-06-30 16:01:54,Lab 302,anomaly_suppressed_cooldown,,
2026-06-30 16:01:54,Lab 301,anomaly_suppressed_cooldown,,
2026-06-30 16:01:54,Lab 301,anomaly_suppressed_cooldown,,
2026-06-30 16:01:55,Lab 302,anomaly_suppressed_cooldown,,
2026-06-30 16:01:55,Lab 301,anomaly_suppressed_cooldown,,
2026-06-30 16:01:55,Lab 301,anomaly_suppressed_cooldown,,
2026-06-30 16:01:55,Lab 302,anomaly_suppressed_cooldown,,
2026-06-30 16:01:55,Lab 301,anomaly_suppressed_cooldown,,
2026-06-30 16:01:55,Lab 301,anomaly_suppressed_cooldown,,
2026-06-30 16:01:55,Lab 301,anomaly_suppressed_cooldown,,
2026-06-30 16:01:55,Lab 301,anomaly_suppressed_cooldown,,
2026-06-30 16:01:55,Lab 301,anomaly_suppressed_cooldown,,
2026-06-30 16:01:55,Lab 301,anomaly_suppressed_cooldown,,
2026-06-30 16:01:55,Lab 302,anomaly_suppressed_cooldown,,
2026-06-30 16:01:55,Lab 302,anomaly_suppressed_cooldown,,
2026-06-30 16:01:55,Lab 301,anomaly_suppressed_cooldown,,
2026-06-30 16:01:55,Lab 302,anomaly_suppressed_cooldown,,
2026-06-30 16:01:55,Lab 301,anomaly_suppressed_cooldown,,
2026-06-30 16:01:55,Lab 302,anomaly_suppressed_cooldown,,
2026-06-30 16:01:55,Lab 301,anomaly_suppressed_cooldown,,
2026-06-30 16:01:55,Lab 302,anomaly_suppressed_cooldown,,
2026-06-30 16:01:55,Lab 301,anomaly_suppressed_cooldown,,
2026-06-30 16:01:55,Lab 302,anomaly_suppressed_cooldown,,
2026-06-30 16:01:55,Lab 301,anomaly_suppressed_cooldown,,
2026-06-30 16:01:55,Lab 302,anomaly_suppressed_cooldown,,
2026-06-30 16:01:55,Lab 301,anomaly_suppressed_cooldown,,
2026-06-30 16:01:55,Lab 302,anomaly_suppressed_cooldown,,
2026-06-30 16:01:55,Lab 301,anomaly_suppressed_cooldown,,
2026-06-30 16:01:55,Lab 301,anomaly_suppressed_cooldown,,
2026-06-30 16:01:55,Lab 301,anomaly_suppressed_cooldown,,
2026-06-30 16:01:55,Lab 302,anomaly_suppressed_cooldown,,
2026-06-30 16:01:55,Lab 301,anomaly_suppressed_cooldown,,
2026-06-30 16:01:55,Lab 302,anomaly_suppressed_cooldown,,
2026-06-30 16:01:55,Lab 301,anomaly_suppressed_cooldown,,
2026-06-30 16:01:55,Lab 302,anomaly_suppressed_cooldown,,
2026-06-30 16:01:55,Lab 301,anomaly_suppressed_cooldown,,
2026-06-30 16:01:56,Lab 301,anomaly_suppressed_cooldown,,
2026-06-30 16:01:56,Lab 302,anomaly_suppressed_cooldown,,
2026-06-30 16:01:56,Lab 301,anomaly_suppressed_cooldown,,
2026-06-30 16:01:56,Lab 301,anomaly_suppressed_cooldown,,
2026-06-30 16:01:56,Lab 301,anomaly_suppressed_cooldown,,
2026-06-30 16:01:56,Lab 302,anomaly_suppressed_cooldown,,
2026-06-30 16:01:56,Lab 301,anomaly_suppressed_cooldown,,
2026-06-30 16:01:56,Lab 302,anomaly_suppressed_cooldown,,
2026-06-30 16:01:56,Lab 301,anomaly_suppressed_cooldown,,
2026-06-30 16:01:56,Lab 302,anomaly_suppressed_cooldown,,
2026-06-30 16:01:56,Lab 301,anomaly_suppressed_cooldown,,
2026-06-30 16:01:56,Lab 301,anomaly_suppressed_cooldown,,
2026-06-30 16:01:56,Lab 301,anomaly_suppressed_cooldown,,
2026-06-30 16:01:56,Lab 301,anomaly_suppressed_cooldown,,
2026-06-30 16:01:56,Lab 301,anomaly_suppressed_cooldown,,
2026-06-30 16:01:56,Lab 302,anomaly_suppressed_cooldown,,
2026-06-30 16:01:56,Lab 301,anomaly_suppressed_cooldown,,
2026-06-30 16:01:56,Lab 302,anomaly_suppressed_cooldown,,
2026-06-30 16:01:56,Lab 301,anomaly_suppressed_cooldown,,
2026-06-30 16:01:56,Lab 302,anomaly_suppressed_cooldown,,
2026-06-30 16:01:56,Lab 301,anomaly_suppressed_cooldown,,
2026-06-30 16:01:56,Lab 302,anomaly_suppressed_cooldown,,
2026-06-30 16:01:56,Lab 301,anomaly_suppressed_cooldown,,
2026-06-30 16:01:56,Lab 302,anomaly_suppressed_cooldown,,
2026-06-30 16:01:56,Lab 301,anomaly_suppressed_cooldown,,
2026-06-30 16:01:56,Lab 302,anomaly_suppressed_cooldown,,
2026-06-30 16:01:56,Lab 301,anomaly_suppressed_cooldown,,
2026-06-30 16:01:56,Lab 302,anomaly_suppressed_cooldown,,
2026-06-30 16:01:56,Lab 301,anomaly_suppressed_cooldown,,
2026-06-30 16:01:56,Lab 302,anomaly_suppressed_cooldown,,
2026-06-30 16:01:56,Lab 302,anomaly_suppressed_cooldown,,
2026-06-30 16:01:56,Lab 301,anomaly_suppressed_cooldown,,
2026-06-30 16:01:56,Lab 301,anomaly_suppressed_cooldown,,
2026-06-30 16:01:56,Lab 302,anomaly_suppressed_cooldown,,
2026-06-30 16:01:56,Lab 302,anomaly_suppressed_cooldown,,
2026-06-30 16:01:56,Lab 301,anomaly_suppressed_cooldown,,
2026-06-30 16:01:56,Lab 302,anomaly_suppressed_cooldown,,
2026-06-30 16:01:57,Lab 301,anomaly_suppressed_cooldown,,
2026-06-30 16:01:57,Lab 301,anomaly_suppressed_cooldown,,
2026-06-30 16:01:57,Lab 302,anomaly_suppressed_cooldown,,
2026-06-30 16:01:57,Lab 302,anomaly_suppressed_cooldown,,
2026-06-30 16:01:57,Lab 301,anomaly_suppressed_cooldown,,
2026-06-30 16:01:57,Lab 302,anomaly_suppressed_cooldown,,
2026-06-30 16:01:57,Lab 302,anomaly_suppressed_cooldown,,
2026-06-30 16:01:57,Lab 302,anomaly_suppressed_cooldown,,
2026-06-30 16:01:57,Lab 301,anomaly_suppressed_cooldown,,
2026-06-30 16:01:57,Lab 302,anomaly_suppressed_cooldown,,
2026-06-30 16:01:57,Lab 301,anomaly_suppressed_cooldown,,
2026-06-30 16:01:57,Lab 302,anomaly_suppressed_cooldown,,
2026-06-30 16:01:57,Lab 302,anomaly_suppressed_cooldown,,
2026-06-30 16:01:57,Lab 301,anomaly_suppressed_cooldown,,
2026-06-30 16:01:57,Lab 302,anomaly_suppressed_cooldown,,
2026-06-30 16:01:57,Lab 301,anomaly_suppressed_cooldown,,
2026-06-30 16:01:57,Lab 302,anomaly_suppressed_cooldown,,
2026-06-30 16:01:57,Lab 301,anomaly_suppressed_cooldown,,
2026-06-30 16:01:57,Lab 302,anomaly_suppressed_cooldown,,
2026-06-30 16:01:57,Lab 301,anomaly_suppressed_cooldown,,
2026-06-30 16:01:57,Lab 301,anomaly_suppressed_cooldown,,
2026-06-30 16:01:57,Lab 302,anomaly_suppressed_cooldown,,
2026-06-30 16:01:57,Lab 301,anomaly_suppressed_cooldown,,
2026-06-30 16:01:57,Lab 301,anomaly_suppressed_cooldown,,
2026-06-30 16:01:57,Lab 302,anomaly_suppressed_cooldown,,
2026-06-30 16:01:57,Lab 301,anomaly_suppressed_cooldown,,
2026-06-30 16:01:57,Lab 301,anomaly_suppressed_cooldown,,
2026-06-30 16:01:57,Lab 301,anomaly_suppressed_cooldown,,
2026-06-30 16:01:57,Lab 302,anomaly_suppressed_cooldown,,
2026-06-30 16:01:57,Lab 301,anomaly_suppressed_cooldown,,
2026-06-30 16:01:57,Lab 301,anomaly_suppressed_cooldown,,
2026-06-30 16:01:57,Lab 301,anomaly_suppressed_cooldown,,
2026-06-30 16:01:57,Lab 302,anomaly_suppressed_cooldown,,
2026-06-30 16:01:57,Lab 301,anomaly_suppressed_cooldown,,
2026-06-30 16:01:57,Lab 301,anomaly_suppressed_cooldown,,
2026-06-30 16:01:57,Lab 301,anomaly_suppressed_cooldown,,
2026-06-30 16:01:57,Lab 301,anomaly_suppressed_cooldown,,
2026-06-30 16:01:58,Lab 302,anomaly_suppressed_cooldown,,
2026-06-30 16:01:58,Lab 301,anomaly_suppressed_cooldown,,
2026-06-30 16:01:58,Lab 301,anomaly_suppressed_cooldown,,
2026-06-30 16:01:58,Lab 302,anomaly_suppressed_cooldown,,
2026-06-30 16:01:58,Lab 301,anomaly_suppressed_cooldown,,
2026-06-30 16:01:58,Lab 301,anomaly_suppressed_cooldown,,
2026-06-30 16:01:58,Lab 302,anomaly_suppressed_cooldown,,
2026-06-30 16:01:58,Lab 301,anomaly_suppressed_cooldown,,
2026-06-30 16:01:58,Lab 301,anomaly_suppressed_cooldown,,
2026-06-30 16:01:58,Lab 301,anomaly_suppressed_cooldown,,
2026-06-30 16:01:58,Lab 301,anomaly_suppressed_cooldown,,
2026-06-30 16:01:58,Lab 301,anomaly_suppressed_cooldown,,
2026-06-30 16:01:58,Lab 302,anomaly_suppressed_cooldown,,
2026-06-30 16:01:58,Lab 301,anomaly_suppressed_cooldown,,
2026-06-30 16:01:58,Lab 302,anomaly_suppressed_cooldown,,
2026-06-30 16:01:58,Lab 301,anomaly_suppressed_cooldown,,
2026-06-30 16:01:58,Lab 302,anomaly_suppressed_cooldown,,
2026-06-30 16:01:58,Lab 301,anomaly_suppressed_cooldown,,
2026-06-30 16:01:58,Lab 301,anomaly_suppressed_cooldown,,
2026-06-30 16:01:58,Lab 301,anomaly_suppressed_cooldown,,
2026-06-30 16:01:58,Lab 301,anomaly_suppressed_cooldown,,
2026-06-30 16:01:58,Lab 302,anomaly_suppressed_cooldown,,
2026-06-30 16:01:58,Lab 301,anomaly_suppressed_cooldown,,
2026-06-30 16:01:58,Lab 301,anomaly_suppressed_cooldown,,
2026-06-30 16:01:58,Lab 302,anomaly_suppressed_cooldown,,
2026-06-30 16:01:58,Lab 301,anomaly_suppressed_cooldown,,
2026-06-30 16:01:58,Lab 301,anomaly_suppressed_cooldown,,
2026-06-30 16:01:58,Lab 301,anomaly_suppressed_cooldown,,
2026-06-30 16:01:58,Lab 301,anomaly_suppressed_cooldown,,
2026-06-30 16:01:58,Lab 302,anomaly_suppressed_cooldown,,
2026-06-30 16:01:58,Lab 301,anomaly_suppressed_cooldown,,
2026-06-30 16:01:58,Lab 302,anomaly_suppressed_cooldown,,
2026-06-30 16:01:58,Lab 301,anomaly_suppressed_cooldown,,
2026-06-30 16:01:58,Lab 302,anomaly_suppressed_cooldown,,
2026-06-30 16:01:58,Lab 301,anomaly_suppressed_cooldown,,
2026-06-30 16:01:58,Lab 302,anomaly_suppressed_cooldown,,
2026-06-30 16:01:58,Lab 301,anomaly_suppressed_cooldown,,
2026-06-30 16:01:58,Lab 302,anomaly_suppressed_cooldown,,
2026-06-30 16:01:58,Lab 301,anomaly_suppressed_cooldown,,
2026-06-30 16:01:58,Lab 301,anomaly_suppressed_cooldown,,
2026-06-30 16:01:58,Lab 302,anomaly_suppressed_cooldown,,
2026-06-30 16:01:58,Lab 301,anomaly_suppressed_cooldown,,
2026-06-30 16:01:58,Lab 302,anomaly_suppressed_cooldown,,
2026-06-30 16:01:58,Lab 301,anomaly_suppressed_cooldown,,
2026-06-30 16:01:58,Lab 302,anomaly_suppressed_cooldown,,
2026-06-30 16:01:58,Lab 301,anomaly_suppressed_cooldown,,
2026-06-30 16:01:58,Lab 302,anomaly_suppressed_cooldown,,
2026-06-30 16:01:58,Lab 301,anomaly_suppressed_cooldown,,
2026-06-30 16:01:58,Lab 302,anomaly_suppressed_cooldown,,
2026-06-30 16:01:58,Lab 301,anomaly_suppressed_cooldown,,
2026-06-30 16:01:58,Lab 302,anomaly_suppressed_cooldown,,
2026-06-30 16:01:58,Lab 301,anomaly_suppressed_cooldown,,
2026-06-30 16:01:58,Lab 302,anomaly_suppressed_cooldown,,
2026-06-30 16:01:58,Lab 301,anomaly_suppressed_cooldown,,
2026-06-30 16:01:58,Lab 302,anomaly_suppressed_cooldown,,
2026-06-30 16:01:58,Lab 302,anomaly_suppressed_cooldown,,
2026-06-30 16:01:58,Lab 302,anomaly_suppressed_cooldown,,
2026-06-30 16:01:58,Lab 301,anomaly_suppressed_cooldown,,
2026-06-30 16:01:58,Lab 302,anomaly_suppressed_cooldown,,
2026-06-30 16:01:58,Lab 302,anomaly_suppressed_cooldown,,
2026-06-30 16:01:59,Lab 301,anomaly_suppressed_cooldown,,
2026-06-30 16:01:59,Lab 302,anomaly_suppressed_cooldown,,
2026-06-30 16:01:59,Lab 301,anomaly_suppressed_cooldown,,
2026-06-30 16:01:59,Lab 302,anomaly_suppressed_cooldown,,
2026-06-30 16:01:59,Lab 301,anomaly_suppressed_cooldown,,
2026-06-30 16:01:59,Lab 302,anomaly_suppressed_cooldown,,
2026-06-30 16:01:59,Lab 301,anomaly_suppressed_cooldown,,
2026-06-30 16:01:59,Lab 302,anomaly_suppressed_cooldown,,
2026-06-30 16:01:59,Lab 301,anomaly_suppressed_cooldown,,
2026-06-30 16:01:59,Lab 302,anomaly_suppressed_cooldown,,
2026-06-30 16:01:59,Lab 301,anomaly_suppressed_cooldown,,
2026-06-30 16:01:59,Lab 302,anomaly_suppressed_cooldown,,
2026-06-30 16:01:59,Lab 301,anomaly_suppressed_cooldown,,
2026-06-30 16:01:59,Lab 302,anomaly_suppressed_cooldown,,
2026-06-30 16:01:59,Lab 301,anomaly_suppressed_cooldown,,
2026-06-30 16:01:59,Lab 302,anomaly_suppressed_cooldown,,
2026-06-30 16:01:59,Lab 301,anomaly_suppressed_cooldown,,
2026-06-30 16:01:59,Lab 302,anomaly_suppressed_cooldown,,
2026-06-30 16:01:59,Lab 301,anomaly_suppressed_cooldown,,
2026-06-30 16:01:59,Lab 302,anomaly_suppressed_cooldown,,
2026-06-30 16:01:59,Lab 301,anomaly_suppressed_cooldown,,
2026-06-30 16:01:59,Lab 302,anomaly_suppressed_cooldown,,
2026-06-30 16:01:59,Lab 301,anomaly_suppressed_cooldown,,
2026-06-30 16:01:59,Lab 301,anomaly_suppressed_cooldown,,
2026-06-30 16:01:59,Lab 301,anomaly_suppressed_cooldown,,
2026-06-30 16:01:59,Lab 302,anomaly_suppressed_cooldown,,
2026-06-30 16:01:59,Lab 301,anomaly_suppressed_cooldown,,
2026-06-30 16:01:59,Lab 301,anomaly_suppressed_cooldown,,
2026-06-30 16:01:59,Lab 302,anomaly_suppressed_cooldown,,
2026-06-30 16:01:59,Lab 302,anomaly_suppressed_cooldown,,
2026-06-30 16:01:59,Lab 301,anomaly_suppressed_cooldown,,
2026-06-30 16:01:59,Lab 302,anomaly_suppressed_cooldown,,
2026-06-30 16:01:59,Lab 302,anomaly_suppressed_cooldown,,
2026-06-30 16:02:00,Lab 302,anomaly_suppressed_cooldown,,
2026-06-30 16:02:00,Lab 301,anomaly_suppressed_cooldown,,
2026-06-30 16:02:00,Lab 302,anomaly_suppressed_cooldown,,
2026-06-30 16:02:00,Lab 302,anomaly_suppressed_cooldown,,
2026-06-30 16:02:00,Lab 301,anomaly_suppressed_cooldown,,
2026-06-30 16:02:00,Lab 302,anomaly_suppressed_cooldown,,
2026-06-30 16:02:00,Lab 302,anomaly_suppressed_cooldown,,
2026-06-30 16:02:00,Lab 301,anomaly_suppressed_cooldown,,
2026-06-30 16:02:00,Lab 301,anomaly_suppressed_cooldown,,
2026-06-30 16:02:00,Lab 302,anomaly_suppressed_cooldown,,
2026-06-30 16:02:00,Lab 301,anomaly_suppressed_cooldown,,
2026-06-30 16:02:00,Lab 301,anomaly_suppressed_cooldown,,
2026-06-30 16:02:00,Lab 302,anomaly_suppressed_cooldown,,
2026-06-30 16:02:00,Lab 301,anomaly_suppressed_cooldown,,
2026-06-30 16:02:00,Lab 302,anomaly_suppressed_cooldown,,
2026-06-30 16:02:00,Lab 301,anomaly_suppressed_cooldown,,
2026-06-30 16:02:00,Lab 301,anomaly_suppressed_cooldown,,
2026-06-30 16:02:00,Lab 301,anomaly_suppressed_cooldown,,
2026-06-30 16:02:00,Lab 302,anomaly_suppressed_cooldown,,
2026-06-30 16:02:00,Lab 301,anomaly_suppressed_cooldown,,
2026-06-30 16:02:00,Lab 302,anomaly_suppressed_cooldown,,
2026-06-30 16:02:00,Lab 302,anomaly_suppressed_cooldown,,
2026-06-30 16:02:00,Lab 302,anomaly_suppressed_cooldown,,
2026-06-30 16:02:00,Lab 301,anomaly_suppressed_cooldown,,
2026-06-30 16:02:00,Lab 302,anomaly_suppressed_cooldown,,
2026-06-30 16:02:00,Lab 302,anomaly_suppressed_cooldown,,
2026-06-30 16:02:00,Lab 302,anomaly_suppressed_cooldown,,
2026-06-30 16:02:00,Lab 302,anomaly_suppressed_cooldown,,
2026-06-30 16:02:00,Lab 301,anomaly_suppressed_cooldown,,
2026-06-30 16:02:00,Lab 302,anomaly_suppressed_cooldown,,
2026-06-30 16:02:00,Lab 301,anomaly_suppressed_cooldown,,
2026-06-30 16:02:00,Lab 302,anomaly_suppressed_cooldown,,
2026-06-30 16:02:00,Lab 302,anomaly_suppressed_cooldown,,
2026-06-30 16:02:00,Lab 301,anomaly_suppressed_cooldown,,
2026-06-30 16:02:00,Lab 301,anomaly_suppressed_cooldown,,
2026-06-30 16:02:00,Lab 302,anomaly_suppressed_cooldown,,
2026-06-30 16:02:00,Lab 301,anomaly_suppressed_cooldown,,
2026-06-30 16:02:00,Lab 301,anomaly_suppressed_cooldown,,
2026-06-30 16:02:01,Lab 301,anomaly_suppressed_cooldown,,
2026-06-30 16:02:01,Lab 302,anomaly_suppressed_cooldown,,
2026-06-30 16:02:01,Lab 301,anomaly_suppressed_cooldown,,
2026-06-30 16:02:01,Lab 301,anomaly_suppressed_cooldown,,
2026-06-30 16:02:01,Lab 302,anomaly_suppressed_cooldown,,
2026-06-30 16:02:01,Lab 301,anomaly_suppressed_cooldown,,
2026-06-30 16:02:01,Lab 302,anomaly_suppressed_cooldown,,
2026-06-30 16:02:01,Lab 301,anomaly_suppressed_cooldown,,
2026-06-30 16:02:01,Lab 302,anomaly_suppressed_cooldown,,
2026-06-30 16:02:01,Lab 301,anomaly_suppressed_cooldown,,
2026-06-30 16:02:01,Lab 301,anomaly_suppressed_cooldown,,
2026-06-30 16:02:01,Lab 302,anomaly_suppressed_cooldown,,
2026-06-30 16:02:01,Lab 301,anomaly_suppressed_cooldown,,
2026-06-30 16:02:01,Lab 301,anomaly_suppressed_cooldown,,
2026-06-30 16:02:01,Lab 302,anomaly_suppressed_cooldown,,
2026-06-30 16:02:01,Lab 301,anomaly_suppressed_cooldown,,
2026-06-30 16:02:01,Lab 301,anomaly_suppressed_cooldown,,
2026-06-30 16:02:01,Lab 301,anomaly_suppressed_cooldown,,
2026-06-30 16:02:01,Lab 301,anomaly_suppressed_cooldown,,
2026-06-30 16:02:01,Lab 301,anomaly_suppressed_cooldown,,
2026-06-30 16:02:01,Lab 302,anomaly_suppressed_cooldown,,
2026-06-30 16:02:01,Lab 301,anomaly_suppressed_cooldown,,
2026-06-30 16:02:01,Lab 302,anomaly_suppressed_cooldown,,
2026-06-30 16:02:01,Lab 301,anomaly_suppressed_cooldown,,
2026-06-30 16:02:01,Lab 301,anomaly_suppressed_cooldown,,
2026-06-30 16:02:01,Lab 301,anomaly_suppressed_cooldown,,
2026-06-30 16:02:01,Lab 302,anomaly_suppressed_cooldown,,
2026-06-30 16:02:01,Lab 301,anomaly_suppressed_cooldown,,
2026-06-30 16:02:01,Lab 301,anomaly_suppressed_cooldown,,
2026-06-30 16:02:01,Lab 301,anomaly_suppressed_cooldown,,
2026-06-30 16:02:01,Lab 301,anomaly_suppressed_cooldown,,
2026-06-30 16:02:01,Lab 302,anomaly_suppressed_cooldown,,
2026-06-30 16:02:01,Lab 301,anomaly_suppressed_cooldown,,
2026-06-30 16:02:01,Lab 302,anomaly_suppressed_cooldown,,
2026-06-30 16:02:01,Lab 301,anomaly_suppressed_cooldown,,
2026-06-30 16:02:01,Lab 301,anomaly_suppressed_cooldown,,
2026-06-30 16:02:01,Lab 302,anomaly_suppressed_cooldown,,
2026-06-30 16:02:01,Lab 301,anomaly_suppressed_cooldown,,
2026-06-30 16:02:01,Lab 301,anomaly_suppressed_cooldown,,
2026-06-30 16:02:01,Lab 301,anomaly_suppressed_cooldown,,
2026-06-30 16:02:01,Lab 301,anomaly_suppressed_cooldown,,
2026-06-30 16:02:01,Lab 301,anomaly_suppressed_cooldown,,
2026-06-30 16:02:01,Lab 302,anomaly_suppressed_cooldown,,
2026-06-30 16:02:01,Lab 301,anomaly_suppressed_cooldown,,
2026-06-30 16:02:02,Lab 301,anomaly_suppressed_cooldown,,
2026-06-30 16:02:02,Lab 302,anomaly_suppressed_cooldown,,
2026-06-30 16:02:02,Lab 301,anomaly_suppressed_cooldown,,
2026-06-30 16:02:02,Lab 302,anomaly_suppressed_cooldown,,
2026-06-30 16:02:02,Lab 301,anomaly_suppressed_cooldown,,
2026-06-30 16:02:02,Lab 302,anomaly_suppressed_cooldown,,
2026-06-30 16:02:02,Lab 301,anomaly_suppressed_cooldown,,
2026-06-30 16:02:02,Lab 302,anomaly_suppressed_cooldown,,
2026-06-30 16:02:02,Lab 302,anomaly_suppressed_cooldown,,
2026-06-30 16:02:02,Lab 301,anomaly_suppressed_cooldown,,
2026-06-30 16:02:02,Lab 302,anomaly_suppressed_cooldown,,
2026-06-30 16:02:02,Lab 301,anomaly_suppressed_cooldown,,
2026-06-30 16:02:02,Lab 302,anomaly_suppressed_cooldown,,
2026-06-30 16:02:02,Lab 301,anomaly_suppressed_cooldown,,
2026-06-30 16:02:02,Lab 302,anomaly_suppressed_cooldown,,
2026-06-30 16:02:02,Lab 301,anomaly_suppressed_cooldown,,
2026-06-30 16:02:02,Lab 301,anomaly_suppressed_cooldown,,
2026-06-30 16:02:02,Lab 302,anomaly_suppressed_cooldown,,
2026-06-30 16:02:02,Lab 301,anomaly_suppressed_cooldown,,
2026-06-30 16:02:02,Lab 302,anomaly_suppressed_cooldown,,
2026-06-30 16:02:02,Lab 302,anomaly_suppressed_cooldown,,
2026-06-30 16:02:02,Lab 301,anomaly_suppressed_cooldown,,
2026-06-30 16:02:02,Lab 302,anomaly_suppressed_cooldown,,
2026-06-30 16:02:02,Lab 302,anomaly_suppressed_cooldown,,
2026-06-30 16:02:02,Lab 301,anomaly_suppressed_cooldown,,
2026-06-30 16:02:02,Lab 302,anomaly_suppressed_cooldown,,
2026-06-30 16:02:02,Lab 301,anomaly_suppressed_cooldown,,
2026-06-30 16:02:02,Lab 302,anomaly_suppressed_cooldown,,
2026-06-30 16:02:02,Lab 301,anomaly_suppressed_cooldown,,
2026-06-30 16:02:02,Lab 302,anomaly_suppressed_cooldown,,
2026-06-30 16:02:02,Lab 301,anomaly_suppressed_cooldown,,
2026-06-30 16:02:02,Lab 302,anomaly_suppressed_cooldown,,
2026-06-30 16:02:02,Lab 302,anomaly_suppressed_cooldown,,
2026-06-30 16:02:02,Lab 301,anomaly_suppressed_cooldown,,
2026-06-30 16:02:02,Lab 301,anomaly_suppressed_cooldown,,
2026-06-30 16:02:02,Lab 302,anomaly_suppressed_cooldown,,
2026-06-30 16:02:02,Lab 301,anomaly_suppressed_cooldown,,
2026-06-30 16:02:02,Lab 301,anomaly_suppressed_cooldown,,
2026-06-30 16:02:03,Lab 302,anomaly_suppressed_cooldown,,
2026-06-30 16:02:03,Lab 301,anomaly_suppressed_cooldown,,
2026-06-30 16:02:03,Lab 302,anomaly_suppressed_cooldown,,
2026-06-30 16:02:03,Lab 302,anomaly_suppressed_cooldown,,
2026-06-30 16:02:03,Lab 301,anomaly_suppressed_cooldown,,
2026-06-30 16:02:03,Lab 302,anomaly_suppressed_cooldown,,
2026-06-30 16:02:03,Lab 301,anomaly_suppressed_cooldown,,
2026-06-30 16:02:03,Lab 302,anomaly_suppressed_cooldown,,
2026-06-30 16:02:03,Lab 301,anomaly_suppressed_cooldown,,
2026-06-30 16:02:03,Lab 301,anomaly_suppressed_cooldown,,
2026-06-30 16:02:03,Lab 302,anomaly_suppressed_cooldown,,
2026-06-30 16:02:03,Lab 301,anomaly_suppressed_cooldown,,
2026-06-30 16:02:03,Lab 302,anomaly_suppressed_cooldown,,
2026-06-30 16:02:03,Lab 301,anomaly_suppressed_cooldown,,
2026-06-30 16:02:03,Lab 301,anomaly_suppressed_cooldown,,
2026-06-30 16:02:03,Lab 302,anomaly_suppressed_cooldown,,
2026-06-30 16:02:03,Lab 301,anomaly_suppressed_cooldown,,
2026-06-30 16:02:03,Lab 302,anomaly_suppressed_cooldown,,
2026-06-30 16:02:03,Lab 301,anomaly_suppressed_cooldown,,
2026-06-30 16:02:03,Lab 302,anomaly_suppressed_cooldown,,
2026-06-30 16:02:03,Lab 301,anomaly_suppressed_cooldown,,
2026-06-30 16:02:03,Lab 302,anomaly_suppressed_cooldown,,
2026-06-30 16:02:03,Lab 301,anomaly_suppressed_cooldown,,
2026-06-30 16:02:03,Lab 302,anomaly_suppressed_cooldown,,
2026-06-30 16:02:03,Lab 301,anomaly_suppressed_cooldown,,
2026-06-30 16:02:03,Lab 301,anomaly_suppressed_cooldown,,
2026-06-30 16:02:03,Lab 302,anomaly_suppressed_cooldown,,
2026-06-30 16:02:03,Lab 301,anomaly_suppressed_cooldown,,
2026-06-30 16:02:03,Lab 302,anomaly_suppressed_cooldown,,
2026-06-30 16:02:03,Lab 301,anomaly_suppressed_cooldown,,
2026-06-30 16:02:03,Lab 302,anomaly_suppressed_cooldown,,
2026-06-30 16:02:03,Lab 302,anomaly_suppressed_cooldown,,
2026-06-30 16:02:03,Lab 302,anomaly_suppressed_cooldown,,
2026-06-30 16:02:03,Lab 302,anomaly_suppressed_cooldown,,
2026-06-30 16:02:03,Lab 301,anomaly_suppressed_cooldown,,
2026-06-30 16:02:03,Lab 302,anomaly_suppressed_cooldown,,
2026-06-30 16:02:03,Lab 301,anomaly_suppressed_cooldown,,
2026-06-30 16:02:03,Lab 302,anomaly_suppressed_cooldown,,
2026-06-30 16:02:03,Lab 301,anomaly_suppressed_cooldown,,
2026-06-30 16:02:03,Lab 302,anomaly_suppressed_cooldown,,
2026-06-30 16:02:03,Lab 302,anomaly_suppressed_cooldown,,
2026-06-30 16:02:04,Lab 302,anomaly_suppressed_cooldown,,
2026-06-30 16:02:04,Lab 302,anomaly_suppressed_cooldown,,
2026-06-30 16:02:04,Lab 301,anomaly_suppressed_cooldown,,
2026-06-30 16:02:04,Lab 302,anomaly_suppressed_cooldown,,
2026-06-30 16:02:04,Lab 302,anomaly_suppressed_cooldown,,
2026-06-30 16:02:04,Lab 302,anomaly_suppressed_cooldown,,
2026-06-30 16:02:04,Lab 302,anomaly_suppressed_cooldown,,
2026-06-30 16:02:04,Lab 301,anomaly_suppressed_cooldown,,
2026-06-30 16:02:04,Lab 302,anomaly_suppressed_cooldown,,
2026-06-30 16:02:04,Lab 302,anomaly_suppressed_cooldown,,
2026-06-30 16:02:04,Lab 302,anomaly_suppressed_cooldown,,
2026-06-30 16:02:04,Lab 302,anomaly_suppressed_cooldown,,
2026-06-30 16:02:04,Lab 301,anomaly_suppressed_cooldown,,
2026-06-30 16:02:04,Lab 302,anomaly_suppressed_cooldown,,
2026-06-30 16:02:04,Lab 302,anomaly_suppressed_cooldown,,
2026-06-30 16:02:04,Lab 301,anomaly_suppressed_cooldown,,
2026-06-30 16:02:04,Lab 302,anomaly_suppressed_cooldown,,
2026-06-30 16:02:04,Lab 302,anomaly_suppressed_cooldown,,
2026-06-30 16:02:04,Lab 302,anomaly_suppressed_cooldown,,
2026-06-30 16:02:04,Lab 302,anomaly_suppressed_cooldown,,
2026-06-30 16:02:04,Lab 302,anomaly_suppressed_cooldown,,
2026-06-30 16:02:04,Lab 301,anomaly_suppressed_cooldown,,
2026-06-30 16:02:04,Lab 302,anomaly_suppressed_cooldown,,
2026-06-30 16:02:04,Lab 302,anomaly_suppressed_cooldown,,
2026-06-30 16:02:04,Lab 302,anomaly_suppressed_cooldown,,
2026-06-30 16:02:04,Lab 302,anomaly_suppressed_cooldown,,
2026-06-30 16:02:04,Lab 302,anomaly_suppressed_cooldown,,
2026-06-30 16:02:04,Lab 301,anomaly_suppressed_cooldown,,
2026-06-30 16:02:04,Lab 302,anomaly_suppressed_cooldown,,
2026-06-30 16:02:04,Lab 302,anomaly_suppressed_cooldown,,
2026-06-30 16:02:04,Lab 301,anomaly_suppressed_cooldown,,
2026-06-30 16:02:04,Lab 302,anomaly_suppressed_cooldown,,
2026-06-30 16:02:04,Lab 302,anomaly_suppressed_cooldown,,
2026-06-30 16:02:04,Lab 301,anomaly_suppressed_cooldown,,
2026-06-30 16:02:04,Lab 301,anomaly_suppressed_cooldown,,
2026-06-30 16:02:04,Lab 302,anomaly_suppressed_cooldown,,
2026-06-30 16:02:04,Lab 301,anomaly_suppressed_cooldown,,
2026-06-30 16:02:04,Lab 302,anomaly_suppressed_cooldown,,
2026-06-30 16:02:04,Lab 301,anomaly_suppressed_cooldown,,
2026-06-30 16:02:05,Lab 301,anomaly_suppressed_cooldown,,
2026-06-30 16:02:05,Lab 302,anomaly_suppressed_cooldown,,
2026-06-30 16:02:05,Lab 301,anomaly_suppressed_cooldown,,
2026-06-30 16:02:05,Lab 302,anomaly_suppressed_cooldown,,
2026-06-30 16:02:05,Lab 301,anomaly_suppressed_cooldown,,
2026-06-30 16:02:05,Lab 302,anomaly_suppressed_cooldown,,
2026-06-30 16:02:05,Lab 301,anomaly_suppressed_cooldown,,
2026-06-30 16:02:05,Lab 302,anomaly_suppressed_cooldown,,
2026-06-30 16:02:05,Lab 301,anomaly_suppressed_cooldown,,
2026-06-30 16:02:05,Lab 301,anomaly_suppressed_cooldown,,
2026-06-30 16:02:05,Lab 302,anomaly_suppressed_cooldown,,
2026-06-30 16:02:05,Lab 302,anomaly_suppressed_cooldown,,
2026-06-30 16:02:05,Lab 301,anomaly_suppressed_cooldown,,
2026-06-30 16:02:05,Lab 302,anomaly_suppressed_cooldown,,
2026-06-30 16:02:05,Lab 302,anomaly_suppressed_cooldown,,
2026-06-30 16:02:05,Lab 301,anomaly_suppressed_cooldown,,
2026-06-30 16:02:05,Lab 302,anomaly_suppressed_cooldown,,
2026-06-30 16:02:05,Lab 301,anomaly_suppressed_cooldown,,
2026-06-30 16:02:06,Lab 302,anomaly_suppressed_cooldown,,
2026-06-30 16:02:06,Lab 301,anomaly_suppressed_cooldown,,
2026-06-30 16:02:06,Lab 302,anomaly_suppressed_cooldown,,
2026-06-30 16:02:06,Lab 301,anomaly_suppressed_cooldown,,
2026-06-30 16:02:06,Lab 302,anomaly_suppressed_cooldown,,
2026-06-30 16:02:06,Lab 302,anomaly_suppressed_cooldown,,
2026-06-30 16:02:06,Lab 302,anomaly_suppressed_cooldown,,
2026-06-30 16:02:06,Lab 301,anomaly_suppressed_cooldown,,
2026-06-30 16:02:06,Lab 301,anomaly_suppressed_cooldown,,
2026-06-30 16:02:06,Lab 302,anomaly_suppressed_cooldown,,
2026-06-30 16:02:06,Lab 302,anomaly_suppressed_cooldown,,
2026-06-30 16:02:06,Lab 302,anomaly_suppressed_cooldown,,
2026-06-30 16:02:06,Lab 301,anomaly_suppressed_cooldown,,
2026-06-30 16:02:06,Lab 302,anomaly_suppressed_cooldown,,
2026-06-30 16:02:07,Lab 302,anomaly_suppressed_cooldown,,
2026-06-30 16:02:07,Lab 301,anomaly_suppressed_cooldown,,
2026-06-30 16:02:07,Lab 301,anomaly_suppressed_cooldown,,
2026-06-30 16:02:07,Lab 302,anomaly_suppressed_cooldown,,
2026-06-30 16:02:07,Lab 302,anomaly_suppressed_cooldown,,
2026-06-30 16:02:07,Lab 301,anomaly_suppressed_cooldown,,
2026-06-30 16:02:07,Lab 302,anomaly_suppressed_cooldown,,
2026-06-30 16:02:07,Lab 302,anomaly_suppressed_cooldown,,
2026-06-30 16:02:07,Lab 301,anomaly_suppressed_cooldown,,
2026-06-30 16:02:07,Lab 302,anomaly_suppressed_cooldown,,
2026-06-30 16:02:07,Lab 302,anomaly_suppressed_cooldown,,
2026-06-30 16:02:07,Lab 301,anomaly_suppressed_cooldown,,
2026-06-30 16:02:07,Lab 302,anomaly_suppressed_cooldown,,
2026-06-30 16:02:07,Lab 301,anomaly_suppressed_cooldown,,
2026-06-30 16:02:07,Lab 302,anomaly_suppressed_cooldown,,
2026-06-30 16:02:07,Lab 301,anomaly_suppressed_cooldown,,
2026-06-30 16:02:07,Lab 302,anomaly_suppressed_cooldown,,
2026-06-30 16:02:07,Lab 301,anomaly_suppressed_cooldown,,
2026-06-30 16:02:08,Lab 302,anomaly_suppressed_cooldown,,
2026-06-30 16:02:08,Lab 301,anomaly_suppressed_cooldown,,
2026-06-30 16:02:08,Lab 301,anomaly_suppressed_cooldown,,
2026-06-30 16:02:08,Lab 302,anomaly_suppressed_cooldown,,
2026-06-30 16:02:08,Lab 302,anomaly_suppressed_cooldown,,
2026-06-30 16:02:08,Lab 301,anomaly_suppressed_cooldown,,
2026-06-30 16:02:08,Lab 302,anomaly_suppressed_cooldown,,
2026-06-30 16:02:08,Lab 302,anomaly_suppressed_cooldown,,
2026-06-30 16:02:08,Lab 301,anomaly_suppressed_cooldown,,
2026-06-30 16:02:08,Lab 302,anomaly_suppressed_cooldown,,
2026-06-30 16:02:08,Lab 301,anomaly_suppressed_cooldown,,
2026-06-30 16:02:08,Lab 302,anomaly_suppressed_cooldown,,
2026-06-30 16:02:08,Lab 302,anomaly_suppressed_cooldown,,
2026-06-30 16:02:08,Lab 301,anomaly_suppressed_cooldown,,
2026-06-30 16:02:08,Lab 302,anomaly_suppressed_cooldown,,
2026-06-30 16:02:08,Lab 301,anomaly_suppressed_cooldown,,
2026-06-30 16:02:08,Lab 302,anomaly_suppressed_cooldown,,
2026-06-30 16:02:08,Lab 301,anomaly_suppressed_cooldown,,
2026-06-30 16:02:08,Lab 302,anomaly_suppressed_cooldown,,
2026-06-30 16:02:08,Lab 302,anomaly_suppressed_cooldown,,
2026-06-30 16:02:08,Lab 301,anomaly_suppressed_cooldown,,
2026-06-30 16:02:08,Lab 302,anomaly_suppressed_cooldown,,
2026-06-30 16:02:08,Lab 301,anomaly_suppressed_cooldown,,
2026-06-30 16:02:08,Lab 301,anomaly_suppressed_cooldown,,
2026-06-30 16:02:08,Lab 302,anomaly_suppressed_cooldown,,
2026-06-30 16:02:09,Lab 302,anomaly_suppressed_cooldown,,
2026-06-30 16:02:09,Lab 302,anomaly_suppressed_cooldown,,
2026-06-30 16:02:09,Lab 302,anomaly_suppressed_cooldown,,
2026-06-30 16:02:09,Lab 302,anomaly_suppressed_cooldown,,
2026-06-30 16:02:09,Lab 302,anomaly_suppressed_cooldown,,
2026-06-30 16:02:09,Lab 302,anomaly_suppressed_cooldown,,
2026-06-30 16:02:09,Lab 302,anomaly_suppressed_cooldown,,
2026-06-30 16:02:09,Lab 302,anomaly_suppressed_cooldown,,
2026-06-30 16:02:09,Lab 302,anomaly_suppressed_cooldown,,
2026-06-30 16:02:09,Lab 302,anomaly_suppressed_cooldown,,
2026-06-30 16:02:09,Lab 302,anomaly_suppressed_cooldown,,
2026-06-30 16:02:09,Lab 302,anomaly_suppressed_cooldown,,
2026-06-30 16:02:09,Lab 302,anomaly_suppressed_cooldown,,
2026-06-30 16:02:09,Lab 302,anomaly_suppressed_cooldown,,
2026-06-30 16:02:09,Lab 302,anomaly_suppressed_cooldown,,
2026-06-30 16:02:09,Lab 302,anomaly_suppressed_cooldown,,
2026-06-30 16:02:09,Lab 302,anomaly_suppressed_cooldown,,
2026-06-30 16:02:09,Lab 302,anomaly_suppressed_cooldown,,
2026-06-30 16:02:09,Lab 302,anomaly_suppressed_cooldown,,
2026-06-30 16:02:09,Lab 302,anomaly_suppressed_cooldown,,
2026-06-30 16:02:09,Lab 302,anomaly_suppressed_cooldown,,
2026-06-30 16:02:10,Lab 302,anomaly_suppressed_cooldown,,
2026-06-30 16:02:10,Lab 302,anomaly_suppressed_cooldown,,
2026-06-30 16:02:10,Lab 302,anomaly_suppressed_cooldown,,
2026-06-30 16:02:10,Lab 302,anomaly_suppressed_cooldown,,
2026-06-30 16:02:10,Lab 302,anomaly_suppressed_cooldown,,
2026-06-30 16:02:10,Lab 302,anomaly_suppressed_cooldown,,
2026-06-30 16:02:10,Lab 302,anomaly_suppressed_cooldown,,
2026-06-30 16:02:10,Lab 302,anomaly_suppressed_cooldown,,
2026-06-30 16:02:10,Lab 302,anomaly_suppressed_cooldown,,
2026-06-30 16:02:10,Lab 302,anomaly_suppressed_cooldown,,
2026-06-30 16:02:10,Lab 302,anomaly_suppressed_cooldown,,
2026-06-30 16:02:10,Lab 302,anomaly_suppressed_cooldown,,
2026-06-30 16:02:10,Lab 302,anomaly_suppressed_cooldown,,
2026-06-30 16:02:10,Lab 302,anomaly_suppressed_cooldown,,
2026-06-30 16:02:10,Lab 302,anomaly_suppressed_cooldown,,
2026-06-30 16:02:10,Lab 302,anomaly_suppressed_cooldown,,
2026-06-30 16:02:10,Lab 302,anomaly_suppressed_cooldown,,
2026-06-30 16:02:10,Lab 302,anomaly_suppressed_cooldown,,
2026-06-30 16:02:10,Lab 302,anomaly_suppressed_cooldown,,
2026-06-30 16:02:10,Lab 302,anomaly_suppressed_cooldown,,
2026-06-30 16:02:10,Lab 302,anomaly_suppressed_cooldown,,
2026-06-30 16:02:10,Lab 302,anomaly_suppressed_cooldown,,
2026-06-30 16:02:10,Lab 302,anomaly_suppressed_cooldown,,
2026-06-30 16:02:10,Lab 302,anomaly_suppressed_cooldown,,
2026-06-30 16:02:11,Lab 302,anomaly_suppressed_cooldown,,
2026-06-30 16:02:11,Lab 302,anomaly_suppressed_cooldown,,
2026-06-30 16:02:11,Lab 302,anomaly_suppressed_cooldown,,
2026-06-30 16:02:11,Lab 302,anomaly_suppressed_cooldown,,
2026-06-30 16:02:11,Lab 302,anomaly_suppressed_cooldown,,
2026-06-30 16:02:11,Lab 302,anomaly_suppressed_cooldown,,
2026-06-30 16:02:11,Lab 302,anomaly_suppressed_cooldown,,
2026-06-30 16:02:11,Lab 302,anomaly_suppressed_cooldown,,
2026-06-30 16:02:11,Lab 302,anomaly_suppressed_cooldown,,
2026-06-30 16:02:11,Lab 302,anomaly_suppressed_cooldown,,
2026-06-30 16:02:11,Lab 302,anomaly_suppressed_cooldown,,
2026-06-30 16:02:11,Lab 302,anomaly_suppressed_cooldown,,
2026-06-30 16:02:11,Lab 302,anomaly_suppressed_cooldown,,
2026-06-30 16:02:11,Lab 302,anomaly_suppressed_cooldown,,
2026-06-30 16:02:11,Lab 302,anomaly_suppressed_cooldown,,
2026-06-30 16:02:11,Lab 302,anomaly_suppressed_cooldown,,
2026-06-30 16:02:11,Lab 302,anomaly_suppressed_cooldown,,
2026-06-30 16:02:11,Lab 302,anomaly_suppressed_cooldown,,
2026-06-30 16:02:11,Lab 302,anomaly_suppressed_cooldown,,
2026-06-30 16:02:11,Lab 302,anomaly_suppressed_cooldown,,
2026-06-30 16:02:11,Lab 302,anomaly_suppressed_cooldown,,
2026-06-30 16:02:11,Lab 302,anomaly_suppressed_cooldown,,
2026-06-30 16:02:11,Lab 302,anomaly_suppressed_cooldown,,
2026-06-30 16:02:11,Lab 302,anomaly_suppressed_cooldown,,
2026-06-30 16:02:11,Lab 302,anomaly_suppressed_cooldown,,
2026-06-30 16:04:59,Lab 301,anomaly,,snapshots\Lab_301_20260630_160459.jpg
2026-06-30 16:04:59,Lab 301,anomaly_suppressed_cooldown,,
2026-06-30 16:04:59,Lab 301,anomaly_suppressed_cooldown,,
2026-06-30 16:04:59,Lab 301,anomaly_suppressed_cooldown,,
2026-06-30 16:04:59,Lab 301,anomaly_suppressed_cooldown,,
2026-06-30 16:04:59,Lab 301,anomaly_suppressed_cooldown,,
2026-06-30 16:04:59,Lab 301,anomaly_suppressed_cooldown,,
2026-06-30 16:04:59,Lab 301,anomaly_suppressed_cooldown,,
2026-06-30 16:04:59,Lab 301,anomaly_suppressed_cooldown,,
2026-06-30 16:05:00,Lab 301,anomaly_suppressed_cooldown,,
2026-06-30 16:05:00,Lab 301,anomaly_suppressed_cooldown,,
2026-06-30 16:05:00,Lab 301,anomaly_suppressed_cooldown,,
2026-06-30 16:05:00,Lab 301,anomaly_suppressed_cooldown,,
2026-06-30 16:05:00,Lab 301,anomaly_suppressed_cooldown,,
2026-06-30 16:05:00,Lab 301,anomaly_suppressed_cooldown,,
2026-06-30 16:05:00,Lab 301,anomaly_suppressed_cooldown,,
2026-06-30 16:05:00,Lab 301,anomaly_suppressed_cooldown,,
2026-06-30 16:05:00,Lab 301,anomaly_suppressed_cooldown,,
2026-06-30 16:05:00,Lab 301,anomaly_suppressed_cooldown,,
2026-06-30 16:05:00,Lab 301,anomaly_suppressed_cooldown,,
2026-06-30 16:05:00,Lab 301,anomaly_suppressed_cooldown,,
2026-06-30 16:05:00,Lab 301,anomaly_suppressed_cooldown,,
2026-06-30 16:05:00,Lab 301,anomaly_suppressed_cooldown,,
2026-06-30 16:05:00,Lab 301,anomaly_suppressed_cooldown,,
2026-06-30 16:05:00,Lab 301,anomaly_suppressed_cooldown,,
2026-06-30 16:05:00,Lab 301,anomaly_suppressed_cooldown,,
2026-06-30 16:05:00,Lab 301,anomaly_suppressed_cooldown,,
2026-06-30 16:05:00,Lab 301,anomaly_suppressed_cooldown,,
2026-06-30 16:05:01,Lab 301,anomaly_suppressed_cooldown,,
2026-06-30 16:05:01,Lab 301,anomaly_suppressed_cooldown,,
2026-06-30 16:05:01,Lab 301,anomaly_suppressed_cooldown,,
2026-06-30 16:05:01,Lab 301,anomaly_suppressed_cooldown,,
2026-06-30 16:05:01,Lab 301,anomaly_suppressed_cooldown,,
2026-06-30 16:05:01,Lab 301,anomaly_suppressed_cooldown,,
2026-06-30 16:05:01,Lab 301,anomaly_suppressed_cooldown,,
2026-06-30 16:05:01,Lab 301,anomaly_suppressed_cooldown,,
2026-06-30 16:05:01,Lab 301,anomaly_suppressed_cooldown,,
2026-06-30 16:05:01,Lab 301,anomaly_suppressed_cooldown,,
2026-06-30 16:05:01,Lab 301,anomaly_suppressed_cooldown,,
2026-06-30 16:05:01,Lab 301,anomaly_suppressed_cooldown,,
2026-06-30 16:05:01,Lab 301,anomaly_suppressed_cooldown,,
2026-06-30 16:05:01,Lab 301,anomaly_suppressed_cooldown,,
2026-06-30 16:05:01,Lab 301,anomaly_suppressed_cooldown,,
2026-06-30 16:05:01,Lab 301,anomaly_suppressed_cooldown,,
2026-06-30 16:05:01,Lab 301,anomaly_suppressed_cooldown,,
2026-06-30 16:05:01,Lab 301,anomaly_suppressed_cooldown,,
2026-06-30 16:05:01,Lab 301,anomaly_suppressed_cooldown,,
2026-06-30 16:05:01,Lab 301,anomaly_suppressed_cooldown,,
2026-06-30 16:05:01,Lab 301,anomaly_suppressed_cooldown,,
2026-06-30 16:05:01,Lab 301,anomaly_suppressed_cooldown,,
2026-06-30 16:05:01,Lab 301,anomaly_suppressed_cooldown,,
2026-06-30 16:05:01,Lab 301,anomaly_suppressed_cooldown,,
2026-06-30 16:05:01,Lab 301,anomaly_suppressed_cooldown,,
2026-06-30 16:05:02,Lab 301,anomaly_suppressed_cooldown,,
2026-06-30 16:05:02,Lab 301,anomaly_suppressed_cooldown,,
2026-06-30 16:05:02,Lab 301,anomaly_suppressed_cooldown,,
2026-06-30 16:05:02,Lab 301,anomaly_suppressed_cooldown,,
2026-06-30 16:05:02,Lab 301,anomaly_suppressed_cooldown,,
2026-06-30 16:05:02,Lab 301,anomaly_suppressed_cooldown,,
2026-06-30 16:05:02,Lab 301,anomaly_suppressed_cooldown,,
2026-06-30 16:05:02,Lab 301,anomaly_suppressed_cooldown,,
2026-06-30 16:05:02,Lab 301,anomaly_suppressed_cooldown,,
2026-06-30 16:05:02,Lab 301,anomaly_suppressed_cooldown,,
2026-06-30 16:05:02,Lab 301,anomaly_suppressed_cooldown,,
2026-06-30 16:05:02,Lab 301,anomaly_suppressed_cooldown,,
2026-06-30 16:05:02,Lab 301,anomaly_suppressed_cooldown,,
2026-06-30 16:05:02,Lab 301,anomaly_suppressed_cooldown,,
2026-06-30 16:05:02,Lab 301,anomaly_suppressed_cooldown,,
2026-06-30 16:05:02,Lab 301,anomaly_suppressed_cooldown,,
2026-06-30 16:05:02,Lab 301,anomaly_suppressed_cooldown,,
2026-06-30 16:05:02,Lab 301,anomaly_suppressed_cooldown,,
2026-06-30 16:05:03,Lab 301,anomaly_suppressed_cooldown,,
2026-06-30 16:05:03,Lab 301,anomaly_suppressed_cooldown,,
2026-06-30 16:05:03,Lab 301,anomaly_suppressed_cooldown,,
2026-06-30 16:05:03,Lab 301,anomaly_suppressed_cooldown,,
2026-06-30 16:05:03,Lab 301,anomaly_suppressed_cooldown,,
2026-06-30 16:05:03,Lab 301,anomaly_suppressed_cooldown,,
2026-06-30 16:05:03,Lab 301,anomaly_suppressed_cooldown,,
2026-06-30 16:05:03,Lab 301,anomaly_suppressed_cooldown,,
2026-06-30 16:05:03,Lab 301,anomaly_suppressed_cooldown,,
2026-06-30 16:05:03,Lab 301,anomaly_suppressed_cooldown,,
2026-06-30 16:05:03,Lab 301,anomaly_suppressed_cooldown,,
2026-06-30 16:05:04,Lab 301,anomaly_suppressed_cooldown,,
2026-06-30 16:05:04,Lab 301,anomaly_suppressed_cooldown,,
2026-06-30 16:05:04,Lab 301,anomaly_suppressed_cooldown,,
2026-06-30 16:05:04,Lab 301,anomaly_suppressed_cooldown,,
2026-06-30 16:05:04,Lab 301,anomaly_suppressed_cooldown,,
2026-06-30 16:05:04,Lab 301,anomaly_suppressed_cooldown,,
2026-06-30 16:05:04,Lab 301,anomaly_suppressed_cooldown,,
2026-06-30 16:05:04,Lab 301,anomaly_suppressed_cooldown,,
2026-06-30 16:05:04,Lab 301,anomaly_suppressed_cooldown,,
2026-06-30 16:05:04,Lab 301,anomaly_suppressed_cooldown,,
2026-06-30 16:05:04,Lab 301,anomaly_suppressed_cooldown,,
2026-06-30 16:05:04,Lab 301,anomaly_suppressed_cooldown,,
2026-06-30 16:05:05,Lab 301,anomaly_suppressed_cooldown,,
2026-06-30 16:05:05,Lab 301,anomaly_suppressed_cooldown,,
2026-06-30 16:05:05,Lab 301,anomaly_suppressed_cooldown,,
2026-06-30 16:05:05,Lab 301,anomaly_suppressed_cooldown,,
2026-06-30 16:05:05,Lab 301,anomaly_suppressed_cooldown,,
2026-06-30 16:05:05,Lab 301,anomaly_suppressed_cooldown,,
2026-06-30 16:05:05,Lab 301,anomaly_suppressed_cooldown,,
2026-06-30 16:05:05,Lab 301,anomaly_suppressed_cooldown,,
2026-06-30 16:05:05,Lab 301,anomaly_suppressed_cooldown,,
2026-06-30 16:05:05,Lab 301,anomaly_suppressed_cooldown,,
2026-06-30 16:05:05,Lab 301,anomaly_suppressed_cooldown,,
2026-06-30 16:05:05,Lab 301,anomaly_suppressed_cooldown,,
2026-06-30 16:05:05,Lab 301,anomaly_suppressed_cooldown,,
2026-06-30 16:05:05,Lab 301,anomaly_suppressed_cooldown,,
2026-06-30 16:05:05,Lab 301,anomaly_suppressed_cooldown,,
2026-06-30 16:05:05,Lab 301,anomaly_suppressed_cooldown,,
2026-06-30 16:05:05,Lab 301,anomaly_suppressed_cooldown,,
2026-06-30 16:05:05,Lab 301,anomaly_suppressed_cooldown,,
2026-06-30 16:05:05,Lab 301,anomaly_suppressed_cooldown,,
2026-06-30 16:05:05,Lab 301,anomaly_suppressed_cooldown,,
2026-06-30 16:05:05,Lab 301,anomaly_suppressed_cooldown,,
2026-06-30 16:05:05,Lab 301,anomaly_suppressed_cooldown,,
2026-06-30 16:05:05,Lab 301,anomaly_suppressed_cooldown,,
2026-06-30 16:05:05,Lab 301,anomaly_suppressed_cooldown,,
2026-06-30 16:05:06,Lab 301,anomaly_suppressed_cooldown,,
2026-06-30 16:05:06,Lab 301,anomaly_suppressed_cooldown,,
2026-06-30 16:05:06,Lab 301,anomaly_suppressed_cooldown,,
2026-06-30 16:05:06,Lab 301,anomaly_suppressed_cooldown,,
2026-06-30 16:05:06,Lab 301,anomaly_suppressed_cooldown,,
2026-06-30 16:05:06,Lab 301,anomaly_suppressed_cooldown,,
2026-06-30 16:05:06,Lab 301,anomaly_suppressed_cooldown,,
2026-06-30 16:05:06,Lab 301,anomaly_suppressed_cooldown,,
2026-06-30 16:05:06,Lab 301,anomaly_suppressed_cooldown,,
2026-06-30 16:05:06,Lab 301,anomaly_suppressed_cooldown,,
2026-06-30 16:05:06,Lab 301,anomaly_suppressed_cooldown,,
2026-06-30 16:05:06,Lab 301,anomaly_suppressed_cooldown,,
2026-06-30 16:05:06,Lab 301,anomaly_suppressed_cooldown,,
2026-06-30 16:05:06,Lab 301,anomaly_suppressed_cooldown,,
2026-06-30 16:05:07,Lab 301,anomaly_suppressed_cooldown,,
2026-06-30 16:05:07,Lab 301,anomaly_suppressed_cooldown,,
2026-06-30 16:05:07,Lab 301,anomaly_suppressed_cooldown,,
2026-06-30 16:05:07,Lab 301,anomaly_suppressed_cooldown,,
2026-06-30 16:05:07,Lab 301,anomaly_suppressed_cooldown,,
2026-06-30 16:05:07,Lab 301,anomaly_suppressed_cooldown,,
2026-06-30 16:05:07,Lab 301,anomaly_suppressed_cooldown,,
2026-06-30 16:05:07,Lab 301,anomaly_suppressed_cooldown,,
2026-06-30 16:05:07,Lab 301,anomaly_suppressed_cooldown,,
2026-06-30 16:05:07,Lab 301,anomaly_suppressed_cooldown,,
2026-06-30 16:05:07,Lab 301,anomaly_suppressed_cooldown,,
2026-06-30 16:05:08,Lab 301,anomaly_suppressed_cooldown,,
2026-06-30 16:05:08,Lab 301,anomaly_suppressed_cooldown,,
2026-06-30 16:05:08,Lab 301,anomaly_suppressed_cooldown,,
2026-06-30 16:05:08,Lab 301,anomaly_suppressed_cooldown,,
2026-06-30 16:05:08,Lab 301,anomaly_suppressed_cooldown,,
2026-06-30 16:05:08,Lab 301,anomaly_suppressed_cooldown,,
2026-06-30 16:05:08,Lab 301,anomaly_suppressed_cooldown,,
2026-06-30 16:05:09,Lab 301,anomaly_suppressed_cooldown,,
2026-06-30 16:05:09,Lab 301,anomaly_suppressed_cooldown,,
2026-06-30 16:05:09,Lab 301,anomaly_suppressed_cooldown,,
2026-06-30 16:05:09,Lab 301,anomaly_suppressed_cooldown,,
2026-06-30 16:05:09,Lab 301,anomaly_suppressed_cooldown,,
2026-06-30 16:05:09,Lab 301,anomaly_suppressed_cooldown,,
2026-06-30 16:05:09,Lab 301,anomaly_suppressed_cooldown,,
2026-06-30 16:05:09,Lab 301,anomaly_suppressed_cooldown,,
2026-06-30 16:05:09,Lab 301,anomaly_suppressed_cooldown,,
2026-06-30 16:05:09,Lab 301,anomaly_suppressed_cooldown,,
2026-06-30 16:05:09,Lab 301,anomaly_suppressed_cooldown,,
2026-06-30 16:05:09,Lab 301,anomaly_suppressed_cooldown,,
2026-06-30 16:05:09,Lab 301,anomaly_suppressed_cooldown,,
2026-06-30 16:05:09,Lab 301,anomaly_suppressed_cooldown,,
2026-06-30 16:05:09,Lab 301,anomaly_suppressed_cooldown,,
2026-06-30 16:05:09,Lab 301,anomaly_suppressed_cooldown,,
2026-06-30 16:05:09,Lab 301,anomaly_suppressed_cooldown,,
2026-06-30 16:05:09,Lab 301,anomaly_suppressed_cooldown,,
2026-06-30 16:05:09,Lab 301,anomaly_suppressed_cooldown,,
2026-06-30 16:05:09,Lab 301,anomaly_suppressed_cooldown,,
2026-06-30 16:05:10,Lab 301,anomaly_suppressed_cooldown,,
2026-06-30 16:05:10,Lab 301,anomaly_suppressed_cooldown,,
2026-06-30 16:05:10,Lab 301,anomaly_suppressed_cooldown,,
2026-06-30 16:05:10,Lab 301,anomaly_suppressed_cooldown,,
2026-06-30 16:05:10,Lab 301,anomaly_suppressed_cooldown,,
2026-06-30 16:05:10,Lab 301,anomaly_suppressed_cooldown,,
2026-06-30 16:05:10,Lab 301,anomaly_suppressed_cooldown,,
2026-06-30 16:05:10,Lab 301,anomaly_suppressed_cooldown,,
2026-06-30 16:05:10,Lab 301,anomaly_suppressed_cooldown,,
2026-06-30 16:05:10,Lab 301,anomaly_suppressed_cooldown,,
2026-06-30 16:05:10,Lab 301,anomaly_suppressed_cooldown,,
2026-06-30 16:05:10,Lab 301,anomaly_suppressed_cooldown,,
2026-06-30 16:05:10,Lab 301,anomaly_suppressed_cooldown,,
2026-06-30 16:05:10,Lab 301,anomaly_suppressed_cooldown,,
2026-06-30 16:05:10,Lab 301,anomaly_suppressed_cooldown,,
2026-06-30 16:05:10,Lab 301,anomaly_suppressed_cooldown,,
2026-06-30 16:05:10,Lab 301,anomaly_suppressed_cooldown,,
2026-06-30 16:05:11,Lab 301,anomaly_suppressed_cooldown,,
2026-06-30 16:05:11,Lab 301,anomaly_suppressed_cooldown,,
2026-06-30 16:05:11,Lab 301,anomaly_suppressed_cooldown,,
2026-06-30 16:05:11,Lab 301,anomaly_suppressed_cooldown,,
2026-06-30 16:05:11,Lab 301,anomaly_suppressed_cooldown,,
2026-06-30 16:05:11,Lab 301,anomaly_suppressed_cooldown,,
2026-06-30 16:05:11,Lab 301,anomaly_suppressed_cooldown,,
2026-06-30 16:05:11,Lab 301,anomaly_suppressed_cooldown,,
2026-06-30 16:05:11,Lab 301,anomaly_suppressed_cooldown,,
2026-06-30 16:05:11,Lab 301,anomaly_suppressed_cooldown,,
2026-06-30 16:05:11,Lab 301,anomaly_suppressed_cooldown,,
2026-06-30 16:05:11,Lab 301,anomaly_suppressed_cooldown,,
2026-06-30 16:05:12,Lab 301,anomaly_suppressed_cooldown,,
2026-06-30 16:05:12,Lab 301,anomaly_suppressed_cooldown,,
2026-06-30 16:05:12,Lab 301,anomaly_suppressed_cooldown,,
2026-06-30 16:05:12,Lab 301,anomaly_suppressed_cooldown,,
2026-06-30 16:05:12,Lab 301,anomaly_suppressed_cooldown,,
2026-06-30 16:05:12,Lab 301,anomaly_suppressed_cooldown,,
2026-06-30 16:05:12,Lab 301,anomaly_suppressed_cooldown,,
2026-06-30 16:05:12,Lab 301,anomaly_suppressed_cooldown,,
2026-06-30 16:05:12,Lab 301,anomaly_suppressed_cooldown,,
2026-06-30 16:05:12,Lab 301,anomaly_suppressed_cooldown,,
2026-06-30 16:05:12,Lab 301,anomaly_suppressed_cooldown,,
2026-06-30 16:05:12,Lab 301,anomaly_suppressed_cooldown,,
2026-06-30 16:05:12,Lab 301,anomaly_suppressed_cooldown,,
2026-06-30 16:05:12,Lab 301,anomaly_suppressed_cooldown,,
2026-06-30 16:05:12,Lab 301,anomaly_suppressed_cooldown,,
2026-06-30 16:05:12,Lab 301,anomaly_suppressed_cooldown,,
2026-06-30 16:05:12,Lab 301,anomaly_suppressed_cooldown,,
2026-06-30 16:05:13,Lab 301,anomaly_suppressed_cooldown,,
2026-06-30 16:05:13,Lab 301,anomaly_suppressed_cooldown,,
2026-06-30 16:05:13,Lab 301,anomaly_suppressed_cooldown,,
2026-06-30 16:05:13,Lab 301,anomaly_suppressed_cooldown,,
2026-06-30 16:05:13,Lab 301,anomaly_suppressed_cooldown,,
2026-06-30 16:05:13,Lab 301,anomaly_suppressed_cooldown,,
2026-06-30 16:05:13,Lab 301,anomaly_suppressed_cooldown,,
2026-06-30 16:05:14,Lab 301,anomaly_suppressed_cooldown,,
2026-06-30 16:05:14,Lab 301,anomaly_suppressed_cooldown,,
2026-06-30 16:05:14,Lab 301,anomaly_suppressed_cooldown,,
2026-06-30 16:05:14,Lab 301,anomaly_suppressed_cooldown,,
2026-06-30 16:05:14,Lab 301,anomaly_suppressed_cooldown,,
2026-06-30 16:05:14,Lab 301,anomaly_suppressed_cooldown,,
2026-06-30 16:05:14,Lab 301,anomaly_suppressed_cooldown,,
2026-06-30 16:05:14,Lab 301,anomaly_suppressed_cooldown,,
2026-06-30 16:05:14,Lab 301,anomaly_suppressed_cooldown,,
2026-06-30 16:05:14,Lab 301,anomaly_suppressed_cooldown,,
2026-06-30 16:05:14,Lab 301,anomaly_suppressed_cooldown,,
2026-06-30 16:05:14,Lab 301,anomaly_suppressed_cooldown,,
2026-06-30 16:05:14,Lab 301,anomaly_suppressed_cooldown,,
2026-06-30 16:05:14,Lab 301,anomaly_suppressed_cooldown,,
2026-06-30 16:05:14,Lab 301,anomaly_suppressed_cooldown,,
2026-06-30 16:05:14,Lab 301,anomaly_suppressed_cooldown,,
2026-06-30 16:05:14,Lab 301,anomaly_suppressed_cooldown,,
2026-06-30 16:05:14,Lab 301,anomaly_suppressed_cooldown,,
2026-06-30 16:05:14,Lab 301,anomaly_suppressed_cooldown,,
2026-06-30 16:05:14,Lab 301,anomaly_suppressed_cooldown,,
2026-06-30 16:05:14,Lab 301,anomaly_suppressed_cooldown,,
2026-06-30 16:05:14,Lab 301,anomaly_suppressed_cooldown,,
2026-06-30 16:05:14,Lab 301,anomaly_suppressed_cooldown,,
2026-06-30 16:05:15,Lab 301,anomaly_suppressed_cooldown,,
2026-06-30 16:05:15,Lab 301,anomaly_suppressed_cooldown,,
2026-06-30 16:05:15,Lab 301,anomaly_suppressed_cooldown,,
2026-06-30 16:05:15,Lab 301,anomaly_suppressed_cooldown,,
2026-06-30 16:05:15,Lab 301,anomaly_suppressed_cooldown,,
2026-06-30 16:05:15,Lab 301,anomaly_suppressed_cooldown,,
2026-06-30 16:05:15,Lab 301,anomaly_suppressed_cooldown,,
2026-06-30 16:05:15,Lab 301,anomaly_suppressed_cooldown,,
2026-06-30 16:05:15,Lab 301,anomaly_suppressed_cooldown,,
2026-06-30 16:05:15,Lab 301,anomaly_suppressed_cooldown,,
2026-06-30 16:05:15,Lab 301,anomaly_suppressed_cooldown,,
2026-06-30 16:05:15,Lab 301,anomaly_suppressed_cooldown,,
2026-06-30 16:05:15,Lab 301,anomaly_suppressed_cooldown,,
2026-06-30 16:05:15,Lab 301,anomaly_suppressed_cooldown,,
2026-06-30 16:05:15,Lab 301,anomaly_suppressed_cooldown,,
2026-06-30 16:05:16,Lab 301,anomaly_suppressed_cooldown,,
2026-06-30 16:05:16,Lab 301,anomaly_suppressed_cooldown,,
2026-06-30 16:05:16,Lab 301,anomaly_suppressed_cooldown,,
2026-06-30 16:05:16,Lab 301,anomaly_suppressed_cooldown,,
2026-06-30 16:05:16,Lab 301,anomaly_suppressed_cooldown,,
2026-06-30 16:05:16,Lab 301,anomaly_suppressed_cooldown,,
2026-06-30 16:05:16,Lab 301,anomaly_suppressed_cooldown,,
2026-06-30 16:05:16,Lab 301,anomaly_suppressed_cooldown,,
2026-06-30 16:05:16,Lab 301,anomaly_suppressed_cooldown,,
2026-06-30 16:05:16,Lab 301,anomaly_suppressed_cooldown,,
2026-06-30 16:05:16,Lab 301,anomaly_suppressed_cooldown,,
2026-06-30 16:05:16,Lab 301,anomaly_suppressed_cooldown,,
2026-06-30 16:05:17,Lab 301,anomaly_suppressed_cooldown,,
2026-06-30 16:05:17,Lab 301,anomaly_suppressed_cooldown,,
2026-06-30 16:05:17,Lab 301,anomaly_suppressed_cooldown,,
2026-06-30 16:05:17,Lab 301,anomaly_suppressed_cooldown,,
2026-06-30 16:05:17,Lab 301,anomaly_suppressed_cooldown,,
2026-06-30 16:05:17,Lab 301,anomaly_suppressed_cooldown,,
2026-06-30 16:05:17,Lab 301,anomaly_suppressed_cooldown,,
2026-06-30 16:05:17,Lab 301,anomaly_suppressed_cooldown,,
2026-06-30 16:05:17,Lab 301,anomaly_suppressed_cooldown,,
2026-06-30 16:05:17,Lab 301,anomaly_suppressed_cooldown,,
2026-06-30 16:05:17,Lab 301,anomaly_suppressed_cooldown,,
2026-06-30 16:05:17,Lab 301,anomaly_suppressed_cooldown,,
2026-06-30 16:05:17,Lab 301,anomaly_suppressed_cooldown,,
2026-06-30 16:05:17,Lab 301,anomaly_suppressed_cooldown,,
2026-06-30 16:05:17,Lab 301,anomaly_suppressed_cooldown,,
2026-07-01 16:23:36,Lab 301 (cam 2),anomaly,,snapshots\Lab_301_(cam_2)_20260701_162336.jpg
2026-07-01 16:23:38,Lab 301 (cam 2),anomaly_suppressed_cooldown,,
2026-07-01 16:23:40,Lab 301 (cam 2),anomaly_suppressed_cooldown,,
2026-07-01 16:23:40,Lab 301 (cam 2),anomaly_suppressed_cooldown,,
2026-07-01 16:23:40,Lab 301 (cam 2),anomaly_suppressed_cooldown,,
2026-07-01 16:23:40,Lab 301 (cam 2),anomaly_suppressed_cooldown,,
2026-07-01 16:23:40,Lab 301 (cam 2),anomaly_suppressed_cooldown,,
2026-07-01 16:23:40,Lab 301 (cam 2),anomaly_suppressed_cooldown,,
2026-07-01 16:23:40,Lab 301 (cam 2),anomaly_suppressed_cooldown,,
2026-07-01 16:23:40,Lab 301 (cam 2),anomaly_suppressed_cooldown,,
2026-07-01 16:23:40,Lab 301 (cam 2),anomaly_suppressed_cooldown,,
2026-07-01 16:23:40,Lab 301 (cam 2),anomaly_suppressed_cooldown,,
2026-07-01 16:23:40,Lab 301 (cam 2),anomaly_suppressed_cooldown,,
2026-07-01 16:23:40,Lab 301 (cam 2),anomaly_suppressed_cooldown,,
2026-07-01 16:23:40,Lab 301 (cam 2),anomaly_suppressed_cooldown,,
2026-07-01 16:23:40,Lab 301 (cam 2),anomaly_suppressed_cooldown,,
2026-07-01 16:23:40,Lab 301 (cam 2),anomaly_suppressed_cooldown,,
2026-07-01 16:23:40,Lab 301 (cam 2),anomaly_suppressed_cooldown,,
2026-07-01 16:23:40,Lab 301 (cam 2),anomaly_suppressed_cooldown,,
2026-07-01 16:23:40,Lab 301 (cam 2),anomaly_suppressed_cooldown,,
2026-07-01 16:23:40,Lab 301 (cam 2),anomaly_suppressed_cooldown,,
2026-07-01 16:23:41,Lab 301 (cam 2),anomaly_suppressed_cooldown,,
2026-07-01 16:23:41,Lab 301 (cam 2),anomaly_suppressed_cooldown,,
2026-07-01 16:23:41,Lab 301 (cam 2),anomaly_suppressed_cooldown,,
2026-07-01 16:23:41,Lab 301 (cam 2),anomaly_suppressed_cooldown,,
2026-07-01 16:23:41,Lab 301 (cam 2),anomaly_suppressed_cooldown,,
2026-07-01 16:23:41,Lab 301 (cam 2),anomaly_suppressed_cooldown,,
2026-07-01 16:23:41,Lab 301 (cam 2),anomaly_suppressed_cooldown,,
2026-07-01 16:23:41,Lab 301 (cam 2),anomaly_suppressed_cooldown,,
2026-07-01 16:23:41,Lab 301 (cam 2),anomaly_suppressed_cooldown,,
2026-07-01 16:23:41,Lab 301 (cam 2),anomaly_suppressed_cooldown,,
2026-07-01 16:23:41,Lab 301 (cam 2),anomaly_suppressed_cooldown,,
2026-07-01 16:23:41,Lab 301 (cam 2),anomaly_suppressed_cooldown,,
2026-07-01 16:23:41,Lab 301 (cam 2),anomaly_suppressed_cooldown,,
2026-07-01 16:23:41,Lab 301 (cam 2),anomaly_suppressed_cooldown,,
2026-07-01 16:23:41,Lab 301 (cam 2),anomaly_suppressed_cooldown,,
2026-07-01 16:23:41,Lab 301 (cam 2),anomaly_suppressed_cooldown,,
2026-07-01 16:23:41,Lab 301 (cam 2),anomaly_suppressed_cooldown,,
2026-07-01 16:23:41,Lab 301 (cam 2),anomaly_suppressed_cooldown,,
2026-07-01 16:23:41,Lab 301 (cam 2),anomaly_suppressed_cooldown,,
2026-07-01 16:23:41,Lab 301 (cam 2),anomaly_suppressed_cooldown,,
2026-07-01 16:23:41,Lab 301 (cam 2),anomaly_suppressed_cooldown,,
2026-07-01 16:23:41,Lab 301 (cam 2),anomaly_suppressed_cooldown,,
2026-07-01 16:23:41,Lab 301 (cam 2),anomaly_suppressed_cooldown,,
2026-07-01 16:23:41,Lab 301 (cam 2),anomaly_suppressed_cooldown,,
2026-07-01 16:23:41,Lab 301 (cam 2),anomaly_suppressed_cooldown,,
2026-07-01 16:23:41,Lab 301 (cam 2),anomaly_suppressed_cooldown,,
2026-07-01 16:23:41,Lab 301 (cam 2),anomaly_suppressed_cooldown,,
2026-07-01 16:23:41,Lab 301 (cam 2),anomaly_suppressed_cooldown,,
2026-07-01 16:23:42,Lab 301 (cam 2),anomaly_suppressed_cooldown,,
2026-07-01 16:23:42,Lab 301 (cam 2),anomaly_suppressed_cooldown,,
2026-07-01 16:23:42,Lab 301 (cam 2),anomaly_suppressed_cooldown,,
2026-07-01 16:23:42,Lab 301 (cam 2),anomaly_suppressed_cooldown,,
2026-07-01 16:23:42,Lab 301 (cam 2),anomaly_suppressed_cooldown,,
2026-07-01 16:23:42,Lab 301 (cam 2),anomaly_suppressed_cooldown,,
2026-07-01 16:23:42,Lab 301 (cam 2),anomaly_suppressed_cooldown,,
2026-07-01 16:23:42,Lab 301 (cam 2),anomaly_suppressed_cooldown,,
2026-07-01 16:23:42,Lab 301 (cam 2),anomaly_suppressed_cooldown,,
2026-07-01 16:23:42,Lab 301 (cam 2),anomaly_suppressed_cooldown,,
2026-07-01 16:23:42,Lab 301 (cam 2),anomaly_suppressed_cooldown,,
2026-07-01 16:23:42,Lab 301 (cam 2),anomaly_suppressed_cooldown,,
2026-07-01 16:23:42,Lab 301 (cam 2),anomaly_suppressed_cooldown,,
2026-07-01 16:23:42,Lab 301 (cam 2),anomaly_suppressed_cooldown,,
2026-07-01 16:23:42,Lab 301 (cam 2),anomaly_suppressed_cooldown,,
2026-07-01 16:23:42,Lab 301 (cam 2),anomaly_suppressed_cooldown,,
2026-07-01 16:23:42,Lab 301 (cam 2),anomaly_suppressed_cooldown,,
2026-07-01 16:23:42,Lab 301 (cam 2),anomaly_suppressed_cooldown,,
2026-07-01 16:23:42,Lab 301 (cam 2),anomaly_suppressed_cooldown,,
2026-07-01 16:23:42,Lab 301 (cam 2),anomaly_suppressed_cooldown,,
2026-07-01 16:23:42,Lab 301 (cam 2),anomaly_suppressed_cooldown,,
2026-07-01 16:23:42,Lab 301 (cam 2),anomaly_suppressed_cooldown,,
2026-07-01 16:23:42,Lab 301 (cam 2),anomaly_suppressed_cooldown,,
2026-07-01 16:23:42,Lab 301 (cam 2),anomaly_suppressed_cooldown,,
2026-07-01 16:23:42,Lab 301 (cam 2),anomaly_suppressed_cooldown,,
2026-07-01 16:23:42,Lab 301 (cam 2),anomaly_suppressed_cooldown,,
2026-07-01 16:23:42,Lab 301 (cam 2),anomaly_suppressed_cooldown,,
2026-07-01 16:23:43,Lab 301 (cam 2),anomaly_suppressed_cooldown,,
2026-07-01 16:23:43,Lab 301 (cam 2),anomaly_suppressed_cooldown,,
2026-07-01 16:23:43,Lab 301 (cam 2),anomaly_suppressed_cooldown,,
2026-07-01 16:23:43,Lab 301 (cam 2),anomaly_suppressed_cooldown,,
2026-07-01 16:23:43,Lab 301 (cam 2),anomaly_suppressed_cooldown,,
2026-07-01 16:23:43,Lab 301 (cam 2),anomaly_suppressed_cooldown,,
2026-07-01 16:23:43,Lab 301 (cam 2),anomaly_suppressed_cooldown,,
2026-07-01 16:23:43,Lab 301 (cam 2),anomaly_suppressed_cooldown,,
2026-07-01 16:23:43,Lab 301 (cam 2),anomaly_suppressed_cooldown,,
2026-07-01 16:23:43,Lab 301 (cam 2),anomaly_suppressed_cooldown,,
2026-07-01 16:23:43,Lab 301 (cam 2),anomaly_suppressed_cooldown,,
2026-07-01 16:23:43,Lab 301 (cam 2),anomaly_suppressed_cooldown,,
2026-07-01 16:23:43,Lab 301 (cam 2),anomaly_suppressed_cooldown,,
2026-07-01 16:23:43,Lab 301 (cam 2),anomaly_suppressed_cooldown,,
2026-07-01 16:23:43,Lab 301 (cam 2),anomaly_suppressed_cooldown,,
2026-07-01 16:23:43,Lab 301 (cam 2),anomaly_suppressed_cooldown,,
2026-07-01 16:23:43,Lab 301 (cam 2),anomaly_suppressed_cooldown,,
2026-07-01 16:23:43,Lab 301 (cam 2),anomaly_suppressed_cooldown,,
2026-07-01 16:23:43,Lab 301 (cam 2),anomaly_suppressed_cooldown,,
2026-07-01 16:23:43,Lab 301 (cam 2),anomaly_suppressed_cooldown,,
2026-07-01 16:23:43,Lab 301 (cam 2),anomaly_suppressed_cooldown,,
2026-07-01 16:23:43,Lab 301 (cam 2),anomaly_suppressed_cooldown,,
2026-07-01 16:23:43,Lab 301 (cam 2),anomaly_suppressed_cooldown,,
2026-07-01 16:23:44,Lab 301 (cam 2),anomaly_suppressed_cooldown,,
2026-07-01 16:23:44,Lab 301 (cam 2),anomaly_suppressed_cooldown,,
2026-07-01 16:23:44,Lab 301 (cam 2),anomaly_suppressed_cooldown,,
2026-07-01 16:23:44,Lab 301 (cam 2),anomaly_suppressed_cooldown,,
2026-07-01 16:23:44,Lab 301 (cam 2),anomaly_suppressed_cooldown,,
2026-07-01 16:23:44,Lab 301 (cam 2),anomaly_suppressed_cooldown,,
2026-07-01 16:23:44,Lab 301 (cam 2),anomaly_suppressed_cooldown,,
2026-07-01 16:23:47,Lab 301 (cam 2),anomaly_suppressed_cooldown,,
2026-07-01 16:23:47,Lab 301 (cam 2),anomaly_suppressed_cooldown,,
2026-07-01 16:23:47,Lab 301 (cam 2),anomaly_suppressed_cooldown,,
2026-07-01 16:23:47,Lab 301 (cam 2),anomaly_suppressed_cooldown,,
2026-07-01 16:23:47,Lab 301 (cam 2),anomaly_suppressed_cooldown,,
2026-07-01 16:23:47,Lab 301 (cam 2),anomaly_suppressed_cooldown,,
2026-07-01 16:23:47,Lab 301 (cam 2),anomaly_suppressed_cooldown,,
2026-07-01 16:23:47,Lab 301 (cam 2),anomaly_suppressed_cooldown,,
2026-07-01 16:23:47,Lab 301 (cam 2),anomaly_suppressed_cooldown,,
2026-07-01 16:23:47,Lab 301 (cam 2),anomaly_suppressed_cooldown,,
2026-07-01 16:23:47,Lab 301 (cam 2),anomaly_suppressed_cooldown,,
2026-07-01 16:23:47,Lab 301 (cam 2),anomaly_suppressed_cooldown,,
2026-07-01 16:23:47,Lab 301 (cam 2),anomaly_suppressed_cooldown,,
2026-07-01 16:23:47,Lab 301 (cam 2),anomaly_suppressed_cooldown,,
2026-07-01 16:23:47,Lab 301 (cam 2),anomaly_suppressed_cooldown,,
2026-07-01 16:23:47,Lab 301 (cam 2),anomaly_suppressed_cooldown,,
2026-07-01 16:23:47,Lab 301 (cam 2),anomaly_suppressed_cooldown,,
2026-07-01 16:23:47,Lab 301 (cam 2),anomaly_suppressed_cooldown,,
2026-07-01 16:23:47,Lab 301 (cam 2),anomaly_suppressed_cooldown,,
2026-07-01 16:23:48,Lab 301 (cam 2),anomaly_suppressed_cooldown,,
2026-07-01 16:23:48,Lab 301 (cam 2),anomaly_suppressed_cooldown,,
2026-07-01 16:23:48,Lab 301 (cam 2),anomaly_suppressed_cooldown,,
2026-07-01 16:23:48,Lab 301 (cam 2),anomaly_suppressed_cooldown,,
2026-07-01 16:23:48,Lab 301 (cam 2),anomaly_suppressed_cooldown,,
2026-07-01 16:23:48,Lab 301 (cam 2),anomaly_suppressed_cooldown,,
2026-07-01 16:23:48,Lab 301 (cam 2),anomaly_suppressed_cooldown,,
2026-07-01 16:23:48,Lab 301 (cam 2),anomaly_suppressed_cooldown,,
2026-07-01 16:23:48,Lab 301 (cam 2),anomaly_suppressed_cooldown,,
2026-07-01 16:23:48,Lab 301 (cam 2),anomaly_suppressed_cooldown,,
2026-07-01 16:23:48,Lab 301 (cam 2),anomaly_suppressed_cooldown,,
2026-07-01 16:23:48,Lab 301 (cam 2),anomaly_suppressed_cooldown,,
2026-07-01 16:23:48,Lab 301 (cam 2),anomaly_suppressed_cooldown,,
2026-07-01 16:23:48,Lab 301 (cam 2),anomaly_suppressed_cooldown,,
2026-07-01 16:23:48,Lab 301 (cam 2),anomaly_suppressed_cooldown,,
2026-07-01 16:23:48,Lab 301 (cam 2),anomaly_suppressed_cooldown,,
2026-07-01 16:23:48,Lab 301 (cam 2),anomaly_suppressed_cooldown,,
2026-07-01 16:23:48,Lab 301 (cam 2),anomaly_suppressed_cooldown,,
2026-07-01 16:23:48,Lab 301 (cam 2),anomaly_suppressed_cooldown,,
2026-07-01 16:23:48,Lab 301 (cam 2),anomaly_suppressed_cooldown,,
2026-07-01 16:23:48,Lab 301 (cam 2),anomaly_suppressed_cooldown,,
2026-07-01 16:23:48,Lab 301 (cam 2),anomaly_suppressed_cooldown,,
2026-07-01 16:23:48,Lab 301 (cam 2),anomaly_suppressed_cooldown,,
2026-07-01 16:23:48,Lab 301 (cam 2),anomaly_suppressed_cooldown,,
2026-07-01 16:23:48,Lab 301 (cam 2),anomaly_suppressed_cooldown,,
2026-07-01 16:23:48,Lab 301 (cam 2),anomaly_suppressed_cooldown,,
2026-07-01 16:23:48,Lab 301 (cam 2),anomaly_suppressed_cooldown,,
2026-07-01 16:23:48,Lab 301 (cam 2),anomaly_suppressed_cooldown,,
2026-07-01 16:23:48,Lab 301 (cam 2),anomaly_suppressed_cooldown,,
2026-07-01 16:23:49,Lab 301 (cam 2),anomaly_suppressed_cooldown,,
2026-07-01 16:23:49,Lab 301 (cam 2),anomaly_suppressed_cooldown,,
2026-07-01 16:23:49,Lab 301 (cam 2),anomaly_suppressed_cooldown,,
2026-07-01 16:23:49,Lab 301 (cam 2),anomaly_suppressed_cooldown,,
2026-07-01 16:23:49,Lab 301 (cam 2),anomaly_suppressed_cooldown,,
2026-07-01 16:23:49,Lab 301 (cam 2),anomaly_suppressed_cooldown,,
2026-07-01 16:23:49,Lab 301 (cam 2),anomaly_suppressed_cooldown,,
2026-07-01 16:23:49,Lab 301 (cam 2),anomaly_suppressed_cooldown,,
2026-07-01 16:23:49,Lab 301 (cam 2),anomaly_suppressed_cooldown,,
2026-07-01 16:23:49,Lab 301 (cam 2),anomaly_suppressed_cooldown,,
2026-07-01 16:23:49,Lab 301 (cam 2),anomaly_suppressed_cooldown,,
2026-07-01 16:23:49,Lab 301 (cam 2),anomaly_suppressed_cooldown,,
2026-07-01 16:23:49,Lab 301 (cam 2),anomaly_suppressed_cooldown,,
2026-07-01 16:23:49,Lab 301 (cam 2),anomaly_suppressed_cooldown,,
2026-07-01 16:23:49,Lab 301 (cam 2),anomaly_suppressed_cooldown,,
2026-07-01 16:23:49,Lab 301 (cam 2),anomaly_suppressed_cooldown,,
2026-07-01 16:23:49,Lab 301 (cam 2),anomaly_suppressed_cooldown,,
2026-07-01 16:23:49,Lab 301 (cam 2),anomaly_suppressed_cooldown,,
2026-07-01 16:23:49,Lab 301 (cam 2),anomaly_suppressed_cooldown,,
2026-07-01 16:23:49,Lab 301 (cam 2),anomaly_suppressed_cooldown,,
2026-07-01 16:23:49,Lab 301 (cam 2),anomaly_suppressed_cooldown,,
2026-07-01 16:23:49,Lab 301 (cam 2),anomaly_suppressed_cooldown,,
2026-07-01 16:23:51,Lab 301 (cam 2),anomaly_suppressed_cooldown,,
2026-07-01 16:23:51,Lab 301 (cam 2),anomaly_suppressed_cooldown,,
2026-07-01 16:23:53,Lab 301 (cam 2),anomaly_suppressed_cooldown,,
2026-07-01 16:23:53,Lab 301 (cam 2),anomaly_suppressed_cooldown,,
2026-07-01 16:23:53,Lab 301 (cam 2),anomaly_suppressed_cooldown,,
2026-07-01 16:23:53,Lab 301 (cam 2),anomaly_suppressed_cooldown,,
2026-07-01 16:23:53,Lab 301 (cam 2),anomaly_suppressed_cooldown,,
2026-07-01 16:23:53,Lab 301 (cam 2),anomaly_suppressed_cooldown,,
2026-07-01 16:23:53,Lab 301 (cam 2),anomaly_suppressed_cooldown,,
2026-07-01 16:23:53,Lab 301 (cam 2),anomaly_suppressed_cooldown,,
2026-07-01 16:23:53,Lab 301 (cam 2),anomaly_suppressed_cooldown,,
2026-07-01 16:23:53,Lab 301 (cam 2),anomaly_suppressed_cooldown,,
2026-07-01 16:23:53,Lab 301 (cam 2),anomaly_suppressed_cooldown,,
2026-07-01 16:23:53,Lab 301 (cam 2),anomaly_suppressed_cooldown,,
2026-07-01 16:23:53,Lab 301 (cam 2),anomaly_suppressed_cooldown,,
2026-07-01 16:23:53,Lab 301 (cam 2),anomaly_suppressed_cooldown,,
2026-07-01 16:23:53,Lab 301 (cam 2),anomaly_suppressed_cooldown,,
2026-07-01 16:23:53,Lab 301 (cam 2),anomaly_suppressed_cooldown,,
2026-07-01 16:23:53,Lab 301 (cam 2),anomaly_suppressed_cooldown,,
2026-07-01 16:23:54,Lab 301 (cam 2),anomaly_suppressed_cooldown,,
2026-07-01 16:23:54,Lab 301 (cam 2),anomaly_suppressed_cooldown,,
2026-07-01 16:23:54,Lab 301 (cam 2),anomaly_suppressed_cooldown,,
2026-07-01 16:23:54,Lab 301 (cam 2),anomaly_suppressed_cooldown,,
2026-07-01 16:23:54,Lab 301 (cam 2),anomaly_suppressed_cooldown,,
2026-07-01 16:23:54,Lab 301 (cam 2),anomaly_suppressed_cooldown,,
2026-07-01 16:23:54,Lab 301 (cam 2),anomaly_suppressed_cooldown,,
2026-07-01 16:23:54,Lab 301 (cam 2),anomaly_suppressed_cooldown,,
2026-07-01 16:23:54,Lab 301 (cam 2),anomaly_suppressed_cooldown,,
2026-07-01 16:23:54,Lab 301 (cam 2),anomaly_suppressed_cooldown,,
2026-07-01 16:23:54,Lab 301 (cam 2),anomaly_suppressed_cooldown,,
2026-07-01 16:23:54,Lab 301 (cam 2),anomaly_suppressed_cooldown,,
2026-07-01 16:23:54,Lab 301 (cam 2),anomaly_suppressed_cooldown,,
2026-07-01 16:23:54,Lab 301 (cam 2),anomaly_suppressed_cooldown,,
2026-07-01 16:23:54,Lab 301 (cam 2),anomaly_suppressed_cooldown,,
2026-07-01 16:23:54,Lab 301 (cam 2),anomaly_suppressed_cooldown,,
2026-07-01 16:23:54,Lab 301 (cam 2),anomaly_suppressed_cooldown,,
2026-07-01 16:23:54,Lab 301 (cam 2),anomaly_suppressed_cooldown,,
2026-07-01 16:23:56,Lab 301 (cam 2),anomaly_suppressed_cooldown,,
2026-07-01 16:23:59,Lab 301 (cam 2),anomaly_suppressed_cooldown,,
2026-07-01 16:23:59,Lab 301 (cam 2),anomaly_suppressed_cooldown,,
2026-07-01 16:23:59,Lab 301 (cam 2),anomaly_suppressed_cooldown,,
2026-07-01 16:23:59,Lab 301 (cam 2),anomaly_suppressed_cooldown,,
2026-07-01 16:23:59,Lab 301 (cam 2),anomaly_suppressed_cooldown,,
2026-07-01 16:23:59,Lab 301 (cam 2),anomaly_suppressed_cooldown,,
2026-07-01 16:23:59,Lab 301 (cam 2),anomaly_suppressed_cooldown,,
2026-07-01 16:24:00,Lab 301 (cam 2),anomaly_suppressed_cooldown,,
2026-07-01 16:24:00,Lab 301 (cam 2),anomaly_suppressed_cooldown,,
2026-07-01 16:24:00,Lab 301 (cam 2),anomaly_suppressed_cooldown,,
2026-07-01 16:24:00,Lab 301 (cam 2),anomaly_suppressed_cooldown,,
2026-07-01 16:24:00,Lab 301 (cam 2),anomaly_suppressed_cooldown,,
2026-07-01 16:24:00,Lab 301 (cam 2),anomaly_suppressed_cooldown,,
2026-07-01 16:24:00,Lab 301 (cam 2),anomaly_suppressed_cooldown,,
2026-07-01 16:24:00,Lab 301 (cam 2),anomaly_suppressed_cooldown,,
2026-07-01 16:24:00,Lab 301 (cam 2),anomaly_suppressed_cooldown,,
2026-07-01 16:24:00,Lab 301 (cam 2),anomaly_suppressed_cooldown,,
2026-07-01 16:24:00,Lab 301 (cam 2),anomaly_suppressed_cooldown,,
2026-07-01 16:24:00,Lab 301 (cam 2),anomaly_suppressed_cooldown,,
2026-07-01 16:24:00,Lab 301 (cam 2),anomaly_suppressed_cooldown,,
2026-07-01 16:24:00,Lab 301 (cam 2),anomaly_suppressed_cooldown,,
2026-07-01 16:24:00,Lab 301 (cam 2),anomaly_suppressed_cooldown,,
2026-07-01 16:24:00,Lab 301 (cam 2),anomaly_suppressed_cooldown,,
2026-07-01 16:24:00,Lab 301 (cam 2),anomaly_suppressed_cooldown,,
2026-07-01 16:24:00,Lab 301 (cam 2),anomaly_suppressed_cooldown,,
2026-07-01 16:24:00,Lab 301 (cam 2),anomaly_suppressed_cooldown,,
2026-07-01 16:24:03,Lab 301 (cam 2),anomaly_suppressed_cooldown,,
2026-07-01 16:24:03,Lab 301 (cam 2),anomaly_suppressed_cooldown,,
2026-07-01 16:24:03,Lab 301 (cam 2),anomaly_suppressed_cooldown,,
2026-07-01 16:24:03,Lab 301 (cam 2),anomaly_suppressed_cooldown,,
2026-07-01 16:24:03,Lab 301 (cam 2),anomaly_suppressed_cooldown,,
2026-07-01 16:24:03,Lab 301 (cam 2),anomaly_suppressed_cooldown,,
2026-07-01 16:24:04,Lab 301 (cam 2),anomaly_suppressed_cooldown,,
2026-07-01 16:24:04,Lab 301 (cam 2),anomaly_suppressed_cooldown,,
2026-07-01 16:24:05,Lab 301 (cam 2),anomaly_suppressed_cooldown,,
2026-07-01 16:24:05,Lab 301 (cam 2),anomaly_suppressed_cooldown,,
2026-07-01 16:24:05,Lab 301 (cam 2),anomaly_suppressed_cooldown,,
2026-07-01 16:24:05,Lab 301 (cam 2),anomaly_suppressed_cooldown,,
2026-07-01 16:24:07,Lab 301 (cam 2),anomaly_suppressed_cooldown,,
2026-07-01 16:24:07,Lab 301 (cam 2),anomaly_suppressed_cooldown,,
2026-07-01 16:24:07,Lab 301 (cam 2),anomaly_suppressed_cooldown,,
2026-07-01 16:24:07,Lab 301 (cam 2),anomaly_suppressed_cooldown,,
2026-07-01 16:24:07,Lab 301 (cam 2),anomaly_suppressed_cooldown,,
2026-07-01 16:24:07,Lab 301 (cam 2),anomaly_suppressed_cooldown,,
2026-07-01 16:24:07,Lab 301 (cam 2),anomaly_suppressed_cooldown,,
2026-07-01 16:24:07,Lab 301 (cam 2),anomaly_suppressed_cooldown,,
2026-07-01 16:24:07,Lab 301 (cam 2),anomaly_suppressed_cooldown,,
2026-07-01 16:24:07,Lab 301 (cam 2),anomaly_suppressed_cooldown,,
2026-07-01 16:24:08,Lab 301 (cam 2),anomaly_suppressed_cooldown,,
2026-07-01 16:24:08,Lab 301 (cam 2),anomaly_suppressed_cooldown,,
2026-07-01 16:24:08,Lab 301 (cam 2),anomaly_suppressed_cooldown,,
2026-07-01 16:24:08,Lab 301 (cam 2),anomaly_suppressed_cooldown,,
2026-07-01 16:24:08,Lab 301 (cam 2),anomaly_suppressed_cooldown,,
2026-07-01 16:24:08,Lab 301 (cam 2),anomaly_suppressed_cooldown,,
2026-07-01 16:24:08,Lab 301 (cam 2),anomaly_suppressed_cooldown,,
2026-07-01 16:24:08,Lab 301 (cam 2),anomaly_suppressed_cooldown,,
2026-07-01 16:24:08,Lab 301 (cam 2),anomaly_suppressed_cooldown,,
2026-07-01 16:24:08,Lab 301 (cam 2),anomaly_suppressed_cooldown,,
2026-07-01 16:24:08,Lab 301 (cam 2),anomaly_suppressed_cooldown,,
2026-07-01 16:24:08,Lab 301 (cam 2),anomaly_suppressed_cooldown,,
2026-07-01 16:24:08,Lab 301 (cam 2),anomaly_suppressed_cooldown,,
2026-07-01 16:24:08,Lab 301 (cam 2),anomaly_suppressed_cooldown,,
2026-07-01 16:24:08,Lab 301 (cam 2),anomaly_suppressed_cooldown,,
2026-07-01 16:24:08,Lab 301 (cam 2),anomaly_suppressed_cooldown,,
2026-07-01 16:24:08,Lab 301 (cam 2),anomaly_suppressed_cooldown,,
2026-07-01 16:24:08,Lab 301 (cam 2),anomaly_suppressed_cooldown,,
2026-07-01 16:24:08,Lab 301 (cam 2),anomaly_suppressed_cooldown,,
2026-07-01 16:24:08,Lab 301 (cam 2),anomaly_suppressed_cooldown,,
2026-07-01 16:24:08,Lab 301 (cam 2),anomaly_suppressed_cooldown,,
2026-07-01 16:24:08,Lab 301 (cam 2),anomaly_suppressed_cooldown,,
2026-07-01 16:24:08,Lab 301 (cam 2),anomaly_suppressed_cooldown,,
2026-07-01 16:24:08,Lab 301 (cam 2),anomaly_suppressed_cooldown,,
2026-07-01 16:24:08,Lab 301 (cam 2),anomaly_suppressed_cooldown,,
2026-07-01 16:24:09,Lab 301 (cam 2),anomaly_suppressed_cooldown,,
2026-07-01 16:24:09,Lab 301 (cam 2),anomaly_suppressed_cooldown,,
2026-07-01 16:24:09,Lab 301 (cam 2),anomaly_suppressed_cooldown,,
2026-07-01 16:24:09,Lab 301 (cam 2),anomaly_suppressed_cooldown,,
2026-07-01 16:24:09,Lab 301 (cam 2),anomaly_suppressed_cooldown,,
2026-07-01 16:24:09,Lab 301 (cam 2),anomaly_suppressed_cooldown,,
2026-07-01 16:24:09,Lab 301 (cam 2),anomaly_suppressed_cooldown,,
2026-07-01 16:24:09,Lab 301 (cam 2),anomaly_suppressed_cooldown,,
2026-07-01 16:24:09,Lab 301 (cam 2),anomaly_suppressed_cooldown,,
2026-07-01 16:24:09,Lab 301 (cam 2),anomaly_suppressed_cooldown,,
2026-07-01 16:24:09,Lab 301 (cam 2),anomaly_suppressed_cooldown,,
2026-07-01 16:24:09,Lab 301 (cam 2),anomaly_suppressed_cooldown,,
2026-07-01 16:24:09,Lab 301 (cam 2),anomaly_suppressed_cooldown,,
2026-07-01 16:24:09,Lab 301 (cam 2),anomaly_suppressed_cooldown,,
2026-07-01 16:24:09,Lab 301 (cam 2),anomaly_suppressed_cooldown,,
2026-07-01 16:24:09,Lab 301 (cam 2),anomaly_suppressed_cooldown,,
2026-07-01 16:24:09,Lab 301 (cam 2),anomaly_suppressed_cooldown,,
2026-07-01 16:24:09,Lab 301 (cam 2),anomaly_suppressed_cooldown,,
2026-07-01 16:24:09,Lab 301 (cam 2),anomaly_suppressed_cooldown,,
2026-07-01 16:24:09,Lab 301 (cam 2),anomaly_suppressed_cooldown,,
2026-07-01 16:24:09,Lab 301 (cam 2),anomaly_suppressed_cooldown,,
2026-07-01 16:24:09,Lab 301 (cam 2),anomaly_suppressed_cooldown,,
2026-07-01 16:24:09,Lab 301 (cam 2),anomaly_suppressed_cooldown,,
2026-07-01 16:24:09,Lab 301 (cam 2),anomaly_suppressed_cooldown,,
2026-07-01 16:24:09,Lab 301 (cam 2),anomaly_suppressed_cooldown,,
2026-07-01 16:24:09,Lab 301 (cam 2),anomaly_suppressed_cooldown,,
2026-07-01 16:24:09,Lab 301 (cam 2),anomaly_suppressed_cooldown,,
2026-07-01 16:24:10,Lab 301 (cam 2),anomaly_suppressed_cooldown,,
2026-07-01 16:24:10,Lab 301 (cam 2),anomaly_suppressed_cooldown,,
2026-07-01 16:24:10,Lab 301 (cam 2),anomaly_suppressed_cooldown,,
2026-07-01 16:24:10,Lab 301 (cam 2),anomaly_suppressed_cooldown,,
2026-07-01 16:24:10,Lab 301 (cam 2),anomaly_suppressed_cooldown,,
2026-07-01 16:24:10,Lab 301 (cam 2),anomaly_suppressed_cooldown,,
2026-07-01 16:24:10,Lab 301 (cam 2),anomaly_suppressed_cooldown,,
2026-07-01 16:24:10,Lab 301 (cam 2),anomaly_suppressed_cooldown,,
2026-07-01 16:24:10,Lab 301 (cam 2),anomaly_suppressed_cooldown,,
2026-07-01 16:24:10,Lab 301 (cam 2),anomaly_suppressed_cooldown,,
2026-07-01 16:24:10,Lab 301 (cam 2),anomaly_suppressed_cooldown,,
2026-07-01 16:24:10,Lab 301 (cam 2),anomaly_suppressed_cooldown,,
2026-07-01 16:24:10,Lab 301 (cam 2),anomaly_suppressed_cooldown,,
2026-07-01 16:24:10,Lab 301 (cam 2),anomaly_suppressed_cooldown,,
2026-07-01 16:24:10,Lab 301 (cam 2),anomaly_suppressed_cooldown,,
2026-07-01 16:24:10,Lab 301 (cam 2),anomaly_suppressed_cooldown,,
2026-07-01 16:24:10,Lab 301 (cam 2),anomaly_suppressed_cooldown,,
2026-07-01 16:24:10,Lab 301 (cam 2),anomaly_suppressed_cooldown,,
2026-07-01 16:24:11,Lab 301 (cam 2),anomaly_suppressed_cooldown,,
2026-07-01 16:24:11,Lab 301 (cam 2),anomaly_suppressed_cooldown,,
2026-07-01 16:24:18,Lab 301 (cam 2),anomaly_suppressed_cooldown,,
2026-07-01 16:24:19,Lab 301 (cam 2),anomaly_suppressed_cooldown,,
2026-07-01 16:24:19,Lab 301 (cam 2),anomaly_suppressed_cooldown,,
2026-07-01 16:24:19,Lab 301 (cam 2),anomaly_suppressed_cooldown,,
2026-07-01 16:24:19,Lab 301 (cam 2),anomaly_suppressed_cooldown,,
2026-07-01 16:24:19,Lab 301 (cam 2),anomaly_suppressed_cooldown,,
2026-07-01 16:24:19,Lab 301 (cam 2),anomaly_suppressed_cooldown,,
2026-07-01 16:24:19,Lab 301 (cam 2),anomaly_suppressed_cooldown,,
2026-07-01 16:24:19,Lab 301 (cam 2),anomaly_suppressed_cooldown,,
2026-07-01 16:24:19,Lab 301 (cam 2),anomaly_suppressed_cooldown,,
2026-07-01 16:24:19,Lab 301 (cam 2),anomaly_suppressed_cooldown,,
2026-07-01 16:24:19,Lab 301 (cam 2),anomaly_suppressed_cooldown,,
2026-07-01 16:24:19,Lab 301 (cam 2),anomaly_suppressed_cooldown,,
2026-07-01 16:24:19,Lab 301 (cam 2),anomaly_suppressed_cooldown,,
2026-07-01 16:24:19,Lab 301 (cam 2),anomaly_suppressed_cooldown,,
2026-07-01 16:24:19,Lab 301 (cam 2),anomaly_suppressed_cooldown,,
2026-07-01 16:24:19,Lab 301 (cam 2),anomaly_suppressed_cooldown,,
2026-07-01 16:24:19,Lab 301 (cam 2),anomaly_suppressed_cooldown,,
2026-07-01 16:24:19,Lab 301 (cam 2),anomaly_suppressed_cooldown,,
2026-07-01 16:24:19,Lab 301 (cam 2),anomaly_suppressed_cooldown,,
2026-07-01 16:24:19,Lab 301 (cam 2),anomaly_suppressed_cooldown,,
2026-07-01 16:24:19,Lab 301 (cam 2),anomaly_suppressed_cooldown,,
2026-07-01 16:24:19,Lab 301 (cam 2),anomaly_suppressed_cooldown,,
2026-07-01 16:24:19,Lab 301 (cam 2),anomaly_suppressed_cooldown,,
2026-07-01 16:24:19,Lab 301 (cam 2),anomaly_suppressed_cooldown,,
2026-07-01 16:24:19,Lab 301 (cam 2),anomaly_suppressed_cooldown,,
2026-07-01 16:24:19,Lab 301 (cam 2),anomaly_suppressed_cooldown,,
2026-07-01 16:24:19,Lab 301 (cam 2),anomaly_suppressed_cooldown,,
2026-07-01 16:24:19,Lab 301 (cam 2),anomaly_suppressed_cooldown,,
2026-07-01 16:24:21,Lab 301 (cam 2),anomaly_suppressed_cooldown,,
2026-07-01 16:24:21,Lab 301 (cam 2),anomaly_suppressed_cooldown,,
2026-07-01 16:24:21,Lab 301 (cam 2),anomaly_suppressed_cooldown,,
2026-07-01 16:24:21,Lab 301 (cam 2),anomaly_suppressed_cooldown,,
2026-07-01 16:24:21,Lab 301 (cam 2),anomaly_suppressed_cooldown,,
2026-07-01 16:24:21,Lab 301 (cam 2),anomaly_suppressed_cooldown,,
2026-07-01 16:24:21,Lab 301 (cam 2),anomaly_suppressed_cooldown,,
2026-07-01 16:24:21,Lab 301 (cam 2),anomaly_suppressed_cooldown,,
2026-07-01 16:24:21,Lab 301 (cam 2),anomaly_suppressed_cooldown,,
2026-07-01 16:24:21,Lab 301 (cam 2),anomaly_suppressed_cooldown,,
2026-07-01 16:24:22,Lab 301 (cam 2),anomaly_suppressed_cooldown,,
2026-07-01 16:24:22,Lab 301 (cam 2),anomaly_suppressed_cooldown,,
2026-07-01 16:24:22,Lab 301 (cam 2),anomaly_suppressed_cooldown,,
2026-07-01 16:24:22,Lab 301 (cam 2),anomaly_suppressed_cooldown,,
2026-07-01 16:24:22,Lab 301 (cam 2),anomaly_suppressed_cooldown,,
2026-07-01 16:24:22,Lab 301 (cam 2),anomaly_suppressed_cooldown,,
2026-07-01 16:24:22,Lab 301 (cam 2),anomaly_suppressed_cooldown,,
2026-07-01 16:24:22,Lab 301 (cam 2),anomaly_suppressed_cooldown,,
2026-07-01 16:24:22,Lab 301 (cam 2),anomaly_suppressed_cooldown,,
2026-07-01 16:24:22,Lab 301 (cam 2),anomaly_suppressed_cooldown,,
2026-07-01 16:24:22,Lab 301 (cam 2),anomaly_suppressed_cooldown,,
2026-07-01 16:24:22,Lab 301 (cam 2),anomaly_suppressed_cooldown,,
2026-07-01 16:24:22,Lab 301 (cam 2),anomaly_suppressed_cooldown,,
2026-07-01 16:24:22,Lab 301 (cam 2),anomaly_suppressed_cooldown,,
2026-07-01 16:24:22,Lab 301 (cam 2),anomaly_suppressed_cooldown,,
2026-07-01 16:24:22,Lab 301 (cam 2),anomaly_suppressed_cooldown,,
2026-07-01 16:24:22,Lab 301 (cam 2),anomaly_suppressed_cooldown,,
2026-07-01 16:24:22,Lab 301 (cam 2),anomaly_suppressed_cooldown,,
2026-07-01 16:24:22,Lab 301 (cam 2),anomaly_suppressed_cooldown,,
2026-07-01 16:24:22,Lab 301 (cam 2),anomaly_suppressed_cooldown,,
2026-07-01 16:24:22,Lab 301 (cam 2),anomaly_suppressed_cooldown,,
2026-07-01 16:24:22,Lab 301 (cam 2),anomaly_suppressed_cooldown,,
2026-07-01 16:24:22,Lab 301 (cam 2),anomaly_suppressed_cooldown,,
2026-07-01 16:24:22,Lab 301 (cam 2),anomaly_suppressed_cooldown,,
2026-07-01 16:24:22,Lab 301 (cam 2),anomaly_suppressed_cooldown,,
2026-07-01 16:24:22,Lab 301 (cam 2),anomaly_suppressed_cooldown,,
2026-07-01 16:24:22,Lab 301 (cam 2),anomaly_suppressed_cooldown,,
2026-07-01 16:24:23,Lab 301 (cam 2),anomaly_suppressed_cooldown,,
2026-07-01 16:24:23,Lab 301 (cam 2),anomaly_suppressed_cooldown,,
2026-07-01 16:24:24,Lab 301 (cam 2),anomaly_suppressed_cooldown,,
2026-07-01 16:24:24,Lab 301 (cam 2),anomaly_suppressed_cooldown,,
2026-07-01 16:24:24,Lab 301 (cam 2),anomaly_suppressed_cooldown,,
2026-07-01 16:24:24,Lab 301 (cam 2),anomaly_suppressed_cooldown,,
2026-07-01 16:24:24,Lab 301 (cam 2),anomaly_suppressed_cooldown,,
2026-07-01 16:24:24,Lab 301 (cam 2),anomaly_suppressed_cooldown,,
2026-07-01 16:24:24,Lab 301 (cam 2),anomaly_suppressed_cooldown,,
2026-07-01 16:24:24,Lab 301 (cam 2),anomaly_suppressed_cooldown,,
2026-07-01 16:24:24,Lab 301 (cam 2),anomaly_suppressed_cooldown,,
2026-07-01 16:24:24,Lab 301 (cam 2),anomaly_suppressed_cooldown,,
2026-07-01 16:24:24,Lab 301 (cam 2),anomaly_suppressed_cooldown,,
2026-07-01 16:24:25,Lab 301 (cam 2),anomaly_suppressed_cooldown,,
2026-07-01 16:24:25,Lab 301 (cam 2),anomaly_suppressed_cooldown,,
2026-07-01 16:24:25,Lab 301 (cam 2),anomaly_suppressed_cooldown,,
2026-07-01 16:24:25,Lab 301 (cam 2),anomaly_suppressed_cooldown,,
2026-07-01 16:24:25,Lab 301 (cam 2),anomaly_suppressed_cooldown,,
2026-07-01 16:24:25,Lab 301 (cam 2),anomaly_suppressed_cooldown,,
2026-07-01 16:24:25,Lab 301 (cam 2),anomaly_suppressed_cooldown,,
2026-07-01 16:24:25,Lab 301 (cam 2),anomaly_suppressed_cooldown,,
2026-07-01 16:24:25,Lab 301 (cam 2),anomaly_suppressed_cooldown,,
2026-07-01 16:24:25,Lab 301 (cam 2),anomaly_suppressed_cooldown,,
2026-07-01 16:24:25,Lab 301 (cam 2),anomaly_suppressed_cooldown,,
2026-07-01 16:24:25,Lab 301 (cam 2),anomaly_suppressed_cooldown,,
2026-07-01 16:24:25,Lab 301 (cam 2),anomaly_suppressed_cooldown,,
2026-07-01 16:24:25,Lab 301 (cam 2),anomaly_suppressed_cooldown,,
2026-07-01 16:24:25,Lab 301 (cam 2),anomaly_suppressed_cooldown,,
2026-07-01 16:24:25,Lab 301 (cam 2),anomaly_suppressed_cooldown,,
2026-07-01 16:24:25,Lab 301 (cam 2),anomaly_suppressed_cooldown,,
2026-07-01 16:24:25,Lab 301 (cam 2),anomaly_suppressed_cooldown,,
2026-07-01 16:24:25,Lab 301 (cam 2),anomaly_suppressed_cooldown,,
2026-07-01 16:24:25,Lab 301 (cam 2),anomaly_suppressed_cooldown,,
2026-07-01 16:24:25,Lab 301 (cam 2),anomaly_suppressed_cooldown,,
2026-07-01 16:24:25,Lab 301 (cam 2),anomaly_suppressed_cooldown,,
2026-07-01 16:24:25,Lab 301 (cam 2),anomaly_suppressed_cooldown,,
2026-07-01 16:24:25,Lab 301 (cam 2),anomaly_suppressed_cooldown,,
2026-07-01 16:24:25,Lab 301 (cam 2),anomaly_suppressed_cooldown,,
2026-07-01 16:24:25,Lab 301 (cam 2),anomaly_suppressed_cooldown,,
2026-07-01 16:24:26,Lab 301 (cam 2),anomaly_suppressed_cooldown,,
2026-07-01 16:24:26,Lab 301 (cam 2),anomaly_suppressed_cooldown,,
2026-07-01 16:24:26,Lab 301 (cam 2),anomaly_suppressed_cooldown,,
2026-07-01 16:24:26,Lab 301 (cam 2),anomaly_suppressed_cooldown,,
2026-07-01 16:24:26,Lab 301 (cam 2),anomaly_suppressed_cooldown,,
2026-07-01 16:24:26,Lab 301 (cam 2),anomaly_suppressed_cooldown,,
2026-07-01 16:24:26,Lab 301 (cam 2),anomaly_suppressed_cooldown,,
2026-07-01 16:24:26,Lab 301 (cam 2),anomaly_suppressed_cooldown,,
2026-07-01 16:24:26,Lab 301 (cam 2),anomaly_suppressed_cooldown,,
2026-07-01 16:24:26,Lab 301 (cam 2),anomaly_suppressed_cooldown,,
2026-07-01 16:24:26,Lab 301 (cam 2),anomaly_suppressed_cooldown,,
2026-07-01 16:24:26,Lab 301 (cam 2),anomaly_suppressed_cooldown,,
2026-07-01 16:24:26,Lab 301 (cam 2),anomaly_suppressed_cooldown,,
2026-07-01 16:24:26,Lab 301 (cam 2),anomaly_suppressed_cooldown,,
2026-07-01 16:24:26,Lab 301 (cam 2),anomaly_suppressed_cooldown,,
2026-07-01 16:24:26,Lab 301 (cam 2),anomaly_suppressed_cooldown,,
2026-07-01 16:24:26,Lab 301 (cam 2),anomaly_suppressed_cooldown,,
2026-07-01 16:24:26,Lab 301 (cam 2),anomaly_suppressed_cooldown,,
2026-07-01 16:24:26,Lab 301 (cam 2),anomaly_suppressed_cooldown,,
2026-07-01 16:24:26,Lab 301 (cam 2),anomaly_suppressed_cooldown,,
2026-07-01 16:24:26,Lab 301 (cam 2),anomaly_suppressed_cooldown,,
2026-07-01 16:24:26,Lab 301 (cam 2),anomaly_suppressed_cooldown,,
2026-07-01 16:24:26,Lab 301 (cam 2),anomaly_suppressed_cooldown,,
2026-07-01 16:24:26,Lab 301 (cam 2),anomaly_suppressed_cooldown,,
2026-07-01 16:24:26,Lab 301 (cam 2),anomaly_suppressed_cooldown,,
2026-07-01 16:24:26,Lab 301 (cam 2),anomaly_suppressed_cooldown,,
2026-07-01 16:24:26,Lab 301 (cam 2),anomaly_suppressed_cooldown,,
2026-07-01 16:24:26,Lab 301 (cam 2),anomaly_suppressed_cooldown,,
2026-07-01 16:24:26,Lab 301 (cam 2),anomaly_suppressed_cooldown,,
2026-07-01 16:24:27,Lab 301 (cam 2),anomaly_suppressed_cooldown,,
2026-07-01 16:24:27,Lab 301 (cam 2),anomaly_suppressed_cooldown,,
2026-07-01 16:24:27,Lab 301 (cam 2),anomaly_suppressed_cooldown,,
2026-07-01 16:24:27,Lab 301 (cam 2),anomaly_suppressed_cooldown,,
2026-07-01 16:24:27,Lab 301 (cam 2),anomaly_suppressed_cooldown,,
2026-07-01 16:24:27,Lab 301 (cam 2),anomaly_suppressed_cooldown,,
2026-07-01 16:24:27,Lab 301 (cam 2),anomaly_suppressed_cooldown,,
2026-07-01 16:24:27,Lab 301 (cam 2),anomaly_suppressed_cooldown,,
2026-07-01 16:24:27,Lab 301 (cam 2),anomaly_suppressed_cooldown,,
2026-07-01 16:24:27,Lab 301 (cam 2),anomaly_suppressed_cooldown,,
2026-07-01 16:24:27,Lab 301 (cam 2),anomaly_suppressed_cooldown,,
2026-07-01 16:24:27,Lab 301 (cam 2),anomaly_suppressed_cooldown,,
2026-07-01 16:24:27,Lab 301 (cam 2),anomaly_suppressed_cooldown,,
2026-07-01 16:24:27,Lab 301 (cam 2),anomaly_suppressed_cooldown,,
2026-07-01 16:24:27,Lab 301 (cam 2),anomaly_suppressed_cooldown,,
2026-07-01 16:24:27,Lab 301 (cam 2),anomaly_suppressed_cooldown,,
2026-07-01 16:24:27,Lab 301 (cam 2),anomaly_suppressed_cooldown,,
2026-07-01 16:24:27,Lab 301 (cam 2),anomaly_suppressed_cooldown,,
2026-07-01 16:24:27,Lab 301 (cam 2),anomaly_suppressed_cooldown,,
2026-07-01 16:24:27,Lab 301 (cam 2),anomaly_suppressed_cooldown,,
2026-07-01 16:24:27,Lab 301 (cam 2),anomaly_suppressed_cooldown,,
2026-07-01 16:24:27,Lab 301 (cam 2),anomaly_suppressed_cooldown,,
2026-07-01 16:24:27,Lab 301 (cam 2),anomaly_suppressed_cooldown,,
2026-07-01 16:24:27,Lab 301 (cam 2),anomaly_suppressed_cooldown,,
2026-07-01 16:24:27,Lab 301 (cam 2),anomaly_suppressed_cooldown,,
2026-07-01 16:24:27,Lab 301 (cam 2),anomaly_suppressed_cooldown,,
2026-07-01 16:24:27,Lab 301 (cam 2),anomaly_suppressed_cooldown,,
2026-07-01 16:24:27,Lab 301 (cam 2),anomaly_suppressed_cooldown,,
2026-07-01 16:24:27,Lab 301 (cam 2),anomaly_suppressed_cooldown,,
2026-07-01 16:24:27,Lab 301 (cam 2),anomaly_suppressed_cooldown,,
2026-07-01 16:24:27,Lab 301 (cam 2),anomaly_suppressed_cooldown,,
2026-07-01 16:24:28,Lab 301 (cam 2),anomaly_suppressed_cooldown,,
2026-07-01 16:24:28,Lab 301 (cam 2),anomaly_suppressed_cooldown,,
2026-07-01 16:24:28,Lab 301 (cam 2),anomaly_suppressed_cooldown,,
2026-07-01 16:24:28,Lab 301 (cam 2),anomaly_suppressed_cooldown,,
2026-07-01 16:24:28,Lab 301 (cam 2),anomaly_suppressed_cooldown,,
2026-07-01 16:24:28,Lab 301 (cam 2),anomaly_suppressed_cooldown,,
2026-07-01 16:24:28,Lab 301 (cam 2),anomaly_suppressed_cooldown,,
2026-07-01 16:24:28,Lab 301 (cam 2),anomaly_suppressed_cooldown,,
2026-07-01 16:24:28,Lab 301 (cam 2),anomaly_suppressed_cooldown,,
2026-07-01 16:24:28,Lab 301 (cam 2),anomaly_suppressed_cooldown,,
2026-07-01 16:24:28,Lab 301 (cam 2),anomaly_suppressed_cooldown,,
2026-07-01 16:24:28,Lab 301 (cam 2),anomaly_suppressed_cooldown,,
2026-07-01 16:24:28,Lab 301 (cam 2),anomaly_suppressed_cooldown,,
2026-07-01 16:24:28,Lab 301 (cam 2),anomaly_suppressed_cooldown,,
2026-07-01 16:24:28,Lab 301 (cam 2),anomaly_suppressed_cooldown,,
2026-07-01 16:24:28,Lab 301 (cam 2),anomaly_suppressed_cooldown,,
2026-07-01 16:24:28,Lab 301 (cam 2),anomaly_suppressed_cooldown,,
2026-07-01 16:24:28,Lab 301 (cam 2),anomaly_suppressed_cooldown,,
2026-07-01 16:24:28,Lab 301 (cam 2),anomaly_suppressed_cooldown,,
2026-07-01 16:24:28,Lab 301 (cam 2),anomaly_suppressed_cooldown,,
2026-07-01 16:24:28,Lab 301 (cam 2),anomaly_suppressed_cooldown,,
2026-07-01 16:24:28,Lab 301 (cam 2),anomaly_suppressed_cooldown,,
2026-07-01 16:24:28,Lab 301 (cam 2),anomaly_suppressed_cooldown,,
2026-07-01 16:24:28,Lab 301 (cam 2),anomaly_suppressed_cooldown,,
2026-07-01 16:24:28,Lab 301 (cam 2),anomaly_suppressed_cooldown,,
2026-07-01 16:24:28,Lab 301 (cam 2),anomaly_suppressed_cooldown,,
2026-07-01 16:24:28,Lab 301 (cam 2),anomaly_suppressed_cooldown,,
2026-07-01 16:24:28,Lab 301 (cam 2),anomaly_suppressed_cooldown,,
2026-07-01 16:24:29,Lab 301 (cam 2),anomaly_suppressed_cooldown,,
2026-07-01 16:24:29,Lab 301 (cam 2),anomaly_suppressed_cooldown,,
2026-07-01 16:24:29,Lab 301 (cam 2),anomaly_suppressed_cooldown,,
2026-07-01 16:24:29,Lab 301 (cam 2),anomaly_suppressed_cooldown,,
2026-07-01 16:24:29,Lab 301 (cam 2),anomaly_suppressed_cooldown,,
2026-07-01 16:24:29,Lab 301 (cam 2),anomaly_suppressed_cooldown,,
2026-07-01 16:24:29,Lab 301 (cam 2),anomaly_suppressed_cooldown,,
2026-07-01 16:24:29,Lab 301 (cam 2),anomaly_suppressed_cooldown,,
2026-07-01 16:24:29,Lab 301 (cam 2),anomaly_suppressed_cooldown,,
2026-07-01 16:24:29,Lab 301 (cam 2),anomaly_suppressed_cooldown,,
2026-07-01 16:24:29,Lab 301 (cam 2),anomaly_suppressed_cooldown,,
2026-07-01 16:24:29,Lab 301 (cam 2),anomaly_suppressed_cooldown,,
2026-07-01 16:24:29,Lab 301 (cam 2),anomaly_suppressed_cooldown,,
2026-07-01 16:24:29,Lab 301 (cam 2),anomaly_suppressed_cooldown,,
2026-07-01 16:24:29,Lab 301 (cam 2),anomaly_suppressed_cooldown,,
2026-07-01 16:24:29,Lab 301 (cam 2),anomaly_suppressed_cooldown,,
2026-07-01 16:24:29,Lab 301 (cam 2),anomaly_suppressed_cooldown,,
2026-07-01 16:24:29,Lab 301 (cam 2),anomaly_suppressed_cooldown,,
2026-07-01 16:24:29,Lab 301 (cam 2),anomaly_suppressed_cooldown,,
2026-07-01 16:24:29,Lab 301 (cam 2),anomaly_suppressed_cooldown,,
2026-07-01 16:24:29,Lab 301 (cam 2),anomaly_suppressed_cooldown,,
2026-07-01 16:24:29,Lab 301 (cam 2),anomaly_suppressed_cooldown,,
2026-07-01 16:24:29,Lab 301 (cam 2),anomaly_suppressed_cooldown,,
2026-07-01 16:24:29,Lab 301 (cam 2),anomaly_suppressed_cooldown,,
2026-07-01 16:24:29,Lab 301 (cam 2),anomaly_suppressed_cooldown,,
2026-07-01 16:24:30,Lab 301 (cam 2),anomaly_suppressed_cooldown,,
2026-07-01 16:24:30,Lab 301 (cam 2),anomaly_suppressed_cooldown,,
2026-07-01 16:24:30,Lab 301 (cam 2),anomaly_suppressed_cooldown,,
2026-07-01 16:24:30,Lab 301 (cam 2),anomaly_suppressed_cooldown,,
2026-07-01 16:24:30,Lab 301 (cam 2),anomaly_suppressed_cooldown,,
2026-07-01 16:24:30,Lab 301 (cam 2),anomaly_suppressed_cooldown,,
2026-07-01 16:24:30,Lab 301 (cam 2),anomaly_suppressed_cooldown,,
2026-07-01 16:24:30,Lab 301 (cam 2),anomaly_suppressed_cooldown,,
2026-07-01 16:24:35,Lab 301 (cam 2),anomaly_suppressed_cooldown,,
2026-07-01 16:24:35,Lab 301 (cam 2),anomaly_suppressed_cooldown,,
2026-07-01 16:24:35,Lab 301 (cam 2),anomaly_suppressed_cooldown,,
2026-07-01 16:24:35,Lab 301 (cam 2),anomaly_suppressed_cooldown,,
2026-07-01 16:24:35,Lab 301 (cam 2),anomaly_suppressed_cooldown,,
2026-07-01 16:24:35,Lab 301 (cam 2),anomaly_suppressed_cooldown,,
2026-07-01 16:24:35,Lab 301 (cam 2),anomaly_suppressed_cooldown,,
2026-07-01 16:24:35,Lab 301 (cam 2),anomaly_suppressed_cooldown,,
2026-07-01 16:24:35,Lab 301 (cam 2),anomaly_suppressed_cooldown,,
2026-07-01 16:24:35,Lab 301 (cam 2),anomaly_suppressed_cooldown,,
2026-07-01 16:24:35,Lab 301 (cam 2),anomaly_suppressed_cooldown,,
2026-07-01 16:24:35,Lab 301 (cam 2),anomaly_suppressed_cooldown,,
2026-07-01 16:24:35,Lab 301 (cam 2),anomaly_suppressed_cooldown,,
2026-07-01 16:24:35,Lab 301 (cam 2),anomaly_suppressed_cooldown,,
2026-07-01 16:24:35,Lab 301 (cam 2),anomaly_suppressed_cooldown,,
2026-07-01 16:24:35,Lab 301 (cam 2),anomaly_suppressed_cooldown,,
2026-07-01 16:24:35,Lab 301 (cam 2),anomaly_suppressed_cooldown,,
2026-07-01 16:24:35,Lab 301 (cam 2),anomaly_suppressed_cooldown,,
2026-07-01 16:24:35,Lab 301 (cam 2),anomaly_suppressed_cooldown,,
2026-07-01 16:24:35,Lab 301 (cam 2),anomaly_suppressed_cooldown,,
2026-07-01 16:24:35,Lab 301 (cam 2),anomaly_suppressed_cooldown,,
2026-07-01 16:24:35,Lab 301 (cam 2),anomaly_suppressed_cooldown,,
2026-07-01 16:24:35,Lab 301 (cam 2),anomaly_suppressed_cooldown,,
2026-07-01 16:24:35,Lab 301 (cam 2),anomaly_suppressed_cooldown,,
2026-07-01 16:24:35,Lab 301 (cam 2),anomaly_suppressed_cooldown,,
2026-07-01 16:24:36,Lab 301 (cam 2),anomaly_suppressed_cooldown,,
2026-07-01 16:24:36,Lab 301 (cam 2),anomaly_suppressed_cooldown,,
2026-07-01 16:24:36,Lab 301 (cam 2),anomaly_suppressed_cooldown,,
2026-07-01 16:24:36,Lab 301 (cam 2),anomaly_suppressed_cooldown,,
2026-07-01 16:24:36,Lab 301 (cam 2),anomaly_suppressed_cooldown,,
2026-07-01 16:24:36,Lab 301 (cam 2),anomaly_suppressed_cooldown,,
2026-07-01 16:24:36,Lab 301 (cam 2),anomaly_suppressed_cooldown,,
2026-07-01 16:24:36,Lab 301 (cam 2),anomaly_suppressed_cooldown,,
2026-07-01 16:24:36,Lab 301 (cam 2),anomaly_suppressed_cooldown,,
2026-07-01 16:24:36,Lab 301 (cam 2),anomaly_suppressed_cooldown,,
2026-07-01 16:24:36,Lab 301 (cam 2),anomaly_suppressed_cooldown,,
2026-07-01 16:24:36,Lab 301 (cam 2),anomaly_suppressed_cooldown,,
2026-07-01 16:24:36,Lab 301 (cam 2),anomaly_suppressed_cooldown,,
2026-07-01 16:24:36,Lab 301 (cam 2),anomaly_suppressed_cooldown,,
2026-07-01 16:24:36,Lab 301 (cam 2),anomaly_suppressed_cooldown,,
2026-07-01 16:24:36,Lab 301 (cam 2),anomaly_suppressed_cooldown,,
2026-07-01 16:24:36,Lab 301 (cam 2),anomaly_suppressed_cooldown,,
2026-07-01 16:24:36,Lab 301 (cam 2),anomaly_suppressed_cooldown,,
2026-07-01 16:24:36,Lab 301 (cam 2),anomaly_suppressed_cooldown,,
2026-07-01 16:24:36,Lab 301 (cam 2),anomaly_suppressed_cooldown,,
2026-07-01 16:24:36,Lab 301 (cam 2),anomaly_suppressed_cooldown,,
2026-07-01 16:24:37,Lab 301 (cam 2),anomaly_suppressed_cooldown,,
2026-07-01 16:24:37,Lab 301 (cam 2),anomaly_suppressed_cooldown,,
2026-07-01 16:24:37,Lab 301 (cam 2),anomaly_suppressed_cooldown,,
2026-07-01 16:24:37,Lab 301 (cam 2),anomaly_suppressed_cooldown,,
2026-07-01 16:24:37,Lab 301 (cam 2),anomaly_suppressed_cooldown,,
2026-07-01 16:24:37,Lab 301 (cam 2),anomaly_suppressed_cooldown,,
2026-07-01 16:24:37,Lab 301 (cam 2),anomaly_suppressed_cooldown,,
2026-07-01 16:24:37,Lab 301 (cam 2),anomaly_suppressed_cooldown,,
2026-07-01 16:24:37,Lab 301 (cam 2),anomaly_suppressed_cooldown,,
2026-07-01 16:24:37,Lab 301 (cam 2),anomaly_suppressed_cooldown,,
2026-07-01 16:24:37,Lab 301 (cam 2),anomaly_suppressed_cooldown,,
2026-07-01 16:24:37,Lab 301 (cam 2),anomaly_suppressed_cooldown,,
2026-07-01 16:24:37,Lab 301 (cam 2),anomaly_suppressed_cooldown,,
2026-07-01 16:24:37,Lab 301 (cam 2),anomaly_suppressed_cooldown,,
2026-07-01 16:24:37,Lab 301 (cam 2),anomaly_suppressed_cooldown,,
2026-07-01 16:24:37,Lab 301 (cam 2),anomaly_suppressed_cooldown,,
2026-07-01 16:24:37,Lab 301 (cam 2),anomaly_suppressed_cooldown,,
2026-07-01 16:24:37,Lab 301 (cam 2),anomaly_suppressed_cooldown,,
2026-07-01 16:24:37,Lab 301 (cam 2),anomaly_suppressed_cooldown,,
2026-07-01 16:24:37,Lab 301 (cam 2),anomaly_suppressed_cooldown,,
2026-07-01 16:24:37,Lab 301 (cam 2),anomaly_suppressed_cooldown,,
2026-07-01 16:24:37,Lab 301 (cam 2),anomaly_suppressed_cooldown,,
2026-07-01 16:24:37,Lab 301 (cam 2),anomaly_suppressed_cooldown,,
2026-07-01 16:24:37,Lab 301 (cam 2),anomaly_suppressed_cooldown,,
2026-07-01 16:24:38,Lab 301 (cam 2),anomaly_suppressed_cooldown,,
2026-07-01 16:24:38,Lab 301 (cam 2),anomaly_suppressed_cooldown,,
2026-07-01 16:24:38,Lab 301 (cam 2),anomaly_suppressed_cooldown,,
2026-07-01 16:24:38,Lab 301 (cam 2),anomaly_suppressed_cooldown,,
2026-07-01 16:24:38,Lab 301 (cam 2),anomaly_suppressed_cooldown,,
2026-07-01 16:24:38,Lab 301 (cam 2),anomaly_suppressed_cooldown,,
2026-07-01 16:24:38,Lab 301 (cam 2),anomaly_suppressed_cooldown,,
2026-07-01 16:24:38,Lab 301 (cam 2),anomaly_suppressed_cooldown,,
2026-07-01 16:24:38,Lab 301 (cam 2),anomaly_suppressed_cooldown,,
2026-07-01 16:24:38,Lab 301 (cam 2),anomaly_suppressed_cooldown,,
2026-07-01 16:24:38,Lab 301 (cam 2),anomaly_suppressed_cooldown,,
2026-07-01 16:24:38,Lab 301 (cam 2),anomaly_suppressed_cooldown,,
2026-07-01 16:24:38,Lab 301 (cam 2),anomaly_suppressed_cooldown,,
2026-07-01 16:24:38,Lab 301 (cam 2),anomaly_suppressed_cooldown,,
2026-07-01 16:24:38,Lab 301 (cam 2),anomaly_suppressed_cooldown,,
2026-07-01 16:24:38,Lab 301 (cam 2),anomaly_suppressed_cooldown,,
2026-07-01 16:24:38,Lab 301 (cam 2),anomaly_suppressed_cooldown,,
2026-07-01 16:24:38,Lab 301 (cam 2),anomaly_suppressed_cooldown,,
2026-07-01 16:24:38,Lab 301 (cam 2),anomaly_suppressed_cooldown,,
2026-07-01 16:24:38,Lab 301 (cam 2),anomaly_suppressed_cooldown,,
2026-07-01 16:24:39,Lab 301 (cam 2),anomaly_suppressed_cooldown,,
2026-07-01 16:24:39,Lab 301 (cam 2),anomaly_suppressed_cooldown,,
2026-07-01 16:24:39,Lab 301 (cam 2),anomaly_suppressed_cooldown,,
2026-07-01 16:24:39,Lab 301 (cam 2),anomaly_suppressed_cooldown,,
2026-07-01 16:24:39,Lab 301 (cam 2),anomaly_suppressed_cooldown,,
2026-07-01 16:24:39,Lab 301 (cam 2),anomaly_suppressed_cooldown,,
2026-07-01 16:24:39,Lab 301 (cam 2),anomaly_suppressed_cooldown,,
2026-07-01 16:24:39,Lab 301 (cam 2),anomaly_suppressed_cooldown,,
2026-07-01 16:24:39,Lab 301 (cam 2),anomaly_suppressed_cooldown,,
2026-07-01 16:24:39,Lab 301 (cam 2),anomaly_suppressed_cooldown,,
2026-07-01 16:24:39,Lab 301 (cam 2),anomaly_suppressed_cooldown,,
2026-07-01 16:24:39,Lab 301 (cam 2),anomaly_suppressed_cooldown,,
2026-07-01 16:24:39,Lab 301 (cam 2),anomaly_suppressed_cooldown,,
2026-07-01 16:24:39,Lab 301 (cam 2),anomaly_suppressed_cooldown,,
2026-07-01 16:24:39,Lab 301 (cam 2),anomaly_suppressed_cooldown,,
2026-07-01 16:24:39,Lab 301 (cam 2),anomaly_suppressed_cooldown,,
2026-07-01 16:24:39,Lab 301 (cam 2),anomaly_suppressed_cooldown,,
2026-07-01 16:24:39,Lab 301 (cam 2),anomaly_suppressed_cooldown,,
2026-07-01 16:24:39,Lab 301 (cam 2),anomaly_suppressed_cooldown,,
2026-07-01 16:24:39,Lab 301 (cam 2),anomaly_suppressed_cooldown,,
2026-07-01 16:24:39,Lab 301 (cam 2),anomaly_suppressed_cooldown,,
2026-07-01 16:24:40,Lab 301 (cam 2),anomaly_suppressed_cooldown,,
2026-07-01 16:24:40,Lab 301 (cam 2),anomaly_suppressed_cooldown,,
2026-07-01 16:24:40,Lab 301 (cam 2),anomaly_suppressed_cooldown,,
2026-07-01 16:24:40,Lab 301 (cam 2),anomaly_suppressed_cooldown,,
2026-07-01 16:24:40,Lab 301 (cam 2),anomaly_suppressed_cooldown,,
2026-07-01 16:24:40,Lab 301 (cam 2),anomaly_suppressed_cooldown,,
2026-07-01 16:24:40,Lab 301 (cam 2),anomaly_suppressed_cooldown,,
2026-07-01 16:24:40,Lab 301 (cam 2),anomaly_suppressed_cooldown,,
2026-07-01 16:24:40,Lab 301 (cam 2),anomaly_suppressed_cooldown,,
2026-07-01 16:24:40,Lab 301 (cam 2),anomaly_suppressed_cooldown,,
2026-07-01 16:24:40,Lab 301 (cam 2),anomaly_suppressed_cooldown,,
2026-07-01 16:24:40,Lab 301 (cam 2),anomaly_suppressed_cooldown,,
2026-07-01 16:24:40,Lab 301 (cam 2),anomaly_suppressed_cooldown,,
2026-07-01 16:24:40,Lab 301 (cam 2),anomaly_suppressed_cooldown,,
2026-07-01 16:24:40,Lab 301 (cam 2),anomaly_suppressed_cooldown,,
2026-07-01 16:24:40,Lab 301 (cam 2),anomaly_suppressed_cooldown,,
2026-07-01 16:24:40,Lab 301 (cam 2),anomaly_suppressed_cooldown,,
2026-07-01 16:24:40,Lab 301 (cam 2),anomaly_suppressed_cooldown,,
2026-07-01 16:24:40,Lab 301 (cam 2),anomaly_suppressed_cooldown,,
2026-07-01 16:24:40,Lab 301 (cam 2),anomaly_suppressed_cooldown,,
2026-07-01 16:24:40,Lab 301 (cam 2),anomaly_suppressed_cooldown,,
2026-07-01 16:24:40,Lab 301 (cam 2),anomaly_suppressed_cooldown,,
2026-07-01 16:24:40,Lab 301 (cam 2),anomaly_suppressed_cooldown,,
2026-07-01 16:24:40,Lab 301 (cam 2),anomaly_suppressed_cooldown,,
2026-07-01 16:24:40,Lab 301 (cam 2),anomaly_suppressed_cooldown,,
2026-07-01 16:24:40,Lab 301 (cam 2),anomaly_suppressed_cooldown,,
2026-07-01 16:24:41,Lab 301 (cam 2),anomaly_suppressed_cooldown,,
2026-07-01 16:24:41,Lab 301 (cam 2),anomaly_suppressed_cooldown,,
2026-07-01 16:24:41,Lab 301 (cam 2),anomaly_suppressed_cooldown,,
2026-07-01 16:24:41,Lab 301 (cam 2),anomaly_suppressed_cooldown,,
2026-07-01 16:24:41,Lab 301 (cam 2),anomaly_suppressed_cooldown,,
2026-07-01 16:24:41,Lab 301 (cam 2),anomaly_suppressed_cooldown,,
2026-07-01 16:24:41,Lab 301 (cam 2),anomaly_suppressed_cooldown,,
2026-07-01 16:24:41,Lab 301 (cam 2),anomaly_suppressed_cooldown,,
2026-07-01 16:24:41,Lab 301 (cam 2),anomaly_suppressed_cooldown,,
2026-07-01 16:24:41,Lab 301 (cam 2),anomaly_suppressed_cooldown,,
2026-07-01 16:24:41,Lab 301 (cam 2),anomaly_suppressed_cooldown,,
2026-07-01 16:24:41,Lab 301 (cam 2),anomaly_suppressed_cooldown,,
2026-07-01 16:24:41,Lab 301 (cam 2),anomaly_suppressed_cooldown,,
2026-07-01 16:24:41,Lab 301 (cam 2),anomaly_suppressed_cooldown,,
2026-07-01 16:24:41,Lab 301 (cam 2),anomaly_suppressed_cooldown,,
2026-07-01 16:24:41,Lab 301 (cam 2),anomaly_suppressed_cooldown,,
2026-07-01 16:24:41,Lab 301 (cam 2),anomaly_suppressed_cooldown,,
2026-07-01 16:24:41,Lab 301 (cam 2),anomaly_suppressed_cooldown,,
2026-07-01 16:24:41,Lab 301 (cam 2),anomaly_suppressed_cooldown,,
2026-07-01 16:24:41,Lab 301 (cam 2),anomaly_suppressed_cooldown,,
2026-07-01 16:24:41,Lab 301 (cam 2),anomaly_suppressed_cooldown,,
2026-07-01 16:24:41,Lab 301 (cam 2),anomaly_suppressed_cooldown,,
2026-07-01 16:24:41,Lab 301 (cam 2),anomaly_suppressed_cooldown,,
2026-07-01 16:24:41,Lab 301 (cam 2),anomaly_suppressed_cooldown,,
2026-07-01 16:24:42,Lab 301 (cam 2),anomaly_suppressed_cooldown,,
2026-07-01 16:24:42,Lab 301 (cam 2),anomaly_suppressed_cooldown,,
2026-07-01 16:24:42,Lab 301 (cam 2),anomaly_suppressed_cooldown,,
2026-07-01 16:24:42,Lab 301 (cam 2),anomaly_suppressed_cooldown,,
2026-07-01 16:24:42,Lab 301 (cam 2),anomaly_suppressed_cooldown,,
2026-07-01 16:24:42,Lab 301 (cam 2),anomaly_suppressed_cooldown,,
2026-07-01 16:24:42,Lab 301 (cam 2),anomaly_suppressed_cooldown,,
2026-07-01 16:24:42,Lab 301 (cam 2),anomaly_suppressed_cooldown,,
2026-07-01 16:24:42,Lab 301 (cam 2),anomaly_suppressed_cooldown,,
2026-07-01 16:24:42,Lab 301 (cam 2),anomaly_suppressed_cooldown,,
2026-07-01 16:24:42,Lab 301 (cam 2),anomaly_suppressed_cooldown,,
2026-07-01 16:24:42,Lab 301 (cam 2),anomaly_suppressed_cooldown,,
2026-07-01 16:24:42,Lab 301 (cam 2),anomaly_suppressed_cooldown,,
2026-07-01 16:24:42,Lab 301 (cam 2),anomaly_suppressed_cooldown,,
2026-07-01 16:24:42,Lab 301 (cam 2),anomaly_suppressed_cooldown,,
2026-07-01 16:24:42,Lab 301 (cam 2),anomaly_suppressed_cooldown,,
2026-07-01 16:24:42,Lab 301 (cam 2),anomaly_suppressed_cooldown,,
2026-07-01 16:24:42,Lab 301 (cam 2),anomaly_suppressed_cooldown,,
2026-07-01 16:24:42,Lab 301 (cam 2),anomaly_suppressed_cooldown,,
2026-07-01 16:24:42,Lab 301 (cam 2),anomaly_suppressed_cooldown,,
2026-07-01 16:24:42,Lab 301 (cam 2),anomaly_suppressed_cooldown,,
2026-07-01 16:24:42,Lab 301 (cam 2),anomaly_suppressed_cooldown,,
2026-07-01 16:24:42,Lab 301 (cam 2),anomaly_suppressed_cooldown,,
2026-07-01 16:24:42,Lab 301 (cam 2),anomaly_suppressed_cooldown,,
2026-07-01 16:24:43,Lab 301 (cam 2),anomaly_suppressed_cooldown,,
2026-07-01 16:24:43,Lab 301 (cam 2),anomaly_suppressed_cooldown,,
2026-07-01 16:24:43,Lab 301 (cam 2),anomaly_suppressed_cooldown,,
2026-07-01 16:24:43,Lab 301 (cam 2),anomaly_suppressed_cooldown,,
2026-07-01 16:24:43,Lab 301 (cam 2),anomaly_suppressed_cooldown,,
2026-07-01 16:24:43,Lab 301 (cam 2),anomaly_suppressed_cooldown,,
2026-07-01 16:24:43,Lab 301 (cam 2),anomaly_suppressed_cooldown,,
2026-07-01 16:24:43,Lab 301 (cam 2),anomaly_suppressed_cooldown,,
2026-07-01 16:24:43,Lab 301 (cam 2),anomaly_suppressed_cooldown,,
2026-07-01 16:24:43,Lab 301 (cam 2),anomaly_suppressed_cooldown,,
2026-07-01 16:24:43,Lab 301 (cam 2),anomaly_suppressed_cooldown,,
2026-07-01 16:24:43,Lab 301 (cam 2),anomaly_suppressed_cooldown,,
2026-07-01 16:24:43,Lab 301 (cam 2),anomaly_suppressed_cooldown,,
2026-07-01 16:24:43,Lab 301 (cam 2),anomaly_suppressed_cooldown,,
2026-07-01 16:24:43,Lab 301 (cam 2),anomaly_suppressed_cooldown,,
2026-07-01 16:24:43,Lab 301 (cam 2),anomaly_suppressed_cooldown,,
2026-07-01 16:24:43,Lab 301 (cam 2),anomaly_suppressed_cooldown,,
2026-07-01 16:24:43,Lab 301 (cam 2),anomaly_suppressed_cooldown,,
2026-07-01 16:24:43,Lab 301 (cam 2),anomaly_suppressed_cooldown,,
2026-07-01 16:24:43,Lab 301 (cam 2),anomaly_suppressed_cooldown,,
2026-07-01 16:24:43,Lab 301 (cam 2),anomaly_suppressed_cooldown,,
2026-07-01 16:24:43,Lab 301 (cam 2),anomaly_suppressed_cooldown,,
2026-07-01 16:24:43,Lab 301 (cam 2),anomaly_suppressed_cooldown,,
2026-07-01 16:24:43,Lab 301 (cam 2),anomaly_suppressed_cooldown,,
2026-07-01 16:24:44,Lab 301 (cam 2),anomaly_suppressed_cooldown,,
2026-07-01 16:24:44,Lab 301 (cam 2),anomaly_suppressed_cooldown,,
2026-07-01 16:24:44,Lab 301 (cam 2),anomaly_suppressed_cooldown,,
2026-07-01 16:24:44,Lab 301 (cam 2),anomaly_suppressed_cooldown,,
2026-07-01 16:24:44,Lab 301 (cam 2),anomaly_suppressed_cooldown,,
2026-07-01 16:24:44,Lab 301 (cam 2),anomaly_suppressed_cooldown,,
2026-07-01 16:24:44,Lab 301 (cam 2),anomaly_suppressed_cooldown,,
2026-07-01 16:24:44,Lab 301 (cam 2),anomaly_suppressed_cooldown,,
2026-07-01 16:24:44,Lab 301 (cam 2),anomaly_suppressed_cooldown,,
2026-07-01 16:24:44,Lab 301 (cam 2),anomaly_suppressed_cooldown,,
2026-07-01 16:24:44,Lab 301 (cam 2),anomaly_suppressed_cooldown,,
2026-07-01 16:24:44,Lab 301 (cam 2),anomaly_suppressed_cooldown,,
2026-07-01 16:24:44,Lab 301 (cam 2),anomaly_suppressed_cooldown,,
2026-07-01 16:24:44,Lab 301 (cam 2),anomaly_suppressed_cooldown,,
2026-07-01 16:24:44,Lab 301 (cam 2),anomaly_suppressed_cooldown,,
2026-07-01 16:24:44,Lab 301 (cam 2),anomaly_suppressed_cooldown,,
2026-07-01 16:24:44,Lab 301 (cam 2),anomaly_suppressed_cooldown,,
2026-07-01 16:24:44,Lab 301 (cam 2),anomaly_suppressed_cooldown,,
2026-07-01 16:24:44,Lab 301 (cam 2),anomaly_suppressed_cooldown,,
2026-07-01 16:24:44,Lab 301 (cam 2),anomaly_suppressed_cooldown,,
2026-07-01 16:24:44,Lab 301 (cam 2),anomaly_suppressed_cooldown,,
2026-07-01 16:24:44,Lab 301 (cam 2),anomaly_suppressed_cooldown,,
2026-07-01 16:24:45,Lab 301 (cam 2),anomaly_suppressed_cooldown,,
2026-07-01 16:24:45,Lab 301 (cam 2),anomaly_suppressed_cooldown,,
2026-07-01 16:24:45,Lab 301 (cam 2),anomaly_suppressed_cooldown,,
2026-07-01 16:24:45,Lab 301 (cam 2),anomaly_suppressed_cooldown,,
2026-07-01 16:24:45,Lab 301 (cam 2),anomaly_suppressed_cooldown,,
2026-07-01 16:24:45,Lab 301 (cam 2),anomaly_suppressed_cooldown,,
2026-07-01 16:24:45,Lab 301 (cam 2),anomaly_suppressed_cooldown,,
2026-07-01 16:24:45,Lab 301 (cam 2),anomaly_suppressed_cooldown,,
2026-07-01 16:24:45,Lab 301 (cam 2),anomaly_suppressed_cooldown,,
2026-07-01 16:24:45,Lab 301 (cam 2),anomaly_suppressed_cooldown,,
2026-07-01 16:24:45,Lab 301 (cam 2),anomaly_suppressed_cooldown,,
2026-07-01 16:24:45,Lab 301 (cam 2),anomaly_suppressed_cooldown,,
2026-07-01 16:24:45,Lab 301 (cam 2),anomaly_suppressed_cooldown,,
2026-07-01 16:24:45,Lab 301 (cam 2),anomaly_suppressed_cooldown,,
2026-07-01 16:24:45,Lab 301 (cam 2),anomaly_suppressed_cooldown,,
2026-07-01 16:24:45,Lab 301 (cam 2),anomaly_suppressed_cooldown,,
2026-07-01 16:24:45,Lab 301 (cam 2),anomaly_suppressed_cooldown,,
2026-07-01 16:24:45,Lab 301 (cam 2),anomaly_suppressed_cooldown,,
2026-07-01 16:24:45,Lab 301 (cam 2),anomaly_suppressed_cooldown,,
2026-07-01 16:24:45,Lab 301 (cam 2),anomaly_suppressed_cooldown,,
2026-07-01 16:24:45,Lab 301 (cam 2),anomaly_suppressed_cooldown,,
2026-07-01 16:24:45,Lab 301 (cam 2),anomaly_suppressed_cooldown,,
2026-07-01 16:24:45,Lab 301 (cam 2),anomaly_suppressed_cooldown,,
2026-07-01 16:24:46,Lab 301 (cam 2),anomaly_suppressed_cooldown,,
2026-07-01 16:24:46,Lab 301 (cam 2),anomaly_suppressed_cooldown,,
2026-07-01 16:24:46,Lab 301 (cam 2),anomaly_suppressed_cooldown,,
2026-07-01 16:24:46,Lab 301 (cam 2),anomaly_suppressed_cooldown,,
2026-07-01 16:24:46,Lab 301 (cam 2),anomaly_suppressed_cooldown,,
2026-07-01 16:24:46,Lab 301 (cam 2),anomaly_suppressed_cooldown,,
2026-07-01 16:24:46,Lab 301 (cam 2),anomaly_suppressed_cooldown,,
2026-07-01 16:24:46,Lab 301 (cam 2),anomaly_suppressed_cooldown,,
2026-07-01 16:24:46,Lab 301 (cam 2),anomaly_suppressed_cooldown,,
2026-07-01 16:24:46,Lab 301 (cam 2),anomaly_suppressed_cooldown,,
2026-07-01 16:24:46,Lab 301 (cam 2),anomaly_suppressed_cooldown,,
2026-07-01 16:24:46,Lab 301 (cam 2),anomaly_suppressed_cooldown,,
2026-07-01 16:24:46,Lab 301 (cam 2),anomaly_suppressed_cooldown,,
2026-07-01 16:24:46,Lab 301 (cam 2),anomaly_suppressed_cooldown,,
2026-07-01 16:24:46,Lab 301 (cam 2),anomaly_suppressed_cooldown,,
2026-07-01 16:24:46,Lab 301 (cam 2),anomaly_suppressed_cooldown,,
2026-07-01 16:24:47,Lab 301 (cam 2),anomaly_suppressed_cooldown,,
2026-07-01 16:24:47,Lab 301 (cam 2),anomaly_suppressed_cooldown,,
2026-07-01 16:24:47,Lab 301 (cam 2),anomaly_suppressed_cooldown,,
2026-07-01 16:24:47,Lab 301 (cam 2),anomaly_suppressed_cooldown,,
2026-07-01 16:24:47,Lab 301 (cam 2),anomaly_suppressed_cooldown,,
2026-07-01 16:24:47,Lab 301 (cam 2),anomaly_suppressed_cooldown,,
2026-07-01 16:24:47,Lab 301 (cam 2),anomaly_suppressed_cooldown,,
2026-07-01 16:24:47,Lab 301 (cam 2),anomaly_suppressed_cooldown,,
2026-07-01 16:24:47,Lab 301 (cam 2),anomaly_suppressed_cooldown,,
2026-07-01 16:24:47,Lab 301 (cam 2),anomaly_suppressed_cooldown,,
2026-07-01 16:24:47,Lab 301 (cam 2),anomaly_suppressed_cooldown,,
2026-07-01 16:24:47,Lab 301 (cam 2),anomaly_suppressed_cooldown,,
2026-07-01 16:24:47,Lab 301 (cam 2),anomaly_suppressed_cooldown,,
2026-07-01 16:24:47,Lab 301 (cam 2),anomaly_suppressed_cooldown,,
2026-07-01 16:24:48,Lab 301 (cam 2),anomaly_suppressed_cooldown,,
2026-07-01 16:24:48,Lab 301 (cam 2),anomaly_suppressed_cooldown,,
2026-07-01 16:24:48,Lab 301 (cam 2),anomaly_suppressed_cooldown,,
2026-07-01 16:24:48,Lab 301 (cam 2),anomaly_suppressed_cooldown,,
2026-07-01 16:24:48,Lab 301 (cam 2),anomaly_suppressed_cooldown,,
2026-07-01 16:24:48,Lab 301 (cam 2),anomaly_suppressed_cooldown,,
2026-07-01 16:24:48,Lab 301 (cam 2),anomaly_suppressed_cooldown,,
2026-07-01 16:24:48,Lab 301 (cam 2),anomaly_suppressed_cooldown,,
2026-07-01 16:24:48,Lab 301 (cam 2),anomaly_suppressed_cooldown,,
2026-07-01 16:24:48,Lab 301 (cam 2),anomaly_suppressed_cooldown,,
2026-07-01 16:24:48,Lab 301 (cam 2),anomaly_suppressed_cooldown,,
2026-07-01 16:24:48,Lab 301 (cam 2),anomaly_suppressed_cooldown,,
2026-07-01 16:24:48,Lab 301 (cam 2),anomaly_suppressed_cooldown,,
2026-07-01 16:24:48,Lab 301 (cam 2),anomaly_suppressed_cooldown,,
2026-07-01 16:24:48,Lab 301 (cam 2),anomaly_suppressed_cooldown,,
2026-07-01 16:24:48,Lab 301 (cam 2),anomaly_suppressed_cooldown,,
2026-07-01 16:24:48,Lab 301 (cam 2),anomaly_suppressed_cooldown,,
2026-07-01 16:24:48,Lab 301 (cam 2),anomaly_suppressed_cooldown,,
2026-07-01 16:24:48,Lab 301 (cam 2),anomaly_suppressed_cooldown,,
2026-07-01 16:24:48,Lab 301 (cam 2),anomaly_suppressed_cooldown,,
2026-07-01 16:24:48,Lab 301 (cam 2),anomaly_suppressed_cooldown,,
2026-07-01 16:24:48,Lab 301 (cam 2),anomaly_suppressed_cooldown,,
2026-07-01 16:24:48,Lab 301 (cam 2),anomaly_suppressed_cooldown,,
2026-07-01 16:24:49,Lab 301 (cam 2),anomaly_suppressed_cooldown,,
2026-07-01 16:24:49,Lab 301 (cam 2),anomaly_suppressed_cooldown,,
2026-07-01 16:24:49,Lab 301 (cam 2),anomaly_suppressed_cooldown,,
2026-07-01 16:24:49,Lab 301 (cam 2),anomaly_suppressed_cooldown,,
2026-07-01 16:24:49,Lab 301 (cam 2),anomaly_suppressed_cooldown,,
2026-07-01 16:24:49,Lab 301 (cam 2),anomaly_suppressed_cooldown,,
2026-07-01 16:24:49,Lab 301 (cam 2),anomaly_suppressed_cooldown,,
2026-07-01 16:24:49,Lab 301 (cam 2),anomaly_suppressed_cooldown,,
2026-07-01 16:24:49,Lab 301 (cam 2),anomaly_suppressed_cooldown,,
2026-07-01 16:24:49,Lab 301 (cam 2),anomaly_suppressed_cooldown,,
2026-07-01 16:24:49,Lab 301 (cam 2),anomaly_suppressed_cooldown,,
2026-07-01 16:24:49,Lab 301 (cam 2),anomaly_suppressed_cooldown,,
2026-07-01 16:24:49,Lab 301 (cam 2),anomaly_suppressed_cooldown,,
2026-07-01 16:24:49,Lab 301 (cam 2),anomaly_suppressed_cooldown,,
2026-07-01 16:24:49,Lab 301 (cam 2),anomaly_suppressed_cooldown,,
2026-07-01 16:24:49,Lab 301 (cam 2),anomaly_suppressed_cooldown,,
2026-07-01 16:24:49,Lab 301 (cam 2),anomaly_suppressed_cooldown,,
2026-07-01 16:24:49,Lab 301 (cam 2),anomaly_suppressed_cooldown,,
2026-07-01 16:24:49,Lab 301 (cam 2),anomaly_suppressed_cooldown,,
2026-07-01 16:24:49,Lab 301 (cam 2),anomaly_suppressed_cooldown,,
2026-07-01 16:24:49,Lab 301 (cam 2),anomaly_suppressed_cooldown,,
2026-07-01 16:24:49,Lab 301 (cam 2),anomaly_suppressed_cooldown,,
2026-07-01 16:24:49,Lab 301 (cam 2),anomaly_suppressed_cooldown,,
2026-07-01 16:24:49,Lab 301 (cam 2),anomaly_suppressed_cooldown,,
2026-07-01 16:24:50,Lab 301 (cam 2),anomaly_suppressed_cooldown,,
2026-07-01 16:24:50,Lab 301 (cam 2),anomaly_suppressed_cooldown,,
2026-07-01 16:24:50,Lab 301 (cam 2),anomaly_suppressed_cooldown,,
2026-07-01 16:24:50,Lab 301 (cam 2),anomaly_suppressed_cooldown,,
2026-07-01 16:24:50,Lab 301 (cam 2),anomaly_suppressed_cooldown,,
2026-07-01 16:24:50,Lab 301 (cam 2),anomaly_suppressed_cooldown,,
2026-07-01 16:24:50,Lab 301 (cam 2),anomaly_suppressed_cooldown,,
2026-07-01 16:24:50,Lab 301 (cam 2),anomaly_suppressed_cooldown,,
2026-07-01 16:24:50,Lab 301 (cam 2),anomaly_suppressed_cooldown,,
2026-07-01 16:24:50,Lab 301 (cam 2),anomaly_suppressed_cooldown,,
2026-07-01 16:24:50,Lab 301 (cam 2),anomaly_suppressed_cooldown,,
2026-07-01 16:24:50,Lab 301 (cam 2),anomaly_suppressed_cooldown,,
2026-07-01 16:24:50,Lab 301 (cam 2),anomaly_suppressed_cooldown,,
2026-07-01 16:24:50,Lab 301 (cam 2),anomaly_suppressed_cooldown,,
2026-07-01 16:24:50,Lab 301 (cam 2),anomaly_suppressed_cooldown,,
2026-07-01 16:24:50,Lab 301 (cam 2),anomaly_suppressed_cooldown,,
2026-07-01 16:24:50,Lab 301 (cam 2),anomaly_suppressed_cooldown,,
2026-07-01 16:24:50,Lab 301 (cam 2),anomaly_suppressed_cooldown,,
2026-07-01 16:24:50,Lab 301 (cam 2),anomaly_suppressed_cooldown,,
2026-07-01 16:24:50,Lab 301 (cam 2),anomaly_suppressed_cooldown,,
2026-07-01 16:24:50,Lab 301 (cam 2),anomaly_suppressed_cooldown,,
2026-07-01 16:24:50,Lab 301 (cam 2),anomaly_suppressed_cooldown,,
2026-07-01 16:24:50,Lab 301 (cam 2),anomaly_suppressed_cooldown,,
2026-07-01 16:24:51,Lab 301 (cam 2),anomaly_suppressed_cooldown,,
2026-07-01 16:24:51,Lab 301 (cam 2),anomaly_suppressed_cooldown,,
2026-07-01 16:24:51,Lab 301 (cam 2),anomaly_suppressed_cooldown,,
2026-07-01 16:24:51,Lab 301 (cam 2),anomaly_suppressed_cooldown,,
2026-07-01 16:24:51,Lab 301 (cam 2),anomaly_suppressed_cooldown,,
2026-07-01 16:24:51,Lab 301 (cam 2),anomaly_suppressed_cooldown,,
2026-07-01 16:24:51,Lab 301 (cam 2),anomaly_suppressed_cooldown,,
2026-07-01 16:24:51,Lab 301 (cam 2),anomaly_suppressed_cooldown,,
2026-07-01 16:24:51,Lab 301 (cam 2),anomaly_suppressed_cooldown,,
2026-07-01 16:24:51,Lab 301 (cam 2),anomaly_suppressed_cooldown,,
2026-07-01 16:24:51,Lab 301 (cam 2),anomaly_suppressed_cooldown,,
2026-07-01 16:24:51,Lab 301 (cam 2),anomaly_suppressed_cooldown,,
2026-07-01 16:24:51,Lab 301 (cam 2),anomaly_suppressed_cooldown,,
2026-07-01 16:24:51,Lab 301 (cam 2),anomaly_suppressed_cooldown,,
2026-07-01 16:24:51,Lab 301 (cam 2),anomaly_suppressed_cooldown,,
2026-07-01 16:24:51,Lab 301 (cam 2),anomaly_suppressed_cooldown,,
2026-07-01 16:24:51,Lab 301 (cam 2),anomaly_suppressed_cooldown,,
2026-07-01 16:24:51,Lab 301 (cam 2),anomaly_suppressed_cooldown,,
2026-07-01 16:24:51,Lab 301 (cam 2),anomaly_suppressed_cooldown,,
2026-07-01 16:24:51,Lab 301 (cam 2),anomaly_suppressed_cooldown,,
2026-07-01 16:24:51,Lab 301 (cam 2),anomaly_suppressed_cooldown,,
2026-07-01 16:24:51,Lab 301 (cam 2),anomaly_suppressed_cooldown,,
2026-07-01 16:24:52,Lab 301 (cam 2),anomaly_suppressed_cooldown,,
2026-07-01 16:24:52,Lab 301 (cam 2),anomaly_suppressed_cooldown,,
2026-07-01 16:24:52,Lab 301 (cam 2),anomaly_suppressed_cooldown,,
2026-07-01 16:24:52,Lab 301 (cam 2),anomaly_suppressed_cooldown,,
2026-07-01 16:24:52,Lab 301 (cam 2),anomaly_suppressed_cooldown,,
2026-07-01 16:24:52,Lab 301 (cam 2),anomaly_suppressed_cooldown,,
2026-07-01 16:24:52,Lab 301 (cam 2),anomaly_suppressed_cooldown,,
2026-07-01 16:24:52,Lab 301 (cam 2),anomaly_suppressed_cooldown,,
2026-07-01 16:24:52,Lab 301 (cam 2),anomaly_suppressed_cooldown,,
2026-07-01 16:24:52,Lab 301 (cam 2),anomaly_suppressed_cooldown,,
2026-07-01 16:24:52,Lab 301 (cam 2),anomaly_suppressed_cooldown,,
2026-07-01 16:24:52,Lab 301 (cam 2),anomaly_suppressed_cooldown,,
2026-07-01 16:24:52,Lab 301 (cam 2),anomaly_suppressed_cooldown,,
2026-07-01 16:24:52,Lab 301 (cam 2),anomaly_suppressed_cooldown,,
2026-07-01 16:24:52,Lab 301 (cam 2),anomaly_suppressed_cooldown,,
2026-07-01 16:24:52,Lab 301 (cam 2),anomaly_suppressed_cooldown,,
2026-07-01 16:24:52,Lab 301 (cam 2),anomaly_suppressed_cooldown,,
2026-07-01 16:24:52,Lab 301 (cam 2),anomaly_suppressed_cooldown,,
2026-07-01 16:24:52,Lab 301 (cam 2),anomaly_suppressed_cooldown,,
2026-07-01 16:24:52,Lab 301 (cam 2),anomaly_suppressed_cooldown,,
2026-07-01 16:24:52,Lab 301 (cam 2),anomaly_suppressed_cooldown,,
2026-07-01 16:24:52,Lab 301 (cam 2),anomaly_suppressed_cooldown,,
2026-07-01 16:24:52,Lab 301 (cam 2),anomaly_suppressed_cooldown,,
2026-07-01 16:24:53,Lab 301 (cam 2),anomaly_suppressed_cooldown,,
2026-07-01 16:24:53,Lab 301 (cam 2),anomaly_suppressed_cooldown,,
2026-07-01 16:24:53,Lab 301 (cam 2),anomaly_suppressed_cooldown,,
2026-07-01 16:24:53,Lab 301 (cam 2),anomaly_suppressed_cooldown,,
2026-07-01 16:24:53,Lab 301 (cam 2),anomaly_suppressed_cooldown,,
2026-07-01 16:24:53,Lab 301 (cam 2),anomaly_suppressed_cooldown,,
2026-07-01 16:24:53,Lab 301 (cam 2),anomaly_suppressed_cooldown,,
2026-07-01 16:24:53,Lab 301 (cam 2),anomaly_suppressed_cooldown,,
2026-07-01 16:24:53,Lab 301 (cam 2),anomaly_suppressed_cooldown,,
2026-07-01 16:24:53,Lab 301 (cam 2),anomaly_suppressed_cooldown,,
2026-07-01 16:24:53,Lab 301 (cam 2),anomaly_suppressed_cooldown,,
2026-07-01 16:24:53,Lab 301 (cam 2),anomaly_suppressed_cooldown,,
2026-07-01 16:24:53,Lab 301 (cam 2),anomaly_suppressed_cooldown,,
2026-07-01 16:24:53,Lab 301 (cam 2),anomaly_suppressed_cooldown,,
2026-07-01 16:24:53,Lab 301 (cam 2),anomaly_suppressed_cooldown,,
2026-07-01 16:24:53,Lab 301 (cam 2),anomaly_suppressed_cooldown,,
2026-07-01 16:24:53,Lab 301 (cam 2),anomaly_suppressed_cooldown,,
2026-07-01 16:24:53,Lab 301 (cam 2),anomaly_suppressed_cooldown,,
2026-07-01 16:24:54,Lab 301 (cam 2),anomaly_suppressed_cooldown,,
2026-07-01 16:24:54,Lab 301 (cam 2),anomaly_suppressed_cooldown,,
2026-07-01 16:24:54,Lab 301 (cam 2),anomaly_suppressed_cooldown,,
2026-07-01 16:24:54,Lab 301 (cam 2),anomaly_suppressed_cooldown,,
2026-07-01 16:24:54,Lab 301 (cam 2),anomaly_suppressed_cooldown,,
2026-07-01 16:24:54,Lab 301 (cam 2),anomaly_suppressed_cooldown,,
2026-07-01 16:24:54,Lab 301 (cam 2),anomaly_suppressed_cooldown,,
2026-07-01 16:24:54,Lab 301 (cam 2),anomaly_suppressed_cooldown,,
2026-07-01 16:24:54,Lab 301 (cam 2),anomaly_suppressed_cooldown,,
2026-07-01 16:24:54,Lab 301 (cam 2),anomaly_suppressed_cooldown,,
2026-07-01 16:24:54,Lab 301 (cam 2),anomaly_suppressed_cooldown,,
2026-07-01 16:24:54,Lab 301 (cam 2),anomaly_suppressed_cooldown,,
2026-07-01 16:24:54,Lab 301 (cam 2),anomaly_suppressed_cooldown,,
2026-07-01 16:24:54,Lab 301 (cam 2),anomaly_suppressed_cooldown,,
2026-07-01 16:24:54,Lab 301 (cam 2),anomaly_suppressed_cooldown,,
2026-07-01 16:24:54,Lab 301 (cam 2),anomaly_suppressed_cooldown,,
2026-07-01 16:24:54,Lab 301 (cam 2),anomaly_suppressed_cooldown,,
2026-07-01 16:24:54,Lab 301 (cam 2),anomaly_suppressed_cooldown,,
2026-07-01 16:24:54,Lab 301 (cam 2),anomaly_suppressed_cooldown,,
2026-07-01 16:24:54,Lab 301 (cam 2),anomaly_suppressed_cooldown,,
2026-07-01 16:24:54,Lab 301 (cam 2),anomaly_suppressed_cooldown,,
2026-07-01 16:24:54,Lab 301 (cam 2),anomaly_suppressed_cooldown,,
2026-07-01 16:24:54,Lab 301 (cam 2),anomaly_suppressed_cooldown,,
2026-07-01 16:24:54,Lab 301 (cam 2),anomaly_suppressed_cooldown,,
2026-07-01 16:24:54,Lab 301 (cam 2),anomaly_suppressed_cooldown,,
2026-07-01 16:24:54,Lab 301 (cam 2),anomaly_suppressed_cooldown,,
2026-07-01 16:24:54,Lab 301 (cam 2),anomaly_suppressed_cooldown,,
2026-07-01 16:24:55,Lab 301 (cam 2),anomaly_suppressed_cooldown,,
2026-07-01 16:24:55,Lab 301 (cam 2),anomaly_suppressed_cooldown,,
2026-07-01 16:24:55,Lab 301 (cam 2),anomaly_suppressed_cooldown,,
2026-07-01 16:24:55,Lab 301 (cam 2),anomaly_suppressed_cooldown,,
2026-07-01 16:24:55,Lab 301 (cam 2),anomaly_suppressed_cooldown,,
2026-07-01 16:24:55,Lab 301 (cam 2),anomaly_suppressed_cooldown,,
2026-07-01 16:24:55,Lab 301 (cam 2),anomaly_suppressed_cooldown,,
2026-07-01 16:24:55,Lab 301 (cam 2),anomaly_suppressed_cooldown,,
2026-07-01 16:24:55,Lab 301 (cam 2),anomaly_suppressed_cooldown,,
2026-07-01 16:24:55,Lab 301 (cam 2),anomaly_suppressed_cooldown,,
2026-07-01 16:24:55,Lab 301 (cam 2),anomaly_suppressed_cooldown,,
2026-07-01 16:24:55,Lab 301 (cam 2),anomaly_suppressed_cooldown,,
2026-07-01 16:24:55,Lab 301 (cam 2),anomaly_suppressed_cooldown,,
2026-07-01 16:24:55,Lab 301 (cam 2),anomaly_suppressed_cooldown,,
2026-07-01 16:24:56,Lab 301 (cam 2),anomaly_suppressed_cooldown,,
2026-07-01 16:24:56,Lab 301 (cam 2),anomaly_suppressed_cooldown,,
2026-07-01 16:24:56,Lab 301 (cam 2),anomaly_suppressed_cooldown,,
2026-07-01 16:24:56,Lab 301 (cam 2),anomaly_suppressed_cooldown,,
2026-07-01 16:24:56,Lab 301 (cam 2),anomaly_suppressed_cooldown,,
2026-07-01 16:24:56,Lab 301 (cam 2),anomaly_suppressed_cooldown,,
2026-07-01 16:24:57,Lab 301 (cam 2),anomaly_suppressed_cooldown,,
2026-07-01 16:24:57,Lab 301 (cam 2),anomaly_suppressed_cooldown,,
2026-07-01 16:24:57,Lab 301 (cam 2),anomaly_suppressed_cooldown,,
2026-07-01 16:24:57,Lab 301 (cam 2),anomaly_suppressed_cooldown,,
2026-07-01 16:24:57,Lab 301 (cam 2),anomaly_suppressed_cooldown,,
2026-07-01 16:24:57,Lab 301 (cam 2),anomaly_suppressed_cooldown,,
2026-07-01 16:24:57,Lab 301 (cam 2),anomaly_suppressed_cooldown,,
2026-07-01 16:24:57,Lab 301 (cam 2),anomaly_suppressed_cooldown,,
2026-07-01 16:24:57,Lab 301 (cam 2),anomaly_suppressed_cooldown,,
2026-07-01 16:24:57,Lab 301 (cam 2),anomaly_suppressed_cooldown,,
2026-07-01 16:24:57,Lab 301 (cam 2),anomaly_suppressed_cooldown,,
2026-07-01 16:24:57,Lab 301 (cam 2),anomaly_suppressed_cooldown,,
2026-07-01 16:24:57,Lab 301 (cam 2),anomaly_suppressed_cooldown,,
2026-07-01 16:24:57,Lab 301 (cam 2),anomaly_suppressed_cooldown,,
2026-07-01 16:24:57,Lab 301 (cam 2),anomaly_suppressed_cooldown,,
2026-07-01 16:24:58,Lab 301 (cam 2),anomaly_suppressed_cooldown,,
2026-07-01 16:24:58,Lab 301 (cam 2),anomaly_suppressed_cooldown,,
2026-07-01 16:24:58,Lab 301 (cam 2),anomaly_suppressed_cooldown,,
2026-07-01 16:24:58,Lab 301 (cam 2),anomaly_suppressed_cooldown,,
2026-07-01 16:24:58,Lab 301 (cam 2),anomaly_suppressed_cooldown,,
2026-07-01 16:24:58,Lab 301 (cam 2),anomaly_suppressed_cooldown,,
2026-07-01 16:24:58,Lab 301 (cam 2),anomaly_suppressed_cooldown,,
2026-07-01 16:24:58,Lab 301 (cam 2),anomaly_suppressed_cooldown,,
2026-07-01 16:24:58,Lab 301 (cam 2),anomaly_suppressed_cooldown,,
2026-07-01 16:24:58,Lab 301 (cam 2),anomaly_suppressed_cooldown,,
2026-07-01 16:24:58,Lab 301 (cam 2),anomaly_suppressed_cooldown,,
2026-07-01 16:24:58,Lab 301 (cam 2),anomaly_suppressed_cooldown,,
2026-07-01 16:24:58,Lab 301 (cam 2),anomaly_suppressed_cooldown,,
2026-07-01 16:24:58,Lab 301 (cam 2),anomaly_suppressed_cooldown,,
2026-07-01 16:24:58,Lab 301 (cam 2),anomaly_suppressed_cooldown,,
2026-07-01 16:24:58,Lab 301 (cam 2),anomaly_suppressed_cooldown,,
2026-07-01 16:24:58,Lab 301 (cam 2),anomaly_suppressed_cooldown,,
2026-07-01 16:24:58,Lab 301 (cam 2),anomaly_suppressed_cooldown,,
2026-07-01 16:24:58,Lab 301 (cam 2),anomaly_suppressed_cooldown,,
2026-07-01 16:24:58,Lab 301 (cam 2),anomaly_suppressed_cooldown,,
2026-07-01 16:24:58,Lab 301 (cam 2),anomaly_suppressed_cooldown,,
2026-07-01 16:24:58,Lab 301 (cam 2),anomaly_suppressed_cooldown,,
2026-07-01 16:24:58,Lab 301 (cam 1),camera_offline,,
2026-07-01 16:24:58,Lab 301 (cam 2),anomaly_suppressed_cooldown,,
2026-07-01 16:24:58,Lab 301 (cam 2),anomaly_suppressed_cooldown,,
2026-07-01 16:24:58,Lab 301 (cam 2),anomaly_suppressed_cooldown,,
2026-07-01 16:24:58,Lab 301 (cam 2),anomaly_suppressed_cooldown,,
2026-07-01 16:24:58,Lab 301 (cam 2),anomaly_suppressed_cooldown,,
2026-07-01 16:24:58,Lab 301 (cam 2),anomaly_suppressed_cooldown,,
2026-07-01 16:24:58,Lab 301 (cam 2),anomaly_suppressed_cooldown,,
2026-07-01 16:24:58,Lab 301 (cam 2),anomaly_suppressed_cooldown,,
2026-07-01 16:24:59,Lab 301 (cam 2),anomaly_suppressed_cooldown,,
2026-07-01 16:24:59,Lab 301 (cam 2),anomaly_suppressed_cooldown,,
2026-07-01 16:24:59,Lab 301 (cam 2),anomaly_suppressed_cooldown,,
2026-07-01 16:24:59,Lab 301 (cam 2),anomaly_suppressed_cooldown,,
2026-07-01 16:24:59,Lab 301 (cam 2),anomaly_suppressed_cooldown,,
2026-07-01 16:24:59,Lab 301 (cam 2),anomaly_suppressed_cooldown,,
2026-07-01 16:24:59,Lab 301 (cam 2),anomaly_suppressed_cooldown,,
2026-07-01 16:24:59,Lab 301 (cam 2),anomaly_suppressed_cooldown,,
2026-07-01 16:24:59,Lab 301 (cam 2),anomaly_suppressed_cooldown,,
2026-07-01 16:24:59,Lab 301 (cam 2),anomaly_suppressed_cooldown,,
2026-07-01 16:24:59,Lab 301 (cam 2),anomaly_suppressed_cooldown,,
2026-07-01 16:24:59,Lab 301 (cam 2),anomaly_suppressed_cooldown,,
2026-07-01 16:24:59,Lab 301 (cam 2),anomaly_suppressed_cooldown,,
2026-07-01 16:24:59,Lab 301 (cam 2),anomaly_suppressed_cooldown,,
2026-07-01 16:24:59,Lab 301 (cam 2),anomaly_suppressed_cooldown,,
2026-07-01 16:24:59,Lab 301 (cam 2),anomaly_suppressed_cooldown,,
2026-07-01 16:24:59,Lab 301 (cam 2),anomaly_suppressed_cooldown,,
2026-07-01 16:24:59,Lab 301 (cam 2),anomaly_suppressed_cooldown,,
2026-07-01 16:24:59,Lab 301 (cam 2),anomaly_suppressed_cooldown,,
2026-07-01 16:24:59,Lab 301 (cam 2),anomaly_suppressed_cooldown,,
2026-07-01 16:24:59,Lab 301 (cam 2),anomaly_suppressed_cooldown,,
2026-07-01 16:24:59,Lab 301 (cam 2),anomaly_suppressed_cooldown,,
2026-07-01 16:24:59,Lab 301 (cam 2),anomaly_suppressed_cooldown,,
2026-07-01 16:24:59,Lab 301 (cam 2),anomaly_suppressed_cooldown,,
2026-07-01 16:24:59,Lab 301 (cam 2),anomaly_suppressed_cooldown,,
2026-07-01 16:24:59,Lab 301 (cam 2),anomaly_suppressed_cooldown,,
2026-07-01 16:24:59,Lab 301 (cam 2),anomaly_suppressed_cooldown,,
2026-07-01 16:25:00,Lab 301 (cam 2),anomaly_suppressed_cooldown,,
2026-07-01 16:25:00,Lab 301 (cam 2),anomaly_suppressed_cooldown,,
2026-07-01 16:25:00,Lab 301 (cam 2),anomaly_suppressed_cooldown,,
2026-07-01 16:25:00,Lab 301 (cam 2),anomaly_suppressed_cooldown,,
2026-07-01 16:25:00,Lab 301 (cam 2),anomaly_suppressed_cooldown,,
2026-07-01 16:25:00,Lab 301 (cam 2),anomaly_suppressed_cooldown,,
2026-07-01 16:25:00,Lab 301 (cam 2),anomaly_suppressed_cooldown,,
2026-07-01 16:25:00,Lab 301 (cam 2),anomaly_suppressed_cooldown,,
2026-07-01 16:25:00,Lab 301 (cam 2),anomaly_suppressed_cooldown,,
2026-07-01 16:25:00,Lab 301 (cam 2),anomaly_suppressed_cooldown,,
2026-07-01 16:25:00,Lab 301 (cam 2),anomaly_suppressed_cooldown,,
2026-07-01 16:25:00,Lab 301 (cam 2),anomaly_suppressed_cooldown,,
2026-07-01 16:25:00,Lab 301 (cam 2),anomaly_suppressed_cooldown,,
2026-07-01 16:25:00,Lab 301 (cam 2),anomaly_suppressed_cooldown,,
2026-07-01 16:25:00,Lab 301 (cam 2),anomaly_suppressed_cooldown,,
2026-07-01 16:25:00,Lab 301 (cam 2),anomaly_suppressed_cooldown,,
2026-07-01 16:25:00,Lab 301 (cam 2),anomaly_suppressed_cooldown,,
2026-07-01 16:25:00,Lab 301 (cam 2),anomaly_suppressed_cooldown,,
2026-07-01 16:25:00,Lab 301 (cam 2),anomaly_suppressed_cooldown,,
2026-07-01 16:25:00,Lab 301 (cam 2),anomaly_suppressed_cooldown,,
2026-07-01 16:25:00,Lab 301 (cam 2),anomaly_suppressed_cooldown,,
2026-07-01 16:25:00,Lab 301 (cam 2),anomaly_suppressed_cooldown,,
2026-07-01 16:25:00,Lab 301 (cam 2),anomaly_suppressed_cooldown,,
2026-07-01 16:25:00,Lab 301 (cam 2),anomaly_suppressed_cooldown,,
2026-07-01 16:25:00,Lab 301 (cam 2),anomaly_suppressed_cooldown,,
2026-07-01 16:25:00,Lab 301 (cam 2),anomaly_suppressed_cooldown,,
2026-07-01 16:25:00,Lab 301 (cam 2),anomaly_suppressed_cooldown,,
2026-07-01 16:25:00,Lab 301 (cam 2),anomaly_suppressed_cooldown,,
2026-07-01 16:25:00,Lab 301 (cam 2),anomaly_suppressed_cooldown,,
2026-07-01 16:25:00,Lab 301 (cam 2),anomaly_suppressed_cooldown,,
2026-07-01 16:25:01,Lab 301 (cam 2),anomaly_suppressed_cooldown,,
2026-07-01 16:25:01,Lab 301 (cam 2),anomaly_suppressed_cooldown,,
2026-07-01 16:25:01,Lab 301 (cam 2),anomaly_suppressed_cooldown,,
2026-07-01 16:25:01,Lab 301 (cam 2),anomaly_suppressed_cooldown,,
2026-07-01 16:25:01,Lab 301 (cam 2),anomaly_suppressed_cooldown,,
2026-07-01 16:25:01,Lab 301 (cam 2),anomaly_suppressed_cooldown,,
2026-07-01 16:25:01,Lab 301 (cam 2),anomaly_suppressed_cooldown,,
2026-07-01 16:25:01,Lab 301 (cam 2),anomaly_suppressed_cooldown,,
2026-07-01 16:25:01,Lab 301 (cam 2),anomaly_suppressed_cooldown,,
2026-07-01 16:25:01,Lab 301 (cam 2),anomaly_suppressed_cooldown,,
2026-07-01 16:25:01,Lab 301 (cam 2),anomaly_suppressed_cooldown,,
2026-07-01 16:25:01,Lab 301 (cam 2),anomaly_suppressed_cooldown,,
2026-07-01 16:25:01,Lab 301 (cam 2),anomaly_suppressed_cooldown,,
2026-07-01 16:25:05,Lab 301 (cam 2),anomaly_suppressed_cooldown,,
2026-07-01 16:25:05,Lab 301 (cam 2),anomaly_suppressed_cooldown,,
2026-07-01 16:25:05,Lab 301 (cam 2),anomaly_suppressed_cooldown,,
2026-07-01 16:25:05,Lab 301 (cam 2),anomaly_suppressed_cooldown,,
2026-07-01 16:25:05,Lab 301 (cam 2),anomaly_suppressed_cooldown,,
2026-07-01 16:25:05,Lab 301 (cam 2),anomaly_suppressed_cooldown,,
2026-07-01 16:25:05,Lab 301 (cam 2),anomaly_suppressed_cooldown,,
2026-07-01 16:25:05,Lab 301 (cam 2),anomaly_suppressed_cooldown,,
2026-07-01 16:25:05,Lab 301 (cam 2),anomaly_suppressed_cooldown,,
2026-07-01 16:25:05,Lab 301 (cam 2),anomaly_suppressed_cooldown,,
2026-07-01 16:25:05,Lab 301 (cam 2),anomaly_suppressed_cooldown,,
2026-07-01 16:25:05,Lab 301 (cam 2),anomaly_suppressed_cooldown,,
2026-07-01 16:25:05,Lab 301 (cam 2),anomaly_suppressed_cooldown,,
2026-07-01 16:25:05,Lab 301 (cam 2),anomaly_suppressed_cooldown,,
2026-07-01 16:25:05,Lab 301 (cam 2),anomaly_suppressed_cooldown,,
2026-07-01 16:25:05,Lab 301 (cam 2),anomaly_suppressed_cooldown,,
2026-07-01 16:25:05,Lab 301 (cam 2),anomaly_suppressed_cooldown,,
2026-07-01 16:25:05,Lab 301 (cam 2),anomaly_suppressed_cooldown,,
2026-07-01 16:25:06,Lab 301 (cam 2),anomaly_suppressed_cooldown,,
2026-07-01 16:25:06,Lab 301 (cam 2),anomaly_suppressed_cooldown,,
2026-07-01 16:25:06,Lab 301 (cam 2),anomaly_suppressed_cooldown,,
2026-07-01 16:25:06,Lab 301 (cam 2),anomaly_suppressed_cooldown,,
2026-07-01 16:25:06,Lab 301 (cam 2),anomaly_suppressed_cooldown,,
2026-07-01 16:25:06,Lab 301 (cam 2),anomaly_suppressed_cooldown,,
2026-07-01 16:25:06,Lab 301 (cam 2),anomaly_suppressed_cooldown,,
2026-07-01 16:25:06,Lab 301 (cam 2),anomaly_suppressed_cooldown,,
2026-07-01 16:25:06,Lab 301 (cam 2),anomaly_suppressed_cooldown,,
2026-07-01 16:25:06,Lab 301 (cam 2),anomaly_suppressed_cooldown,,
2026-07-01 16:25:06,Lab 301 (cam 2),anomaly_suppressed_cooldown,,
2026-07-01 16:25:06,Lab 301 (cam 2),anomaly_suppressed_cooldown,,
2026-07-01 16:25:06,Lab 301 (cam 2),anomaly_suppressed_cooldown,,
2026-07-01 16:25:06,Lab 301 (cam 2),anomaly_suppressed_cooldown,,
2026-07-01 16:25:06,Lab 301 (cam 2),anomaly_suppressed_cooldown,,
2026-07-01 16:25:06,Lab 301 (cam 2),anomaly_suppressed_cooldown,,
2026-07-01 16:25:06,Lab 301 (cam 2),anomaly_suppressed_cooldown,,
2026-07-01 16:25:06,Lab 301 (cam 2),anomaly_suppressed_cooldown,,
2026-07-01 16:25:06,Lab 301 (cam 2),anomaly_suppressed_cooldown,,
2026-07-01 16:25:06,Lab 301 (cam 2),anomaly_suppressed_cooldown,,
2026-07-01 16:25:06,Lab 301 (cam 2),anomaly_suppressed_cooldown,,
2026-07-01 16:25:06,Lab 301 (cam 2),anomaly_suppressed_cooldown,,
2026-07-01 16:25:06,Lab 301 (cam 2),anomaly_suppressed_cooldown,,
2026-07-01 16:25:06,Lab 301 (cam 2),anomaly_suppressed_cooldown,,
2026-07-01 16:25:06,Lab 301 (cam 2),anomaly_suppressed_cooldown,,
2026-07-01 16:25:06,Lab 301 (cam 2),anomaly_suppressed_cooldown,,
2026-07-01 16:25:07,Lab 301 (cam 2),anomaly_suppressed_cooldown,,
2026-07-01 16:25:07,Lab 301 (cam 2),anomaly_suppressed_cooldown,,
2026-07-01 16:25:07,Lab 301 (cam 2),anomaly_suppressed_cooldown,,
2026-07-01 16:25:07,Lab 301 (cam 2),anomaly_suppressed_cooldown,,
2026-07-01 16:25:07,Lab 301 (cam 2),anomaly_suppressed_cooldown,,
2026-07-01 16:25:07,Lab 301 (cam 2),anomaly_suppressed_cooldown,,
2026-07-01 16:25:07,Lab 301 (cam 2),anomaly_suppressed_cooldown,,
2026-07-01 16:25:07,Lab 301 (cam 2),anomaly_suppressed_cooldown,,
2026-07-01 16:25:07,Lab 301 (cam 2),anomaly_suppressed_cooldown,,
2026-07-01 16:25:07,Lab 301 (cam 2),anomaly_suppressed_cooldown,,
2026-07-01 16:25:07,Lab 301 (cam 2),anomaly_suppressed_cooldown,,
2026-07-01 16:25:07,Lab 301 (cam 2),anomaly_suppressed_cooldown,,
2026-07-01 16:25:07,Lab 301 (cam 2),anomaly_suppressed_cooldown,,
2026-07-01 16:25:07,Lab 301 (cam 2),anomaly_suppressed_cooldown,,
2026-07-01 16:25:07,Lab 301 (cam 2),anomaly_suppressed_cooldown,,
2026-07-01 16:25:07,Lab 301 (cam 2),anomaly_suppressed_cooldown,,
2026-07-01 16:25:07,Lab 301 (cam 2),anomaly_suppressed_cooldown,,
2026-07-01 16:25:07,Lab 301 (cam 2),anomaly_suppressed_cooldown,,
2026-07-01 16:25:07,Lab 301 (cam 2),anomaly_suppressed_cooldown,,
2026-07-01 16:25:07,Lab 301 (cam 2),anomaly_suppressed_cooldown,,
2026-07-01 16:25:07,Lab 301 (cam 2),anomaly_suppressed_cooldown,,
2026-07-01 16:25:07,Lab 301 (cam 2),anomaly_suppressed_cooldown,,
2026-07-01 16:25:07,Lab 301 (cam 2),anomaly_suppressed_cooldown,,
2026-07-01 16:25:07,Lab 301 (cam 2),anomaly_suppressed_cooldown,,
2026-07-01 16:25:08,Lab 301 (cam 2),anomaly_suppressed_cooldown,,
2026-07-01 16:25:08,Lab 301 (cam 2),anomaly_suppressed_cooldown,,
2026-07-01 16:25:08,Lab 301 (cam 2),anomaly_suppressed_cooldown,,
2026-07-01 16:25:08,Lab 301 (cam 2),anomaly_suppressed_cooldown,,
2026-07-01 16:25:08,Lab 301 (cam 2),anomaly_suppressed_cooldown,,
2026-07-01 16:25:08,Lab 301 (cam 2),anomaly_suppressed_cooldown,,
2026-07-01 16:25:08,Lab 301 (cam 2),anomaly_suppressed_cooldown,,
2026-07-01 16:25:08,Lab 301 (cam 2),anomaly_suppressed_cooldown,,
2026-07-01 16:25:08,Lab 301 (cam 2),anomaly_suppressed_cooldown,,
2026-07-01 16:25:08,Lab 301 (cam 2),anomaly_suppressed_cooldown,,
2026-07-01 16:25:08,Lab 301 (cam 2),anomaly_suppressed_cooldown,,
2026-07-01 16:25:08,Lab 301 (cam 2),anomaly_suppressed_cooldown,,
2026-07-01 16:25:08,Lab 301 (cam 2),anomaly_suppressed_cooldown,,
2026-07-01 16:25:08,Lab 301 (cam 2),anomaly_suppressed_cooldown,,
2026-07-01 16:25:08,Lab 301 (cam 2),anomaly_suppressed_cooldown,,
2026-07-01 16:25:08,Lab 301 (cam 2),anomaly_suppressed_cooldown,,
2026-07-01 16:25:08,Lab 301 (cam 2),anomaly_suppressed_cooldown,,
2026-07-01 16:25:08,Lab 301 (cam 2),anomaly_suppressed_cooldown,,
2026-07-01 16:25:08,Lab 301 (cam 2),anomaly_suppressed_cooldown,,
2026-07-01 16:25:08,Lab 301 (cam 2),anomaly_suppressed_cooldown,,
2026-07-01 16:25:08,Lab 301 (cam 2),anomaly_suppressed_cooldown,,
2026-07-01 16:25:08,Lab 301 (cam 2),anomaly_suppressed_cooldown,,
2026-07-01 16:25:08,Lab 301 (cam 2),anomaly_suppressed_cooldown,,
2026-07-01 16:25:08,Lab 301 (cam 2),anomaly_suppressed_cooldown,,
2026-07-01 16:25:09,Lab 301 (cam 2),anomaly_suppressed_cooldown,,
2026-07-01 16:25:09,Lab 301 (cam 2),anomaly_suppressed_cooldown,,
2026-07-01 16:25:09,Lab 301 (cam 2),anomaly_suppressed_cooldown,,
2026-07-01 16:25:09,Lab 301 (cam 2),anomaly_suppressed_cooldown,,
2026-07-01 16:25:09,Lab 301 (cam 2),anomaly_suppressed_cooldown,,
2026-07-01 16:25:09,Lab 301 (cam 2),anomaly_suppressed_cooldown,,
2026-07-01 16:25:09,Lab 301 (cam 2),anomaly_suppressed_cooldown,,
2026-07-01 16:25:09,Lab 301 (cam 2),anomaly_suppressed_cooldown,,
2026-07-01 16:25:09,Lab 301 (cam 2),anomaly_suppressed_cooldown,,
2026-07-01 16:25:09,Lab 301 (cam 2),anomaly_suppressed_cooldown,,
2026-07-01 16:25:14,Lab 301 (cam 2),anomaly_suppressed_cooldown,,
2026-07-01 16:25:14,Lab 301 (cam 2),anomaly_suppressed_cooldown,,
2026-07-01 16:25:14,Lab 301 (cam 2),anomaly_suppressed_cooldown,,
2026-07-01 16:25:14,Lab 301 (cam 2),anomaly_suppressed_cooldown,,
2026-07-01 16:25:14,Lab 301 (cam 2),anomaly_suppressed_cooldown,,
2026-07-01 16:25:14,Lab 301 (cam 2),anomaly_suppressed_cooldown,,
2026-07-01 16:25:14,Lab 301 (cam 2),anomaly_suppressed_cooldown,,
2026-07-01 16:25:14,Lab 301 (cam 2),anomaly_suppressed_cooldown,,
2026-07-01 16:25:14,Lab 301 (cam 2),anomaly_suppressed_cooldown,,
2026-07-01 16:25:14,Lab 301 (cam 2),anomaly_suppressed_cooldown,,
2026-07-01 16:25:14,Lab 301 (cam 2),anomaly_suppressed_cooldown,,
2026-07-01 16:25:14,Lab 301 (cam 2),anomaly_suppressed_cooldown,,
2026-07-01 16:25:15,Lab 301 (cam 2),anomaly_suppressed_cooldown,,
2026-07-01 16:25:15,Lab 301 (cam 2),anomaly_suppressed_cooldown,,
2026-07-01 16:25:15,Lab 301 (cam 2),anomaly_suppressed_cooldown,,
2026-07-01 16:25:15,Lab 301 (cam 2),anomaly_suppressed_cooldown,,
2026-07-01 16:25:15,Lab 301 (cam 2),anomaly_suppressed_cooldown,,
2026-07-01 16:25:15,Lab 301 (cam 2),anomaly_suppressed_cooldown,,
2026-07-01 16:25:15,Lab 301 (cam 2),anomaly_suppressed_cooldown,,
2026-07-01 16:25:15,Lab 301 (cam 2),anomaly_suppressed_cooldown,,
2026-07-01 16:25:15,Lab 301 (cam 2),anomaly_suppressed_cooldown,,
2026-07-01 16:25:15,Lab 301 (cam 2),anomaly_suppressed_cooldown,,
2026-07-01 16:25:15,Lab 301 (cam 2),anomaly_suppressed_cooldown,,
2026-07-01 16:25:15,Lab 301 (cam 2),anomaly_suppressed_cooldown,,
2026-07-01 16:25:15,Lab 301 (cam 2),anomaly_suppressed_cooldown,,
2026-07-01 16:25:15,Lab 301 (cam 2),anomaly_suppressed_cooldown,,
2026-07-01 16:25:15,Lab 301 (cam 2),anomaly_suppressed_cooldown,,
2026-07-01 16:25:15,Lab 301 (cam 2),anomaly_suppressed_cooldown,,
2026-07-01 16:25:15,Lab 301 (cam 2),anomaly_suppressed_cooldown,,
2026-07-01 16:25:15,Lab 301 (cam 2),anomaly_suppressed_cooldown,,
2026-07-01 16:25:15,Lab 301 (cam 2),anomaly_suppressed_cooldown,,
2026-07-01 16:25:15,Lab 301 (cam 2),anomaly_suppressed_cooldown,,
2026-07-01 16:25:15,Lab 301 (cam 2),anomaly_suppressed_cooldown,,
2026-07-01 16:25:15,Lab 301 (cam 2),anomaly_suppressed_cooldown,,
2026-07-01 16:25:15,Lab 301 (cam 2),anomaly_suppressed_cooldown,,
2026-07-01 16:25:15,Lab 301 (cam 2),anomaly_suppressed_cooldown,,
2026-07-01 16:25:15,Lab 301 (cam 2),anomaly_suppressed_cooldown,,
2026-07-01 16:25:15,Lab 301 (cam 2),anomaly_suppressed_cooldown,,
2026-07-01 16:25:15,Lab 301 (cam 2),anomaly_suppressed_cooldown,,
2026-07-01 16:25:15,Lab 301 (cam 2),anomaly_suppressed_cooldown,,
2026-07-01 16:25:15,Lab 301 (cam 2),anomaly_suppressed_cooldown,,
2026-07-01 16:25:15,Lab 301 (cam 2),anomaly_suppressed_cooldown,,
2026-07-01 16:25:16,Lab 301 (cam 2),anomaly_suppressed_cooldown,,
2026-07-01 16:25:16,Lab 301 (cam 2),anomaly_suppressed_cooldown,,
2026-07-01 16:25:16,Lab 301 (cam 2),anomaly_suppressed_cooldown,,
2026-07-01 16:25:16,Lab 301 (cam 2),anomaly_suppressed_cooldown,,
2026-07-01 16:25:16,Lab 301 (cam 2),anomaly_suppressed_cooldown,,
2026-07-01 16:25:16,Lab 301 (cam 2),anomaly_suppressed_cooldown,,
2026-07-01 16:25:16,Lab 301 (cam 2),anomaly_suppressed_cooldown,,
2026-07-01 16:25:16,Lab 301 (cam 2),anomaly_suppressed_cooldown,,
2026-07-01 16:25:16,Lab 301 (cam 2),anomaly_suppressed_cooldown,,
2026-07-01 16:25:16,Lab 301 (cam 2),anomaly_suppressed_cooldown,,
2026-07-01 16:25:16,Lab 301 (cam 2),anomaly_suppressed_cooldown,,
2026-07-01 16:25:16,Lab 301 (cam 2),anomaly_suppressed_cooldown,,
2026-07-01 16:25:16,Lab 301 (cam 2),anomaly_suppressed_cooldown,,
2026-07-01 16:25:16,Lab 301 (cam 2),anomaly_suppressed_cooldown,,
2026-07-01 16:25:16,Lab 301 (cam 2),anomaly_suppressed_cooldown,,
2026-07-01 16:25:16,Lab 301 (cam 2),anomaly_suppressed_cooldown,,
2026-07-01 16:25:16,Lab 301 (cam 2),anomaly_suppressed_cooldown,,
2026-07-01 16:25:16,Lab 301 (cam 2),anomaly_suppressed_cooldown,,
2026-07-01 16:25:16,Lab 301 (cam 2),anomaly_suppressed_cooldown,,
2026-07-01 16:25:16,Lab 301 (cam 2),anomaly_suppressed_cooldown,,
2026-07-01 16:25:16,Lab 301 (cam 2),anomaly_suppressed_cooldown,,
2026-07-01 16:25:16,Lab 301 (cam 2),anomaly_suppressed_cooldown,,
2026-07-01 16:25:16,Lab 301 (cam 2),anomaly_suppressed_cooldown,,
2026-07-01 16:25:16,Lab 301 (cam 2),anomaly_suppressed_cooldown,,
2026-07-01 16:25:16,Lab 301 (cam 2),anomaly_suppressed_cooldown,,
2026-07-01 16:25:16,Lab 301 (cam 2),anomaly_suppressed_cooldown,,
2026-07-01 16:25:16,Lab 301 (cam 2),anomaly_suppressed_cooldown,,
2026-07-01 16:25:16,Lab 301 (cam 2),anomaly_suppressed_cooldown,,
2026-07-01 16:25:16,Lab 301 (cam 2),anomaly_suppressed_cooldown,,
2026-07-01 16:25:16,Lab 301 (cam 2),anomaly_suppressed_cooldown,,
2026-07-01 16:25:17,Lab 301 (cam 2),anomaly_suppressed_cooldown,,
2026-07-01 16:25:17,Lab 301 (cam 2),anomaly_suppressed_cooldown,,
2026-07-01 16:25:17,Lab 301 (cam 2),anomaly_suppressed_cooldown,,
2026-07-01 16:25:17,Lab 301 (cam 2),anomaly_suppressed_cooldown,,
2026-07-01 16:25:17,Lab 301 (cam 2),anomaly_suppressed_cooldown,,
2026-07-01 16:25:17,Lab 301 (cam 2),anomaly_suppressed_cooldown,,
2026-07-01 16:25:17,Lab 301 (cam 2),anomaly_suppressed_cooldown,,
2026-07-01 16:25:17,Lab 301 (cam 2),anomaly_suppressed_cooldown,,
2026-07-01 16:25:17,Lab 301 (cam 2),anomaly_suppressed_cooldown,,
2026-07-01 16:25:17,Lab 301 (cam 2),anomaly_suppressed_cooldown,,
2026-07-01 16:25:17,Lab 301 (cam 2),anomaly_suppressed_cooldown,,
2026-07-01 16:25:17,Lab 301 (cam 2),anomaly_suppressed_cooldown,,
2026-07-01 16:25:17,Lab 301 (cam 2),anomaly_suppressed_cooldown,,
2026-07-01 16:25:17,Lab 301 (cam 2),anomaly_suppressed_cooldown,,
2026-07-01 16:25:17,Lab 301 (cam 2),anomaly_suppressed_cooldown,,
2026-07-01 16:25:17,Lab 301 (cam 2),anomaly_suppressed_cooldown,,
2026-07-01 16:25:17,Lab 301 (cam 2),anomaly_suppressed_cooldown,,
2026-07-01 16:25:17,Lab 301 (cam 2),anomaly_suppressed_cooldown,,
2026-07-01 16:25:17,Lab 301 (cam 2),anomaly_suppressed_cooldown,,
2026-07-01 16:25:17,Lab 301 (cam 2),anomaly_suppressed_cooldown,,
2026-07-01 16:25:17,Lab 301 (cam 2),anomaly_suppressed_cooldown,,
2026-07-01 16:25:17,Lab 301 (cam 2),anomaly_suppressed_cooldown,,
2026-07-01 16:25:17,Lab 301 (cam 2),anomaly_suppressed_cooldown,,
2026-07-01 16:25:17,Lab 301 (cam 2),anomaly_suppressed_cooldown,,
2026-07-01 16:25:17,Lab 301 (cam 2),anomaly_suppressed_cooldown,,
2026-07-01 16:25:17,Lab 301 (cam 2),anomaly_suppressed_cooldown,,
2026-07-01 16:25:17,Lab 301 (cam 2),anomaly_suppressed_cooldown,,
2026-07-01 16:25:18,Lab 301 (cam 2),anomaly_suppressed_cooldown,,
2026-07-01 16:25:18,Lab 301 (cam 2),anomaly_suppressed_cooldown,,
2026-07-01 16:25:18,Lab 301 (cam 2),anomaly_suppressed_cooldown,,
2026-07-01 16:25:18,Lab 301 (cam 2),anomaly_suppressed_cooldown,,
2026-07-01 16:25:18,Lab 301 (cam 2),anomaly_suppressed_cooldown,,
2026-07-01 16:25:18,Lab 301 (cam 2),anomaly_suppressed_cooldown,,
2026-07-01 16:25:18,Lab 301 (cam 2),anomaly_suppressed_cooldown,,
2026-07-01 16:25:18,Lab 301 (cam 2),anomaly_suppressed_cooldown,,
2026-07-01 16:25:18,Lab 301 (cam 2),anomaly_suppressed_cooldown,,
2026-07-01 16:25:18,Lab 301 (cam 2),anomaly_suppressed_cooldown,,
2026-07-01 16:25:18,Lab 301 (cam 2),anomaly_suppressed_cooldown,,
2026-07-01 16:25:18,Lab 301 (cam 2),anomaly_suppressed_cooldown,,
2026-07-01 16:25:18,Lab 301 (cam 2),anomaly_suppressed_cooldown,,
2026-07-01 16:25:18,Lab 301 (cam 2),anomaly_suppressed_cooldown,,
2026-07-01 16:25:18,Lab 301 (cam 2),anomaly_suppressed_cooldown,,
2026-07-01 16:25:18,Lab 301 (cam 2),anomaly_suppressed_cooldown,,
2026-07-01 16:25:18,Lab 301 (cam 2),anomaly_suppressed_cooldown,,
2026-07-01 16:25:18,Lab 301 (cam 2),anomaly_suppressed_cooldown,,
2026-07-01 16:25:18,Lab 301 (cam 2),anomaly_suppressed_cooldown,,
2026-07-01 16:25:18,Lab 301 (cam 2),anomaly_suppressed_cooldown,,
2026-07-01 16:25:18,Lab 301 (cam 2),anomaly_suppressed_cooldown,,
2026-07-01 16:25:18,Lab 301 (cam 2),anomaly_suppressed_cooldown,,
2026-07-01 16:25:18,Lab 301 (cam 2),anomaly_suppressed_cooldown,,
2026-07-01 16:25:18,Lab 301 (cam 2),anomaly_suppressed_cooldown,,
2026-07-01 16:25:18,Lab 301 (cam 2),anomaly_suppressed_cooldown,,
2026-07-01 16:25:18,Lab 301 (cam 2),anomaly_suppressed_cooldown,,
2026-07-01 16:25:18,Lab 301 (cam 2),anomaly_suppressed_cooldown,,
2026-07-01 16:25:19,Lab 301 (cam 2),anomaly_suppressed_cooldown,,
2026-07-01 16:25:19,Lab 301 (cam 2),anomaly_suppressed_cooldown,,
2026-07-01 16:25:19,Lab 301 (cam 2),anomaly_suppressed_cooldown,,
2026-07-01 16:25:19,Lab 301 (cam 2),anomaly_suppressed_cooldown,,
2026-07-01 16:25:19,Lab 301 (cam 2),anomaly_suppressed_cooldown,,
2026-07-01 16:25:19,Lab 301 (cam 2),anomaly_suppressed_cooldown,,
2026-07-01 16:25:19,Lab 301 (cam 2),anomaly_suppressed_cooldown,,
2026-07-01 16:25:19,Lab 301 (cam 2),anomaly_suppressed_cooldown,,
2026-07-01 16:25:19,Lab 301 (cam 2),anomaly_suppressed_cooldown,,
2026-07-01 16:25:19,Lab 301 (cam 2),anomaly_suppressed_cooldown,,
2026-07-01 16:25:19,Lab 301 (cam 2),anomaly_suppressed_cooldown,,
2026-07-01 16:25:19,Lab 301 (cam 2),anomaly_suppressed_cooldown,,
2026-07-01 16:25:19,Lab 301 (cam 2),anomaly_suppressed_cooldown,,
2026-07-01 16:25:19,Lab 301 (cam 2),anomaly_suppressed_cooldown,,
2026-07-01 16:25:19,Lab 301 (cam 2),anomaly_suppressed_cooldown,,
2026-07-01 16:25:19,Lab 301 (cam 2),anomaly_suppressed_cooldown,,
2026-07-01 16:25:19,Lab 301 (cam 2),anomaly_suppressed_cooldown,,
2026-07-01 16:25:19,Lab 301 (cam 2),anomaly_suppressed_cooldown,,
2026-07-01 16:25:19,Lab 301 (cam 2),anomaly_suppressed_cooldown,,
2026-07-01 16:25:19,Lab 301 (cam 2),anomaly_suppressed_cooldown,,
2026-07-01 16:25:19,Lab 301 (cam 2),anomaly_suppressed_cooldown,,
2026-07-01 16:25:19,Lab 301 (cam 2),anomaly_suppressed_cooldown,,
2026-07-01 16:25:19,Lab 301 (cam 2),anomaly_suppressed_cooldown,,
2026-07-01 16:25:20,Lab 301 (cam 2),anomaly_suppressed_cooldown,,
2026-07-01 16:25:20,Lab 301 (cam 2),anomaly_suppressed_cooldown,,
2026-07-01 16:25:20,Lab 301 (cam 2),anomaly_suppressed_cooldown,,
2026-07-01 16:25:20,Lab 301 (cam 2),anomaly_suppressed_cooldown,,
2026-07-01 16:25:20,Lab 301 (cam 2),anomaly_suppressed_cooldown,,
2026-07-01 16:25:20,Lab 301 (cam 2),anomaly_suppressed_cooldown,,
2026-07-01 16:25:20,Lab 301 (cam 2),anomaly_suppressed_cooldown,,
2026-07-01 16:25:20,Lab 301 (cam 2),anomaly_suppressed_cooldown,,
2026-07-01 16:25:20,Lab 301 (cam 2),anomaly_suppressed_cooldown,,
2026-07-01 16:25:20,Lab 301 (cam 2),anomaly_suppressed_cooldown,,
2026-07-01 16:25:20,Lab 301 (cam 2),anomaly_suppressed_cooldown,,
2026-07-01 16:25:20,Lab 301 (cam 2),anomaly_suppressed_cooldown,,
2026-07-01 16:25:20,Lab 301 (cam 2),anomaly_suppressed_cooldown,,
2026-07-01 16:25:20,Lab 301 (cam 2),anomaly_suppressed_cooldown,,
2026-07-01 16:25:20,Lab 301 (cam 2),anomaly_suppressed_cooldown,,
2026-07-01 16:25:20,Lab 301 (cam 2),anomaly_suppressed_cooldown,,
2026-07-01 16:25:20,Lab 301 (cam 2),anomaly_suppressed_cooldown,,
2026-07-01 16:25:20,Lab 301 (cam 2),anomaly_suppressed_cooldown,,
2026-07-01 16:25:20,Lab 301 (cam 2),anomaly_suppressed_cooldown,,
2026-07-01 16:25:20,Lab 301 (cam 2),anomaly_suppressed_cooldown,,
2026-07-01 16:25:20,Lab 301 (cam 2),anomaly_suppressed_cooldown,,
2026-07-01 16:25:20,Lab 301 (cam 2),anomaly_suppressed_cooldown,,
2026-07-01 16:25:20,Lab 301 (cam 2),anomaly_suppressed_cooldown,,
2026-07-01 16:25:20,Lab 301 (cam 2),anomaly_suppressed_cooldown,,
2026-07-01 16:25:20,Lab 301 (cam 2),anomaly_suppressed_cooldown,,
2026-07-01 16:25:20,Lab 301 (cam 2),anomaly_suppressed_cooldown,,
2026-07-01 16:25:20,Lab 301 (cam 2),anomaly_suppressed_cooldown,,
2026-07-01 16:25:20,Lab 301 (cam 2),anomaly_suppressed_cooldown,,
2026-07-01 16:25:21,Lab 301 (cam 2),anomaly_suppressed_cooldown,,
2026-07-01 16:25:21,Lab 301 (cam 2),anomaly_suppressed_cooldown,,
2026-07-01 16:25:21,Lab 301 (cam 2),anomaly_suppressed_cooldown,,
2026-07-01 16:25:21,Lab 301 (cam 2),anomaly_suppressed_cooldown,,
2026-07-01 16:25:21,Lab 301 (cam 2),anomaly_suppressed_cooldown,,
2026-07-01 16:25:21,Lab 301 (cam 2),anomaly_suppressed_cooldown,,
2026-07-01 16:25:21,Lab 301 (cam 2),anomaly_suppressed_cooldown,,
2026-07-01 16:25:21,Lab 301 (cam 2),anomaly_suppressed_cooldown,,
2026-07-01 16:25:21,Lab 301 (cam 2),anomaly_suppressed_cooldown,,
2026-07-01 16:25:21,Lab 301 (cam 2),anomaly_suppressed_cooldown,,
2026-07-01 16:25:21,Lab 301 (cam 2),anomaly_suppressed_cooldown,,
2026-07-01 16:25:21,Lab 301 (cam 2),anomaly_suppressed_cooldown,,
2026-07-01 16:25:21,Lab 301 (cam 2),anomaly_suppressed_cooldown,,
2026-07-01 16:25:21,Lab 301 (cam 2),anomaly_suppressed_cooldown,,
2026-07-01 16:25:21,Lab 301 (cam 2),anomaly_suppressed_cooldown,,
2026-07-01 16:25:21,Lab 301 (cam 2),anomaly_suppressed_cooldown,,
2026-07-01 16:25:21,Lab 301 (cam 2),anomaly_suppressed_cooldown,,
2026-07-01 16:25:21,Lab 301 (cam 2),anomaly_suppressed_cooldown,,
2026-07-01 16:25:21,Lab 301 (cam 2),anomaly_suppressed_cooldown,,
2026-07-01 16:25:21,Lab 301 (cam 2),anomaly_suppressed_cooldown,,
2026-07-01 16:25:21,Lab 301 (cam 2),anomaly_suppressed_cooldown,,
2026-07-01 16:25:22,Lab 301 (cam 2),anomaly_suppressed_cooldown,,
2026-07-01 16:25:22,Lab 301 (cam 2),anomaly_suppressed_cooldown,,
2026-07-01 16:25:22,Lab 301 (cam 2),anomaly_suppressed_cooldown,,
2026-07-01 16:25:22,Lab 301 (cam 2),anomaly_suppressed_cooldown,,
2026-07-01 16:25:22,Lab 301 (cam 2),anomaly_suppressed_cooldown,,
2026-07-01 16:25:22,Lab 301 (cam 2),anomaly_suppressed_cooldown,,
2026-07-01 16:25:22,Lab 301 (cam 2),anomaly_suppressed_cooldown,,
2026-07-01 16:25:22,Lab 301 (cam 2),anomaly_suppressed_cooldown,,
2026-07-01 16:25:22,Lab 301 (cam 2),anomaly_suppressed_cooldown,,
2026-07-01 16:25:22,Lab 301 (cam 2),anomaly_suppressed_cooldown,,
2026-07-01 16:25:22,Lab 301 (cam 2),anomaly_suppressed_cooldown,,
2026-07-01 16:25:22,Lab 301 (cam 2),anomaly_suppressed_cooldown,,
2026-07-01 16:25:22,Lab 301 (cam 2),anomaly_suppressed_cooldown,,
2026-07-01 16:25:22,Lab 301 (cam 2),anomaly_suppressed_cooldown,,
2026-07-01 16:25:23,Lab 301 (cam 2),anomaly_suppressed_cooldown,,
2026-07-01 16:25:23,Lab 301 (cam 2),anomaly_suppressed_cooldown,,
2026-07-01 16:25:23,Lab 301 (cam 2),anomaly_suppressed_cooldown,,
2026-07-01 16:25:23,Lab 301 (cam 2),anomaly_suppressed_cooldown,,
2026-07-01 16:25:23,Lab 301 (cam 2),anomaly_suppressed_cooldown,,
2026-07-01 16:25:23,Lab 301 (cam 2),anomaly_suppressed_cooldown,,
2026-07-01 16:25:23,Lab 301 (cam 2),anomaly_suppressed_cooldown,,
2026-07-01 16:25:23,Lab 301 (cam 2),anomaly_suppressed_cooldown,,
2026-07-01 16:25:23,Lab 301 (cam 2),anomaly_suppressed_cooldown,,
2026-07-01 16:25:23,Lab 301 (cam 2),anomaly_suppressed_cooldown,,
2026-07-01 16:25:23,Lab 301 (cam 2),anomaly_suppressed_cooldown,,
2026-07-01 16:25:23,Lab 301 (cam 2),anomaly_suppressed_cooldown,,
2026-07-01 16:25:23,Lab 301 (cam 2),anomaly_suppressed_cooldown,,
2026-07-01 16:25:23,Lab 301 (cam 2),anomaly_suppressed_cooldown,,
2026-07-01 16:25:23,Lab 301 (cam 2),anomaly_suppressed_cooldown,,
2026-07-01 16:25:23,Lab 301 (cam 2),anomaly_suppressed_cooldown,,
2026-07-01 16:25:23,Lab 301 (cam 2),anomaly_suppressed_cooldown,,
2026-07-01 16:25:23,Lab 301 (cam 2),anomaly_suppressed_cooldown,,
2026-07-01 16:25:23,Lab 301 (cam 2),anomaly_suppressed_cooldown,,
2026-07-01 16:25:23,Lab 301 (cam 2),anomaly_suppressed_cooldown,,
2026-07-01 16:25:23,Lab 301 (cam 2),anomaly_suppressed_cooldown,,
2026-07-01 16:25:23,Lab 301 (cam 2),anomaly_suppressed_cooldown,,
2026-07-01 16:25:23,Lab 301 (cam 2),anomaly_suppressed_cooldown,,
2026-07-01 16:25:23,Lab 301 (cam 2),anomaly_suppressed_cooldown,,
2026-07-01 16:25:24,Lab 301 (cam 2),anomaly_suppressed_cooldown,,
2026-07-01 16:25:24,Lab 301 (cam 2),anomaly_suppressed_cooldown,,
2026-07-01 16:25:24,Lab 301 (cam 2),anomaly_suppressed_cooldown,,
2026-07-01 16:25:24,Lab 301 (cam 2),anomaly_suppressed_cooldown,,
2026-07-01 16:25:24,Lab 301 (cam 2),anomaly_suppressed_cooldown,,
2026-07-01 16:25:24,Lab 301 (cam 2),anomaly_suppressed_cooldown,,
2026-07-01 16:25:24,Lab 301 (cam 2),anomaly_suppressed_cooldown,,
2026-07-01 16:25:24,Lab 301 (cam 2),anomaly_suppressed_cooldown,,
2026-07-01 16:25:24,Lab 301 (cam 2),anomaly_suppressed_cooldown,,
2026-07-01 16:25:24,Lab 301 (cam 2),anomaly_suppressed_cooldown,,
2026-07-01 16:25:24,Lab 301 (cam 2),anomaly_suppressed_cooldown,,
2026-07-01 16:25:24,Lab 301 (cam 2),anomaly_suppressed_cooldown,,
2026-07-01 16:25:24,Lab 301 (cam 2),anomaly_suppressed_cooldown,,
2026-07-01 16:25:24,Lab 301 (cam 2),anomaly_suppressed_cooldown,,
2026-07-01 16:25:24,Lab 301 (cam 2),anomaly_suppressed_cooldown,,
2026-07-01 16:25:24,Lab 301 (cam 2),anomaly_suppressed_cooldown,,
2026-07-01 16:25:24,Lab 301 (cam 2),anomaly_suppressed_cooldown,,
2026-07-01 16:25:24,Lab 301 (cam 2),anomaly_suppressed_cooldown,,
2026-07-01 16:25:24,Lab 301 (cam 2),anomaly_suppressed_cooldown,,
2026-07-01 16:25:24,Lab 301 (cam 2),anomaly_suppressed_cooldown,,
2026-07-01 16:25:24,Lab 301 (cam 2),anomaly_suppressed_cooldown,,
2026-07-01 16:25:24,Lab 301 (cam 2),anomaly_suppressed_cooldown,,
2026-07-01 16:25:24,Lab 301 (cam 2),anomaly_suppressed_cooldown,,
2026-07-01 16:25:24,Lab 301 (cam 2),anomaly_suppressed_cooldown,,
2026-07-01 16:25:24,Lab 301 (cam 2),anomaly_suppressed_cooldown,,
2026-07-01 16:25:24,Lab 301 (cam 2),anomaly_suppressed_cooldown,,
2026-07-01 16:25:24,Lab 301 (cam 2),anomaly_suppressed_cooldown,,
2026-07-01 16:25:24,Lab 301 (cam 2),anomaly_suppressed_cooldown,,
2026-07-01 16:25:24,Lab 301 (cam 2),anomaly_suppressed_cooldown,,
2026-07-01 16:25:24,Lab 301 (cam 2),anomaly_suppressed_cooldown,,
2026-07-01 16:25:25,Lab 301 (cam 2),anomaly_suppressed_cooldown,,
2026-07-01 16:25:25,Lab 301 (cam 2),anomaly_suppressed_cooldown,,
2026-07-01 16:25:25,Lab 301 (cam 2),anomaly_suppressed_cooldown,,
2026-07-01 16:25:25,Lab 301 (cam 2),anomaly_suppressed_cooldown,,
2026-07-01 16:25:25,Lab 301 (cam 2),anomaly_suppressed_cooldown,,
2026-07-01 16:25:25,Lab 301 (cam 2),anomaly_suppressed_cooldown,,
2026-07-01 16:25:25,Lab 301 (cam 2),anomaly_suppressed_cooldown,,
2026-07-01 16:25:25,Lab 301 (cam 2),anomaly_suppressed_cooldown,,
2026-07-01 16:25:25,Lab 301 (cam 2),anomaly_suppressed_cooldown,,
2026-07-01 16:25:25,Lab 301 (cam 2),anomaly_suppressed_cooldown,,
2026-07-01 16:25:25,Lab 301 (cam 2),anomaly_suppressed_cooldown,,
2026-07-01 16:25:25,Lab 301 (cam 2),anomaly_suppressed_cooldown,,
2026-07-01 16:25:25,Lab 301 (cam 2),anomaly_suppressed_cooldown,,
2026-07-01 16:25:25,Lab 301 (cam 2),anomaly_suppressed_cooldown,,
2026-07-01 16:25:25,Lab 301 (cam 2),anomaly_suppressed_cooldown,,
2026-07-01 16:25:25,Lab 301 (cam 2),anomaly_suppressed_cooldown,,
2026-07-01 16:25:25,Lab 301 (cam 2),anomaly_suppressed_cooldown,,
2026-07-01 16:25:25,Lab 301 (cam 2),anomaly_suppressed_cooldown,,
2026-07-01 16:25:25,Lab 301 (cam 2),anomaly_suppressed_cooldown,,
2026-07-01 16:25:25,Lab 301 (cam 2),anomaly_suppressed_cooldown,,
2026-07-01 16:25:25,Lab 301 (cam 2),anomaly_suppressed_cooldown,,
2026-07-01 16:25:25,Lab 301 (cam 2),anomaly_suppressed_cooldown,,
2026-07-01 16:25:25,Lab 301 (cam 2),anomaly_suppressed_cooldown,,
2026-07-01 16:25:25,Lab 301 (cam 2),anomaly_suppressed_cooldown,,
2026-07-01 16:25:25,Lab 301 (cam 2),anomaly_suppressed_cooldown,,
2026-07-01 16:25:25,Lab 301 (cam 2),anomaly_suppressed_cooldown,,
2026-07-01 16:25:26,Lab 301 (cam 2),anomaly_suppressed_cooldown,,
2026-07-01 16:25:26,Lab 301 (cam 2),anomaly_suppressed_cooldown,,
2026-07-01 16:25:26,Lab 301 (cam 2),anomaly_suppressed_cooldown,,
2026-07-01 16:25:26,Lab 301 (cam 2),anomaly_suppressed_cooldown,,
2026-07-01 16:25:26,Lab 301 (cam 2),anomaly_suppressed_cooldown,,
2026-07-01 16:25:26,Lab 301 (cam 2),anomaly_suppressed_cooldown,,
2026-07-01 16:25:26,Lab 301 (cam 2),anomaly_suppressed_cooldown,,
2026-07-01 16:25:26,Lab 301 (cam 2),anomaly_suppressed_cooldown,,
2026-07-01 16:25:26,Lab 301 (cam 2),anomaly_suppressed_cooldown,,
2026-07-01 16:25:26,Lab 301 (cam 2),anomaly_suppressed_cooldown,,
2026-07-01 16:25:26,Lab 301 (cam 2),anomaly_suppressed_cooldown,,
2026-07-01 16:25:26,Lab 301 (cam 2),anomaly_suppressed_cooldown,,
2026-07-01 16:25:26,Lab 301 (cam 2),anomaly_suppressed_cooldown,,
2026-07-01 16:25:26,Lab 301 (cam 2),anomaly_suppressed_cooldown,,
2026-07-01 16:25:26,Lab 301 (cam 2),anomaly_suppressed_cooldown,,
2026-07-01 16:25:26,Lab 301 (cam 2),anomaly_suppressed_cooldown,,
2026-07-01 16:25:27,Lab 301 (cam 2),anomaly_suppressed_cooldown,,
2026-07-01 16:25:27,Lab 301 (cam 2),anomaly_suppressed_cooldown,,
2026-07-01 16:25:27,Lab 301 (cam 2),anomaly_suppressed_cooldown,,
2026-07-01 16:25:27,Lab 301 (cam 2),anomaly_suppressed_cooldown,,
2026-07-01 16:25:27,Lab 301 (cam 2),anomaly_suppressed_cooldown,,
2026-07-01 16:25:27,Lab 301 (cam 2),anomaly_suppressed_cooldown,,
2026-07-01 16:25:27,Lab 301 (cam 2),anomaly_suppressed_cooldown,,
2026-07-01 16:25:27,Lab 301 (cam 2),anomaly_suppressed_cooldown,,
2026-07-01 16:25:27,Lab 301 (cam 2),anomaly_suppressed_cooldown,,
2026-07-01 16:25:27,Lab 301 (cam 2),anomaly_suppressed_cooldown,,
2026-07-01 16:25:27,Lab 301 (cam 2),anomaly_suppressed_cooldown,,
2026-07-01 16:25:27,Lab 301 (cam 2),anomaly_suppressed_cooldown,,
2026-07-01 16:25:27,Lab 301 (cam 2),anomaly_suppressed_cooldown,,
2026-07-01 16:25:27,Lab 301 (cam 2),anomaly_suppressed_cooldown,,
2026-07-01 16:25:27,Lab 301 (cam 2),anomaly_suppressed_cooldown,,
2026-07-01 16:25:27,Lab 301 (cam 2),anomaly_suppressed_cooldown,,
2026-07-01 16:25:27,Lab 301 (cam 2),anomaly_suppressed_cooldown,,
2026-07-01 16:25:27,Lab 301 (cam 2),anomaly_suppressed_cooldown,,
2026-07-01 16:25:27,Lab 301 (cam 2),anomaly_suppressed_cooldown,,
2026-07-01 16:25:27,Lab 301 (cam 2),anomaly_suppressed_cooldown,,
2026-07-01 16:25:28,Lab 301 (cam 2),anomaly_suppressed_cooldown,,
2026-07-01 16:25:28,Lab 301 (cam 2),anomaly_suppressed_cooldown,,
2026-07-01 16:25:28,Lab 301 (cam 2),anomaly_suppressed_cooldown,,
2026-07-01 16:25:28,Lab 301 (cam 2),anomaly_suppressed_cooldown,,
2026-07-01 16:25:28,Lab 301 (cam 2),anomaly_suppressed_cooldown,,
2026-07-01 16:25:28,Lab 301 (cam 2),anomaly_suppressed_cooldown,,
2026-07-01 16:25:28,Lab 301 (cam 2),anomaly_suppressed_cooldown,,
2026-07-01 16:25:28,Lab 301 (cam 2),anomaly_suppressed_cooldown,,
2026-07-01 16:25:28,Lab 301 (cam 2),anomaly_suppressed_cooldown,,
2026-07-01 16:25:28,Lab 301 (cam 2),anomaly_suppressed_cooldown,,
2026-07-01 16:25:28,Lab 301 (cam 2),anomaly_suppressed_cooldown,,
2026-07-01 16:25:28,Lab 301 (cam 2),anomaly_suppressed_cooldown,,
2026-07-01 16:25:28,Lab 301 (cam 2),anomaly_suppressed_cooldown,,
2026-07-01 16:25:28,Lab 301 (cam 2),anomaly_suppressed_cooldown,,
2026-07-01 16:25:28,Lab 301 (cam 2),anomaly_suppressed_cooldown,,
2026-07-01 16:25:28,Lab 301 (cam 2),anomaly_suppressed_cooldown,,
2026-07-01 16:25:28,Lab 301 (cam 2),anomaly_suppressed_cooldown,,
2026-07-01 16:25:28,Lab 301 (cam 2),anomaly_suppressed_cooldown,,
2026-07-01 16:25:28,Lab 301 (cam 2),anomaly_suppressed_cooldown,,
2026-07-01 16:25:28,Lab 301 (cam 2),anomaly_suppressed_cooldown,,
2026-07-01 16:25:28,Lab 301 (cam 2),anomaly_suppressed_cooldown,,
2026-07-01 16:25:28,Lab 301 (cam 2),anomaly_suppressed_cooldown,,
2026-07-01 16:25:28,Lab 301 (cam 2),anomaly_suppressed_cooldown,,
2026-07-01 16:25:29,Lab 301 (cam 2),anomaly_suppressed_cooldown,,
2026-07-01 16:25:29,Lab 301 (cam 2),anomaly_suppressed_cooldown,,
2026-07-01 16:25:29,Lab 301 (cam 2),anomaly_suppressed_cooldown,,
2026-07-01 16:25:29,Lab 301 (cam 2),anomaly_suppressed_cooldown,,
2026-07-01 16:25:29,Lab 301 (cam 2),anomaly_suppressed_cooldown,,
2026-07-01 16:25:29,Lab 301 (cam 2),anomaly_suppressed_cooldown,,
2026-07-01 16:25:29,Lab 301 (cam 2),anomaly_suppressed_cooldown,,
2026-07-01 16:25:29,Lab 301 (cam 2),anomaly_suppressed_cooldown,,
2026-07-01 16:25:29,Lab 301 (cam 2),anomaly_suppressed_cooldown,,
2026-07-01 16:25:29,Lab 301 (cam 2),anomaly_suppressed_cooldown,,
2026-07-01 16:25:29,Lab 301 (cam 2),anomaly_suppressed_cooldown,,
2026-07-01 16:25:29,Lab 301 (cam 2),anomaly_suppressed_cooldown,,
2026-07-01 16:25:29,Lab 301 (cam 2),anomaly_suppressed_cooldown,,
2026-07-01 16:25:29,Lab 301 (cam 2),anomaly_suppressed_cooldown,,
2026-07-01 16:25:29,Lab 301 (cam 2),anomaly_suppressed_cooldown,,
2026-07-01 16:25:29,Lab 301 (cam 2),anomaly_suppressed_cooldown,,
2026-07-01 16:25:29,Lab 301 (cam 2),anomaly_suppressed_cooldown,,
2026-07-01 16:25:29,Lab 301 (cam 2),anomaly_suppressed_cooldown,,
2026-07-01 16:25:29,Lab 301 (cam 2),anomaly_suppressed_cooldown,,
2026-07-01 16:25:29,Lab 301 (cam 2),anomaly_suppressed_cooldown,,
2026-07-01 16:25:29,Lab 301 (cam 2),anomaly_suppressed_cooldown,,
2026-07-01 16:25:29,Lab 301 (cam 2),anomaly_suppressed_cooldown,,
2026-07-01 16:25:29,Lab 301 (cam 2),anomaly_suppressed_cooldown,,
2026-07-01 16:25:29,Lab 301 (cam 2),anomaly_suppressed_cooldown,,
2026-07-01 16:25:29,Lab 301 (cam 2),anomaly_suppressed_cooldown,,
2026-07-01 16:25:29,Lab 301 (cam 2),anomaly_suppressed_cooldown,,
2026-07-01 16:25:30,Lab 301 (cam 2),anomaly_suppressed_cooldown,,
2026-07-01 16:25:30,Lab 301 (cam 2),anomaly_suppressed_cooldown,,
2026-07-01 16:25:30,Lab 301 (cam 2),anomaly_suppressed_cooldown,,
2026-07-01 16:25:30,Lab 301 (cam 2),anomaly_suppressed_cooldown,,
2026-07-01 16:25:30,Lab 301 (cam 2),anomaly_suppressed_cooldown,,
2026-07-01 16:25:30,Lab 301 (cam 2),anomaly_suppressed_cooldown,,
2026-07-01 16:25:30,Lab 301 (cam 2),anomaly_suppressed_cooldown,,
2026-07-01 16:25:30,Lab 301 (cam 2),anomaly_suppressed_cooldown,,
2026-07-01 16:25:30,Lab 301 (cam 2),anomaly_suppressed_cooldown,,
2026-07-01 16:25:30,Lab 301 (cam 2),anomaly_suppressed_cooldown,,
2026-07-01 16:25:30,Lab 301 (cam 2),anomaly_suppressed_cooldown,,
2026-07-01 16:25:30,Lab 301 (cam 2),anomaly_suppressed_cooldown,,
2026-07-01 16:25:30,Lab 301 (cam 2),anomaly_suppressed_cooldown,,
2026-07-01 16:25:30,Lab 301 (cam 2),anomaly_suppressed_cooldown,,
2026-07-01 16:25:30,Lab 301 (cam 2),anomaly_suppressed_cooldown,,
2026-07-01 16:25:30,Lab 301 (cam 2),anomaly_suppressed_cooldown,,
2026-07-01 16:25:30,Lab 301 (cam 2),anomaly_suppressed_cooldown,,
2026-07-01 16:25:30,Lab 301 (cam 2),anomaly_suppressed_cooldown,,
2026-07-01 16:25:30,Lab 301 (cam 2),anomaly_suppressed_cooldown,,
2026-07-01 16:25:30,Lab 301 (cam 2),anomaly_suppressed_cooldown,,
2026-07-01 16:25:30,Lab 301 (cam 2),anomaly_suppressed_cooldown,,
2026-07-01 16:25:30,Lab 301 (cam 2),anomaly_suppressed_cooldown,,
2026-07-01 16:25:30,Lab 301 (cam 2),anomaly_suppressed_cooldown,,
2026-07-01 16:25:30,Lab 301 (cam 2),anomaly_suppressed_cooldown,,
2026-07-01 16:25:30,Lab 301 (cam 2),anomaly_suppressed_cooldown,,
2026-07-01 16:25:30,Lab 301 (cam 2),anomaly_suppressed_cooldown,,
2026-07-01 16:25:30,Lab 301 (cam 2),anomaly_suppressed_cooldown,,
2026-07-01 16:25:30,Lab 301 (cam 2),anomaly_suppressed_cooldown,,
2026-07-01 16:25:30,Lab 301 (cam 2),anomaly_suppressed_cooldown,,
2026-07-01 16:25:30,Lab 301 (cam 2),anomaly_suppressed_cooldown,,
2026-07-01 16:25:31,Lab 301 (cam 2),anomaly_suppressed_cooldown,,
2026-07-01 16:25:31,Lab 301 (cam 2),anomaly_suppressed_cooldown,,
2026-07-01 16:25:31,Lab 301 (cam 2),anomaly_suppressed_cooldown,,
2026-07-01 16:25:31,Lab 301 (cam 2),anomaly_suppressed_cooldown,,
2026-07-01 16:25:31,Lab 301 (cam 2),anomaly_suppressed_cooldown,,
2026-07-01 16:25:31,Lab 301 (cam 2),anomaly_suppressed_cooldown,,
2026-07-01 16:25:31,Lab 301 (cam 2),anomaly_suppressed_cooldown,,
2026-07-01 16:25:31,Lab 301 (cam 2),anomaly_suppressed_cooldown,,
2026-07-01 16:25:31,Lab 301 (cam 2),anomaly_suppressed_cooldown,,
2026-07-01 16:25:31,Lab 301 (cam 2),anomaly_suppressed_cooldown,,
2026-07-01 16:25:31,Lab 301 (cam 2),anomaly_suppressed_cooldown,,
2026-07-01 16:25:31,Lab 301 (cam 2),anomaly_suppressed_cooldown,,
2026-07-01 16:25:31,Lab 301 (cam 2),anomaly_suppressed_cooldown,,
2026-07-01 16:25:31,Lab 301 (cam 2),anomaly_suppressed_cooldown,,
2026-07-01 16:25:31,Lab 301 (cam 2),anomaly_suppressed_cooldown,,
2026-07-01 16:25:31,Lab 301 (cam 2),anomaly_suppressed_cooldown,,
2026-07-01 16:25:31,Lab 301 (cam 2),anomaly_suppressed_cooldown,,
2026-07-01 16:25:31,Lab 301 (cam 2),anomaly_suppressed_cooldown,,
2026-07-01 16:25:31,Lab 301 (cam 2),anomaly_suppressed_cooldown,,
2026-07-01 16:25:31,Lab 301 (cam 2),anomaly_suppressed_cooldown,,
2026-07-01 16:25:31,Lab 301 (cam 2),anomaly_suppressed_cooldown,,
2026-07-01 16:25:31,Lab 301 (cam 2),anomaly_suppressed_cooldown,,
2026-07-01 16:25:31,Lab 301 (cam 2),anomaly_suppressed_cooldown,,
2026-07-01 16:25:31,Lab 301 (cam 2),anomaly_suppressed_cooldown,,
2026-07-01 16:25:32,Lab 301 (cam 2),anomaly_suppressed_cooldown,,
2026-07-01 16:25:32,Lab 301 (cam 2),anomaly_suppressed_cooldown,,
2026-07-01 16:25:32,Lab 301 (cam 2),anomaly_suppressed_cooldown,,
2026-07-01 16:25:32,Lab 301 (cam 2),anomaly_suppressed_cooldown,,
2026-07-01 16:25:32,Lab 301 (cam 2),anomaly_suppressed_cooldown,,
2026-07-01 16:25:32,Lab 301 (cam 2),anomaly_suppressed_cooldown,,
2026-07-01 16:25:32,Lab 301 (cam 2),anomaly_suppressed_cooldown,,
2026-07-01 16:25:32,Lab 301 (cam 2),anomaly_suppressed_cooldown,,
2026-07-01 16:25:32,Lab 301 (cam 2),anomaly_suppressed_cooldown,,
2026-07-01 16:25:32,Lab 301 (cam 2),anomaly_suppressed_cooldown,,
2026-07-01 16:25:32,Lab 301 (cam 2),anomaly_suppressed_cooldown,,
2026-07-01 16:25:32,Lab 301 (cam 2),anomaly_suppressed_cooldown,,
2026-07-01 16:25:32,Lab 301 (cam 2),anomaly_suppressed_cooldown,,
2026-07-01 16:25:32,Lab 301 (cam 2),anomaly_suppressed_cooldown,,
2026-07-01 16:25:32,Lab 301 (cam 2),anomaly_suppressed_cooldown,,
2026-07-01 16:25:32,Lab 301 (cam 2),anomaly_suppressed_cooldown,,
2026-07-01 16:25:32,Lab 301 (cam 2),anomaly_suppressed_cooldown,,
2026-07-01 16:25:32,Lab 301 (cam 2),anomaly_suppressed_cooldown,,
2026-07-01 16:25:32,Lab 301 (cam 2),anomaly_suppressed_cooldown,,
2026-07-01 16:25:32,Lab 301 (cam 2),anomaly_suppressed_cooldown,,
2026-07-01 16:25:32,Lab 301 (cam 2),anomaly_suppressed_cooldown,,
2026-07-01 16:25:32,Lab 301 (cam 2),anomaly_suppressed_cooldown,,
2026-07-01 16:25:32,Lab 301 (cam 2),anomaly_suppressed_cooldown,,
2026-07-01 16:25:32,Lab 301 (cam 2),anomaly_suppressed_cooldown,,
2026-07-01 16:25:32,Lab 301 (cam 2),anomaly_suppressed_cooldown,,
2026-07-01 16:25:33,Lab 301 (cam 2),anomaly_suppressed_cooldown,,
2026-07-01 16:25:33,Lab 301 (cam 2),anomaly_suppressed_cooldown,,
2026-07-01 16:25:33,Lab 301 (cam 2),anomaly_suppressed_cooldown,,
2026-07-02 15:11:48,Lab 301 (cam 2),anomaly,,snapshots\Lab_301_(cam_2)_20260702_151148.jpg
2026-07-02 15:11:48,Lab 301 (cam 2),anomaly_suppressed_cooldown,,
2026-07-02 15:11:48,Lab 301 (cam 2),anomaly_suppressed_cooldown,,
2026-07-02 15:11:48,Lab 301 (cam 2),anomaly_suppressed_cooldown,,
2026-07-02 15:11:48,Lab 301 (cam 2),anomaly_suppressed_cooldown,,
2026-07-02 15:11:49,Lab 301 (cam 2),anomaly_suppressed_cooldown,,
2026-07-02 15:11:49,Lab 301 (cam 2),anomaly_suppressed_cooldown,,
2026-07-02 15:11:49,Lab 301 (cam 2),anomaly_suppressed_cooldown,,
2026-07-02 15:11:49,Lab 301 (cam 2),anomaly_suppressed_cooldown,,
2026-07-02 15:11:49,Lab 301 (cam 2),anomaly_suppressed_cooldown,,
2026-07-02 15:11:49,Lab 301 (cam 2),anomaly_suppressed_cooldown,,
2026-07-02 15:11:49,Lab 301 (cam 2),anomaly_suppressed_cooldown,,
2026-07-02 15:11:49,Lab 301 (cam 2),anomaly_suppressed_cooldown,,
2026-07-02 15:11:49,Lab 301 (cam 2),anomaly_suppressed_cooldown,,
2026-07-02 15:11:49,Lab 301 (cam 2),anomaly_suppressed_cooldown,,
2026-07-02 15:11:49,Lab 301 (cam 2),anomaly_suppressed_cooldown,,
2026-07-02 15:11:49,Lab 301 (cam 2),anomaly_suppressed_cooldown,,
2026-07-02 15:11:49,Lab 301 (cam 2),anomaly_suppressed_cooldown,,
2026-07-02 15:11:49,Lab 301 (cam 2),anomaly_suppressed_cooldown,,
2026-07-02 15:11:49,Lab 301 (cam 2),anomaly_suppressed_cooldown,,
2026-07-02 15:11:49,Lab 301 (cam 2),anomaly_suppressed_cooldown,,
2026-07-02 15:11:49,Lab 301 (cam 2),anomaly_suppressed_cooldown,,
2026-07-02 15:11:49,Lab 301 (cam 2),anomaly_suppressed_cooldown,,
2026-07-02 15:11:49,Lab 301 (cam 2),anomaly_suppressed_cooldown,,
2026-07-02 15:11:49,Lab 301 (cam 2),anomaly_suppressed_cooldown,,
2026-07-02 15:11:49,Lab 301 (cam 2),anomaly_suppressed_cooldown,,
2026-07-02 15:11:49,Lab 301 (cam 2),anomaly_suppressed_cooldown,,
2026-07-02 15:11:49,Lab 301 (cam 2),anomaly_suppressed_cooldown,,
2026-07-02 15:11:49,Lab 301 (cam 2),anomaly_suppressed_cooldown,,
2026-07-02 15:11:49,Lab 301 (cam 2),anomaly_suppressed_cooldown,,
2026-07-02 15:11:49,Lab 301 (cam 2),anomaly_suppressed_cooldown,,
2026-07-02 15:11:49,Lab 301 (cam 2),anomaly_suppressed_cooldown,,
2026-07-02 15:11:50,Lab 301 (cam 2),anomaly_suppressed_cooldown,,
2026-07-02 15:11:50,Lab 301 (cam 2),anomaly_suppressed_cooldown,,
2026-07-02 15:11:50,Lab 301 (cam 2),anomaly_suppressed_cooldown,,
2026-07-02 15:11:50,Lab 301 (cam 2),anomaly_suppressed_cooldown,,
2026-07-02 15:11:50,Lab 301 (cam 2),anomaly_suppressed_cooldown,,
2026-07-02 15:11:50,Lab 301 (cam 2),anomaly_suppressed_cooldown,,
2026-07-02 15:11:50,Lab 301 (cam 2),anomaly_suppressed_cooldown,,
2026-07-02 15:11:50,Lab 301 (cam 2),anomaly_suppressed_cooldown,,
2026-07-02 15:11:50,Lab 301 (cam 2),anomaly_suppressed_cooldown,,
2026-07-02 15:11:50,Lab 301 (cam 2),anomaly_suppressed_cooldown,,
2026-07-02 15:11:50,Lab 301 (cam 2),anomaly_suppressed_cooldown,,
2026-07-02 15:11:50,Lab 301 (cam 2),anomaly_suppressed_cooldown,,
2026-07-02 15:11:50,Lab 301 (cam 2),anomaly_suppressed_cooldown,,
2026-07-02 15:11:50,Lab 301 (cam 2),anomaly_suppressed_cooldown,,
2026-07-02 15:11:50,Lab 301 (cam 2),anomaly_suppressed_cooldown,,
2026-07-02 15:11:50,Lab 301 (cam 2),anomaly_suppressed_cooldown,,
2026-07-02 15:11:50,Lab 301 (cam 2),anomaly_suppressed_cooldown,,
2026-07-02 15:11:50,Lab 301 (cam 2),anomaly_suppressed_cooldown,,
2026-07-02 15:11:50,Lab 301 (cam 2),anomaly_suppressed_cooldown,,
2026-07-02 15:11:50,Lab 301 (cam 2),anomaly_suppressed_cooldown,,
2026-07-02 15:11:50,Lab 301 (cam 2),anomaly_suppressed_cooldown,,
2026-07-02 15:11:50,Lab 301 (cam 2),anomaly_suppressed_cooldown,,
2026-07-02 15:11:50,Lab 301 (cam 2),anomaly_suppressed_cooldown,,
2026-07-02 15:11:50,Lab 301 (cam 2),anomaly_suppressed_cooldown,,
2026-07-02 15:11:50,Lab 301 (cam 2),anomaly_suppressed_cooldown,,
2026-07-02 15:11:50,Lab 301 (cam 2),anomaly_suppressed_cooldown,,
2026-07-02 15:11:50,Lab 301 (cam 2),anomaly_suppressed_cooldown,,
2026-07-02 15:11:50,Lab 301 (cam 2),anomaly_suppressed_cooldown,,
2026-07-02 15:11:51,Lab 301 (cam 2),anomaly_suppressed_cooldown,,
2026-07-02 15:11:51,Lab 301 (cam 2),anomaly_suppressed_cooldown,,
2026-07-02 15:11:51,Lab 301 (cam 2),anomaly_suppressed_cooldown,,
2026-07-02 15:11:51,Lab 301 (cam 2),anomaly_suppressed_cooldown,,
2026-07-02 15:11:51,Lab 301 (cam 2),anomaly_suppressed_cooldown,,
2026-07-02 15:11:51,Lab 301 (cam 2),anomaly_suppressed_cooldown,,
2026-07-02 15:11:51,Lab 301 (cam 2),anomaly_suppressed_cooldown,,
2026-07-02 15:11:51,Lab 301 (cam 2),anomaly_suppressed_cooldown,,
2026-07-02 15:11:51,Lab 301 (cam 2),anomaly_suppressed_cooldown,,
2026-07-02 15:11:51,Lab 301 (cam 2),anomaly_suppressed_cooldown,,
2026-07-02 15:11:51,Lab 301 (cam 2),anomaly_suppressed_cooldown,,
2026-07-02 15:11:51,Lab 301 (cam 2),anomaly_suppressed_cooldown,,
2026-07-02 15:11:51,Lab 301 (cam 2),anomaly_suppressed_cooldown,,
2026-07-02 15:11:51,Lab 301 (cam 2),anomaly_suppressed_cooldown,,
2026-07-02 15:11:51,Lab 301 (cam 2),anomaly_suppressed_cooldown,,
2026-07-02 15:11:51,Lab 301 (cam 2),anomaly_suppressed_cooldown,,
2026-07-02 15:11:51,Lab 301 (cam 2),anomaly_suppressed_cooldown,,
2026-07-02 15:11:51,Lab 301 (cam 2),anomaly_suppressed_cooldown,,
2026-07-02 15:11:51,Lab 301 (cam 2),anomaly_suppressed_cooldown,,
2026-07-02 15:11:51,Lab 301 (cam 2),anomaly_suppressed_cooldown,,
2026-07-02 15:11:51,Lab 301 (cam 2),anomaly_suppressed_cooldown,,
2026-07-02 15:11:51,Lab 301 (cam 2),anomaly_suppressed_cooldown,,
2026-07-02 15:11:51,Lab 301 (cam 2),anomaly_suppressed_cooldown,,
2026-07-02 15:11:51,Lab 301 (cam 2),anomaly_suppressed_cooldown,,
2026-07-02 15:11:51,Lab 301 (cam 2),anomaly_suppressed_cooldown,,
2026-07-02 15:11:51,Lab 301 (cam 2),anomaly_suppressed_cooldown,,
2026-07-02 15:11:51,Lab 301 (cam 2),anomaly_suppressed_cooldown,,
2026-07-02 15:11:52,Lab 301 (cam 2),anomaly_suppressed_cooldown,,
2026-07-02 15:11:52,Lab 301 (cam 2),anomaly_suppressed_cooldown,,
2026-07-02 15:11:52,Lab 301 (cam 2),anomaly_suppressed_cooldown,,
2026-07-02 15:11:52,Lab 301 (cam 2),anomaly_suppressed_cooldown,,
2026-07-02 15:11:52,Lab 301 (cam 2),anomaly_suppressed_cooldown,,
2026-07-02 15:11:52,Lab 301 (cam 2),anomaly_suppressed_cooldown,,
2026-07-02 15:11:52,Lab 301 (cam 2),anomaly_suppressed_cooldown,,
2026-07-02 15:11:52,Lab 301 (cam 2),anomaly_suppressed_cooldown,,
2026-07-02 15:11:52,Lab 301 (cam 2),anomaly_suppressed_cooldown,,
2026-07-02 15:11:52,Lab 301 (cam 2),anomaly_suppressed_cooldown,,
2026-07-02 15:11:52,Lab 301 (cam 2),anomaly_suppressed_cooldown,,
2026-07-02 15:11:52,Lab 301 (cam 2),anomaly_suppressed_cooldown,,
2026-07-02 15:11:52,Lab 301 (cam 2),anomaly_suppressed_cooldown,,
2026-07-02 15:11:52,Lab 301 (cam 2),anomaly_suppressed_cooldown,,
2026-07-02 15:11:52,Lab 301 (cam 2),anomaly_suppressed_cooldown,,
2026-07-02 15:11:52,Lab 301 (cam 2),anomaly_suppressed_cooldown,,
2026-07-02 15:11:52,Lab 301 (cam 2),anomaly_suppressed_cooldown,,
2026-07-02 15:11:52,Lab 301 (cam 2),anomaly_suppressed_cooldown,,
2026-07-02 15:11:52,Lab 301 (cam 2),anomaly_suppressed_cooldown,,
2026-07-02 15:11:52,Lab 301 (cam 2),anomaly_suppressed_cooldown,,
2026-07-02 15:11:52,Lab 301 (cam 2),anomaly_suppressed_cooldown,,
2026-07-02 15:11:52,Lab 301 (cam 2),anomaly_suppressed_cooldown,,
2026-07-02 15:11:52,Lab 301 (cam 2),anomaly_suppressed_cooldown,,
2026-07-02 15:11:52,Lab 301 (cam 2),anomaly_suppressed_cooldown,,
2026-07-02 15:11:52,Lab 301 (cam 2),anomaly_suppressed_cooldown,,
2026-07-02 15:11:52,Lab 301 (cam 2),anomaly_suppressed_cooldown,,
2026-07-02 15:11:52,Lab 301 (cam 2),anomaly_suppressed_cooldown,,
2026-07-02 15:11:52,Lab 301 (cam 2),anomaly_suppressed_cooldown,,
2026-07-02 15:11:52,Lab 301 (cam 2),anomaly_suppressed_cooldown,,
2026-07-02 15:11:53,Lab 301 (cam 2),anomaly_suppressed_cooldown,,
2026-07-02 15:11:53,Lab 301 (cam 2),anomaly_suppressed_cooldown,,
2026-07-02 15:11:53,Lab 301 (cam 2),anomaly_suppressed_cooldown,,
2026-07-02 15:11:53,Lab 301 (cam 2),anomaly_suppressed_cooldown,,
2026-07-02 15:11:53,Lab 301 (cam 2),anomaly_suppressed_cooldown,,
2026-07-02 15:11:53,Lab 301 (cam 2),anomaly_suppressed_cooldown,,
2026-07-02 15:11:53,Lab 301 (cam 2),anomaly_suppressed_cooldown,,
2026-07-02 15:11:53,Lab 301 (cam 2),anomaly_suppressed_cooldown,,
2026-07-02 15:11:53,Lab 301 (cam 2),anomaly_suppressed_cooldown,,
2026-07-02 15:11:53,Lab 301 (cam 2),anomaly_suppressed_cooldown,,
2026-07-02 15:11:53,Lab 301 (cam 2),anomaly_suppressed_cooldown,,
2026-07-02 15:11:53,Lab 301 (cam 2),anomaly_suppressed_cooldown,,
2026-07-02 15:11:53,Lab 301 (cam 2),anomaly_suppressed_cooldown,,
2026-07-02 15:11:53,Lab 301 (cam 2),anomaly_suppressed_cooldown,,
2026-07-02 15:11:53,Lab 301 (cam 2),anomaly_suppressed_cooldown,,
2026-07-02 15:11:53,Lab 301 (cam 2),anomaly_suppressed_cooldown,,
2026-07-02 15:11:53,Lab 301 (cam 2),anomaly_suppressed_cooldown,,
2026-07-02 15:11:53,Lab 301 (cam 2),anomaly_suppressed_cooldown,,
2026-07-02 15:11:53,Lab 301 (cam 2),anomaly_suppressed_cooldown,,
2026-07-02 15:11:53,Lab 301 (cam 2),anomaly_suppressed_cooldown,,
2026-07-02 15:11:53,Lab 301 (cam 2),anomaly_suppressed_cooldown,,
2026-07-02 15:11:53,Lab 301 (cam 2),anomaly_suppressed_cooldown,,
2026-07-02 15:11:53,Lab 301 (cam 2),anomaly_suppressed_cooldown,,
2026-07-02 15:11:53,Lab 301 (cam 2),anomaly_suppressed_cooldown,,
2026-07-02 15:11:53,Lab 301 (cam 2),anomaly_suppressed_cooldown,,
2026-07-02 15:11:53,Lab 301 (cam 2),anomaly_suppressed_cooldown,,
2026-07-02 15:11:53,Lab 301 (cam 2),anomaly_suppressed_cooldown,,
2026-07-02 15:11:53,Lab 301 (cam 2),anomaly_suppressed_cooldown,,
2026-07-02 15:11:53,Lab 301 (cam 2),anomaly_suppressed_cooldown,,
2026-07-02 15:11:53,Lab 301 (cam 2),anomaly_suppressed_cooldown,,
2026-07-02 15:11:54,Lab 301 (cam 2),anomaly_suppressed_cooldown,,
2026-07-02 15:11:54,Lab 301 (cam 2),anomaly_suppressed_cooldown,,
2026-07-02 15:11:54,Lab 301 (cam 2),anomaly_suppressed_cooldown,,
2026-07-02 15:11:54,Lab 301 (cam 2),anomaly_suppressed_cooldown,,
2026-07-02 15:11:54,Lab 301 (cam 2),anomaly_suppressed_cooldown,,
2026-07-02 15:11:54,Lab 301 (cam 2),anomaly_suppressed_cooldown,,
2026-07-02 15:11:54,Lab 301 (cam 2),anomaly_suppressed_cooldown,,
2026-07-02 15:11:54,Lab 301 (cam 2),anomaly_suppressed_cooldown,,
2026-07-02 15:11:54,Lab 301 (cam 2),anomaly_suppressed_cooldown,,
2026-07-02 15:11:54,Lab 301 (cam 2),anomaly_suppressed_cooldown,,
2026-07-02 15:11:54,Lab 301 (cam 2),anomaly_suppressed_cooldown,,
2026-07-02 15:11:54,Lab 301 (cam 2),anomaly_suppressed_cooldown,,
2026-07-02 15:11:54,Lab 301 (cam 2),anomaly_suppressed_cooldown,,
2026-07-02 15:11:54,Lab 301 (cam 2),anomaly_suppressed_cooldown,,
2026-07-02 15:11:54,Lab 301 (cam 2),anomaly_suppressed_cooldown,,
2026-07-02 15:11:54,Lab 301 (cam 2),anomaly_suppressed_cooldown,,
2026-07-02 15:11:54,Lab 301 (cam 2),anomaly_suppressed_cooldown,,
2026-07-02 15:11:54,Lab 301 (cam 2),anomaly_suppressed_cooldown,,
2026-07-02 15:11:54,Lab 301 (cam 2),anomaly_suppressed_cooldown,,
2026-07-02 15:11:54,Lab 301 (cam 2),anomaly_suppressed_cooldown,,
2026-07-02 15:11:54,Lab 301 (cam 2),anomaly_suppressed_cooldown,,
2026-07-02 15:11:54,Lab 301 (cam 2),anomaly_suppressed_cooldown,,
2026-07-02 15:11:54,Lab 301 (cam 2),anomaly_suppressed_cooldown,,
2026-07-02 15:11:54,Lab 301 (cam 2),anomaly_suppressed_cooldown,,
2026-07-02 15:11:54,Lab 301 (cam 2),anomaly_suppressed_cooldown,,
2026-07-02 15:11:54,Lab 301 (cam 2),anomaly_suppressed_cooldown,,
2026-07-02 15:11:54,Lab 301 (cam 2),anomaly_suppressed_cooldown,,
2026-07-02 15:11:54,Lab 301 (cam 2),anomaly_suppressed_cooldown,,
2026-07-02 15:11:54,Lab 301 (cam 2),anomaly_suppressed_cooldown,,
2026-07-02 15:11:55,Lab 301 (cam 2),anomaly_suppressed_cooldown,,
2026-07-02 15:11:55,Lab 301 (cam 2),anomaly_suppressed_cooldown,,
2026-07-02 15:11:55,Lab 301 (cam 2),anomaly_suppressed_cooldown,,
2026-07-02 15:11:55,Lab 301 (cam 2),anomaly_suppressed_cooldown,,
2026-07-02 15:11:55,Lab 301 (cam 2),anomaly_suppressed_cooldown,,
2026-07-02 15:11:55,Lab 301 (cam 2),anomaly_suppressed_cooldown,,
2026-07-02 15:11:55,Lab 301 (cam 2),anomaly_suppressed_cooldown,,
2026-07-02 15:11:55,Lab 301 (cam 2),anomaly_suppressed_cooldown,,
2026-07-02 15:11:55,Lab 301 (cam 2),anomaly_suppressed_cooldown,,
2026-07-02 15:11:55,Lab 301 (cam 2),anomaly_suppressed_cooldown,,
2026-07-02 15:11:55,Lab 301 (cam 2),anomaly_suppressed_cooldown,,
2026-07-02 15:11:55,Lab 301 (cam 2),anomaly_suppressed_cooldown,,
2026-07-02 15:11:55,Lab 301 (cam 2),anomaly_suppressed_cooldown,,
2026-07-02 15:11:55,Lab 301 (cam 2),anomaly_suppressed_cooldown,,
2026-07-02 15:11:55,Lab 301 (cam 2),anomaly_suppressed_cooldown,,
2026-07-02 15:11:55,Lab 301 (cam 2),anomaly_suppressed_cooldown,,
2026-07-02 15:11:55,Lab 301 (cam 2),anomaly_suppressed_cooldown,,
2026-07-02 15:11:55,Lab 301 (cam 2),anomaly_suppressed_cooldown,,
2026-07-02 15:11:55,Lab 301 (cam 2),anomaly_suppressed_cooldown,,
2026-07-02 15:11:55,Lab 301 (cam 2),anomaly_suppressed_cooldown,,
2026-07-02 15:11:55,Lab 301 (cam 2),anomaly_suppressed_cooldown,,
2026-07-02 15:11:55,Lab 301 (cam 2),anomaly_suppressed_cooldown,,
2026-07-02 15:11:55,Lab 301 (cam 2),anomaly_suppressed_cooldown,,
2026-07-02 15:11:55,Lab 301 (cam 2),anomaly_suppressed_cooldown,,
2026-07-02 15:11:55,Lab 301 (cam 2),anomaly_suppressed_cooldown,,
2026-07-02 15:11:55,Lab 301 (cam 2),anomaly_suppressed_cooldown,,
2026-07-02 15:11:55,Lab 301 (cam 2),anomaly_suppressed_cooldown,,
2026-07-02 15:11:56,Lab 301 (cam 2),anomaly_suppressed_cooldown,,
2026-07-02 15:11:56,Lab 301 (cam 2),anomaly_suppressed_cooldown,,
2026-07-02 15:11:56,Lab 301 (cam 2),anomaly_suppressed_cooldown,,
2026-07-02 15:11:56,Lab 301 (cam 2),anomaly_suppressed_cooldown,,
2026-07-02 15:11:56,Lab 301 (cam 2),anomaly_suppressed_cooldown,,
2026-07-02 15:11:56,Lab 301 (cam 2),anomaly_suppressed_cooldown,,
2026-07-02 15:12:00,Lab 301 (cam 2),anomaly_suppressed_cooldown,,
2026-07-02 15:12:00,Lab 301 (cam 2),anomaly_suppressed_cooldown,,
2026-07-02 15:12:00,Lab 301 (cam 2),anomaly_suppressed_cooldown,,
2026-07-02 15:12:00,Lab 301 (cam 2),anomaly_suppressed_cooldown,,
2026-07-02 15:12:00,Lab 301 (cam 2),anomaly_suppressed_cooldown,,
2026-07-02 15:12:00,Lab 301 (cam 2),anomaly_suppressed_cooldown,,
2026-07-02 15:12:00,Lab 301 (cam 2),anomaly_suppressed_cooldown,,
2026-07-02 15:12:00,Lab 301 (cam 2),anomaly_suppressed_cooldown,,
2026-07-02 15:12:00,Lab 301 (cam 2),anomaly_suppressed_cooldown,,
2026-07-02 15:12:00,Lab 301 (cam 2),anomaly_suppressed_cooldown,,
2026-07-02 15:12:00,Lab 301 (cam 2),anomaly_suppressed_cooldown,,
2026-07-02 15:12:00,Lab 301 (cam 2),anomaly_suppressed_cooldown,,
2026-07-02 15:12:00,Lab 301 (cam 2),anomaly_suppressed_cooldown,,
2026-07-02 15:12:00,Lab 301 (cam 2),anomaly_suppressed_cooldown,,
2026-07-02 15:12:01,Lab 301 (cam 2),anomaly_suppressed_cooldown,,
2026-07-02 15:12:01,Lab 301 (cam 2),anomaly_suppressed_cooldown,,
2026-07-02 15:12:01,Lab 301 (cam 2),anomaly_suppressed_cooldown,,
2026-07-02 15:12:01,Lab 301 (cam 2),anomaly_suppressed_cooldown,,
2026-07-02 15:12:01,Lab 301 (cam 2),anomaly_suppressed_cooldown,,
2026-07-02 15:12:01,Lab 301 (cam 2),anomaly_suppressed_cooldown,,
2026-07-02 15:12:01,Lab 301 (cam 2),anomaly_suppressed_cooldown,,
2026-07-02 15:12:01,Lab 301 (cam 2),anomaly_suppressed_cooldown,,
2026-07-02 15:12:01,Lab 301 (cam 2),anomaly_suppressed_cooldown,,
2026-07-02 15:12:01,Lab 301 (cam 2),anomaly_suppressed_cooldown,,
2026-07-02 15:12:01,Lab 301 (cam 2),anomaly_suppressed_cooldown,,
2026-07-02 15:12:01,Lab 301 (cam 2),anomaly_suppressed_cooldown,,
2026-07-02 15:12:01,Lab 301 (cam 2),anomaly_suppressed_cooldown,,
2026-07-02 15:12:01,Lab 301 (cam 2),anomaly_suppressed_cooldown,,
2026-07-02 15:12:01,Lab 301 (cam 2),anomaly_suppressed_cooldown,,
2026-07-02 15:12:01,Lab 301 (cam 2),anomaly_suppressed_cooldown,,
2026-07-02 15:12:01,Lab 301 (cam 2),anomaly_suppressed_cooldown,,
2026-07-02 15:12:01,Lab 301 (cam 2),anomaly_suppressed_cooldown,,
2026-07-02 15:12:01,Lab 301 (cam 2),anomaly_suppressed_cooldown,,
2026-07-02 15:12:01,Lab 301 (cam 2),anomaly_suppressed_cooldown,,
2026-07-02 15:12:01,Lab 301 (cam 2),anomaly_suppressed_cooldown,,
2026-07-02 15:12:01,Lab 301 (cam 2),anomaly_suppressed_cooldown,,
2026-07-02 15:12:01,Lab 301 (cam 2),anomaly_suppressed_cooldown,,
2026-07-02 15:12:01,Lab 301 (cam 2),anomaly_suppressed_cooldown,,
2026-07-02 15:12:01,Lab 301 (cam 2),anomaly_suppressed_cooldown,,
2026-07-02 15:12:01,Lab 301 (cam 2),anomaly_suppressed_cooldown,,
2026-07-02 15:12:01,Lab 301 (cam 2),anomaly_suppressed_cooldown,,
2026-07-02 15:12:02,Lab 301 (cam 2),anomaly_suppressed_cooldown,,
2026-07-02 15:12:02,Lab 301 (cam 2),anomaly_suppressed_cooldown,,
2026-07-02 15:12:02,Lab 301 (cam 2),anomaly_suppressed_cooldown,,
2026-07-02 15:12:02,Lab 301 (cam 2),anomaly_suppressed_cooldown,,
2026-07-02 15:12:02,Lab 301 (cam 2),anomaly_suppressed_cooldown,,
2026-07-02 15:12:02,Lab 301 (cam 2),anomaly_suppressed_cooldown,,
2026-07-02 15:12:02,Lab 301 (cam 2),anomaly_suppressed_cooldown,,
2026-07-02 15:12:02,Lab 301 (cam 2),anomaly_suppressed_cooldown,,
2026-07-02 15:12:02,Lab 301 (cam 2),anomaly_suppressed_cooldown,,
2026-07-02 15:12:02,Lab 301 (cam 2),anomaly_suppressed_cooldown,,
2026-07-02 15:12:02,Lab 301 (cam 2),anomaly_suppressed_cooldown,,
2026-07-02 15:12:02,Lab 301 (cam 2),anomaly_suppressed_cooldown,,
2026-07-02 15:12:02,Lab 301 (cam 2),anomaly_suppressed_cooldown,,
2026-07-02 15:12:02,Lab 301 (cam 2),anomaly_suppressed_cooldown,,
2026-07-02 15:12:02,Lab 301 (cam 2),anomaly_suppressed_cooldown,,
2026-07-02 15:12:02,Lab 301 (cam 2),anomaly_suppressed_cooldown,,
2026-07-02 15:12:02,Lab 301 (cam 2),anomaly_suppressed_cooldown,,
2026-07-02 15:12:02,Lab 301 (cam 2),anomaly_suppressed_cooldown,,
2026-07-02 15:12:02,Lab 301 (cam 2),anomaly_suppressed_cooldown,,
2026-07-02 15:12:02,Lab 301 (cam 2),anomaly_suppressed_cooldown,,
2026-07-02 15:12:02,Lab 301 (cam 2),anomaly_suppressed_cooldown,,
2026-07-02 15:12:02,Lab 301 (cam 2),anomaly_suppressed_cooldown,,
2026-07-02 15:12:02,Lab 301 (cam 2),anomaly_suppressed_cooldown,,
2026-07-02 15:12:02,Lab 301 (cam 2),anomaly_suppressed_cooldown,,
2026-07-02 15:12:02,Lab 301 (cam 2),anomaly_suppressed_cooldown,,
2026-07-02 15:12:02,Lab 301 (cam 2),anomaly_suppressed_cooldown,,
2026-07-02 15:12:02,Lab 301 (cam 2),anomaly_suppressed_cooldown,,
2026-07-02 15:12:02,Lab 301 (cam 2),anomaly_suppressed_cooldown,,
2026-07-02 15:12:03,Lab 301 (cam 2),anomaly_suppressed_cooldown,,
2026-07-02 15:12:03,Lab 301 (cam 2),anomaly_suppressed_cooldown,,
2026-07-02 15:12:03,Lab 301 (cam 2),anomaly_suppressed_cooldown,,
2026-07-02 15:12:03,Lab 301 (cam 2),anomaly_suppressed_cooldown,,
2026-07-02 15:12:03,Lab 301 (cam 2),anomaly_suppressed_cooldown,,
2026-07-02 15:12:03,Lab 301 (cam 2),anomaly_suppressed_cooldown,,
2026-07-02 15:12:03,Lab 301 (cam 2),anomaly_suppressed_cooldown,,
2026-07-02 15:12:03,Lab 301 (cam 2),anomaly_suppressed_cooldown,,
2026-07-02 15:12:03,Lab 301 (cam 2),anomaly_suppressed_cooldown,,
2026-07-02 15:12:03,Lab 301 (cam 2),anomaly_suppressed_cooldown,,
2026-07-02 15:12:03,Lab 301 (cam 2),anomaly_suppressed_cooldown,,
2026-07-02 15:12:03,Lab 301 (cam 2),anomaly_suppressed_cooldown,,
2026-07-02 15:12:03,Lab 301 (cam 2),anomaly_suppressed_cooldown,,
2026-07-02 15:12:03,Lab 301 (cam 2),anomaly_suppressed_cooldown,,
2026-07-02 15:12:03,Lab 301 (cam 2),anomaly_suppressed_cooldown,,
2026-07-02 15:12:03,Lab 301 (cam 2),anomaly_suppressed_cooldown,,
2026-07-02 15:12:03,Lab 301 (cam 2),anomaly_suppressed_cooldown,,
2026-07-02 15:12:03,Lab 301 (cam 2),anomaly_suppressed_cooldown,,
2026-07-02 15:12:03,Lab 301 (cam 2),anomaly_suppressed_cooldown,,
2026-07-02 15:12:16,Lab 301 (cam 2),anomaly_suppressed_cooldown,,
2026-07-02 15:12:16,Lab 301 (cam 2),anomaly_suppressed_cooldown,,
2026-07-02 15:12:16,Lab 301 (cam 2),anomaly_suppressed_cooldown,,
2026-07-02 15:12:16,Lab 301 (cam 2),anomaly_suppressed_cooldown,,
2026-07-02 15:12:16,Lab 301 (cam 2),anomaly_suppressed_cooldown,,
2026-07-02 15:12:16,Lab 301 (cam 2),anomaly_suppressed_cooldown,,
2026-07-02 15:12:16,Lab 301 (cam 2),anomaly_suppressed_cooldown,,
2026-07-02 15:12:16,Lab 301 (cam 2),anomaly_suppressed_cooldown,,
2026-07-02 15:12:16,Lab 301 (cam 2),anomaly_suppressed_cooldown,,
2026-07-02 15:12:16,Lab 301 (cam 2),anomaly_suppressed_cooldown,,
2026-07-02 15:12:16,Lab 301 (cam 2),anomaly_suppressed_cooldown,,
2026-07-02 15:12:16,Lab 301 (cam 2),anomaly_suppressed_cooldown,,
2026-07-02 15:12:16,Lab 301 (cam 2),anomaly_suppressed_cooldown,,
2026-07-02 15:12:16,Lab 301 (cam 2),anomaly_suppressed_cooldown,,
2026-07-02 15:12:16,Lab 301 (cam 2),anomaly_suppressed_cooldown,,
2026-07-02 15:12:16,Lab 301 (cam 2),anomaly_suppressed_cooldown,,
2026-07-02 15:12:16,Lab 301 (cam 2),anomaly_suppressed_cooldown,,
2026-07-02 15:12:16,Lab 301 (cam 2),anomaly_suppressed_cooldown,,
2026-07-02 15:12:16,Lab 301 (cam 2),anomaly_suppressed_cooldown,,
2026-07-02 15:12:16,Lab 301 (cam 2),anomaly_suppressed_cooldown,,
2026-07-02 15:12:16,Lab 301 (cam 2),anomaly_suppressed_cooldown,,
2026-07-02 15:12:17,Lab 301 (cam 2),anomaly_suppressed_cooldown,,
2026-07-02 15:12:17,Lab 301 (cam 2),anomaly_suppressed_cooldown,,
2026-07-02 15:12:17,Lab 301 (cam 2),anomaly_suppressed_cooldown,,
2026-07-02 15:12:17,Lab 301 (cam 2),anomaly_suppressed_cooldown,,
2026-07-02 15:12:17,Lab 301 (cam 2),anomaly_suppressed_cooldown,,
2026-07-02 15:12:17,Lab 301 (cam 2),anomaly_suppressed_cooldown,,
2026-07-02 15:12:17,Lab 301 (cam 2),anomaly_suppressed_cooldown,,
2026-07-02 15:12:17,Lab 301 (cam 2),anomaly_suppressed_cooldown,,
2026-07-02 15:12:17,Lab 301 (cam 2),anomaly_suppressed_cooldown,,
2026-07-02 15:12:17,Lab 301 (cam 2),anomaly_suppressed_cooldown,,
2026-07-02 15:12:17,Lab 301 (cam 2),anomaly_suppressed_cooldown,,
2026-07-02 15:12:17,Lab 301 (cam 2),anomaly_suppressed_cooldown,,
2026-07-02 15:12:17,Lab 301 (cam 2),anomaly_suppressed_cooldown,,
2026-07-02 15:12:17,Lab 301 (cam 2),anomaly_suppressed_cooldown,,
2026-07-02 15:12:17,Lab 301 (cam 2),anomaly_suppressed_cooldown,,
2026-07-02 15:12:17,Lab 301 (cam 2),anomaly_suppressed_cooldown,,
2026-07-02 15:12:17,Lab 301 (cam 2),anomaly_suppressed_cooldown,,
2026-07-02 15:12:17,Lab 301 (cam 2),anomaly_suppressed_cooldown,,
2026-07-02 15:12:17,Lab 301 (cam 2),anomaly_suppressed_cooldown,,
2026-07-02 15:12:17,Lab 301 (cam 2),anomaly_suppressed_cooldown,,
2026-07-02 15:12:17,Lab 301 (cam 2),anomaly_suppressed_cooldown,,
2026-07-02 15:12:17,Lab 301 (cam 2),anomaly_suppressed_cooldown,,
2026-07-02 15:12:17,Lab 301 (cam 2),anomaly_suppressed_cooldown,,
2026-07-02 15:12:17,Lab 301 (cam 2),anomaly_suppressed_cooldown,,
2026-07-02 15:12:17,Lab 301 (cam 2),anomaly_suppressed_cooldown,,
2026-07-02 15:12:17,Lab 301 (cam 2),anomaly_suppressed_cooldown,,
2026-07-02 15:12:17,Lab 301 (cam 2),anomaly_suppressed_cooldown,,
2026-07-02 15:12:17,Lab 301 (cam 2),anomaly_suppressed_cooldown,,
2026-07-02 15:12:18,Lab 301 (cam 2),anomaly_suppressed_cooldown,,
2026-07-02 15:12:18,Lab 301 (cam 2),anomaly_suppressed_cooldown,,
2026-07-02 15:12:18,Lab 301 (cam 2),anomaly_suppressed_cooldown,,
2026-07-02 15:12:18,Lab 301 (cam 2),anomaly_suppressed_cooldown,,
2026-07-02 15:12:18,Lab 301 (cam 2),anomaly_suppressed_cooldown,,
2026-07-02 15:12:18,Lab 301 (cam 2),anomaly_suppressed_cooldown,,
2026-07-02 15:12:18,Lab 301 (cam 2),anomaly_suppressed_cooldown,,
2026-07-02 15:12:18,Lab 301 (cam 2),anomaly_suppressed_cooldown,,
2026-07-02 15:12:18,Lab 301 (cam 2),anomaly_suppressed_cooldown,,
2026-07-02 15:12:18,Lab 301 (cam 2),anomaly_suppressed_cooldown,,
2026-07-02 15:12:18,Lab 301 (cam 2),anomaly_suppressed_cooldown,,
2026-07-02 15:12:18,Lab 301 (cam 2),anomaly_suppressed_cooldown,,
2026-07-02 15:12:18,Lab 301 (cam 2),anomaly_suppressed_cooldown,,
2026-07-02 15:12:18,Lab 301 (cam 2),anomaly_suppressed_cooldown,,
2026-07-02 15:12:18,Lab 301 (cam 2),anomaly_suppressed_cooldown,,
2026-07-02 15:12:18,Lab 301 (cam 2),anomaly_suppressed_cooldown,,
2026-07-02 15:12:18,Lab 301 (cam 2),anomaly_suppressed_cooldown,,
2026-07-02 15:12:18,Lab 301 (cam 2),anomaly_suppressed_cooldown,,
2026-07-02 15:12:18,Lab 301 (cam 2),anomaly_suppressed_cooldown,,
2026-07-02 15:12:18,Lab 301 (cam 2),anomaly_suppressed_cooldown,,
2026-07-02 15:12:18,Lab 301 (cam 2),anomaly_suppressed_cooldown,,
2026-07-02 15:12:18,Lab 301 (cam 2),anomaly_suppressed_cooldown,,
2026-07-02 15:12:18,Lab 301 (cam 2),anomaly_suppressed_cooldown,,
2026-07-02 15:12:18,Lab 301 (cam 2),anomaly_suppressed_cooldown,,
2026-07-02 15:12:19,Lab 301 (cam 2),anomaly_suppressed_cooldown,,
2026-07-02 15:12:19,Lab 301 (cam 2),anomaly_suppressed_cooldown,,
2026-07-02 15:12:19,Lab 301 (cam 2),anomaly_suppressed_cooldown,,
2026-07-02 15:12:19,Lab 301 (cam 2),anomaly_suppressed_cooldown,,
2026-07-02 15:12:19,Lab 301 (cam 2),anomaly_suppressed_cooldown,,
2026-07-02 15:12:19,Lab 301 (cam 2),anomaly_suppressed_cooldown,,
2026-07-02 15:12:19,Lab 301 (cam 2),anomaly_suppressed_cooldown,,
2026-07-02 15:12:19,Lab 301 (cam 2),anomaly_suppressed_cooldown,,
2026-07-02 15:12:19,Lab 301 (cam 2),anomaly_suppressed_cooldown,,
2026-07-02 15:12:19,Lab 301 (cam 2),anomaly_suppressed_cooldown,,
2026-07-02 15:12:19,Lab 301 (cam 2),anomaly_suppressed_cooldown,,
2026-07-02 15:12:19,Lab 301 (cam 2),anomaly_suppressed_cooldown,,
2026-07-02 15:12:19,Lab 301 (cam 2),anomaly_suppressed_cooldown,,
2026-07-02 15:12:19,Lab 301 (cam 2),anomaly_suppressed_cooldown,,
2026-07-02 15:12:19,Lab 301 (cam 2),anomaly_suppressed_cooldown,,
2026-07-02 15:12:19,Lab 301 (cam 2),anomaly_suppressed_cooldown,,
2026-07-02 15:12:19,Lab 301 (cam 2),anomaly_suppressed_cooldown,,
2026-07-02 15:12:19,Lab 301 (cam 2),anomaly_suppressed_cooldown,,
2026-07-02 15:12:19,Lab 301 (cam 2),anomaly_suppressed_cooldown,,
2026-07-02 15:12:19,Lab 301 (cam 2),anomaly_suppressed_cooldown,,
2026-07-02 15:12:19,Lab 301 (cam 2),anomaly_suppressed_cooldown,,
2026-07-02 15:12:19,Lab 301 (cam 2),anomaly_suppressed_cooldown,,
2026-07-02 15:12:19,Lab 301 (cam 2),anomaly_suppressed_cooldown,,
2026-07-02 15:12:19,Lab 301 (cam 2),anomaly_suppressed_cooldown,,
2026-07-02 15:12:19,Lab 301 (cam 2),anomaly_suppressed_cooldown,,
2026-07-02 15:12:19,Lab 301 (cam 2),anomaly_suppressed_cooldown,,
2026-07-02 15:12:19,Lab 301 (cam 2),anomaly_suppressed_cooldown,,
2026-07-02 15:12:20,Lab 301 (cam 2),anomaly_suppressed_cooldown,,
2026-07-02 15:12:20,Lab 301 (cam 2),anomaly_suppressed_cooldown,,
2026-07-02 15:12:20,Lab 301 (cam 2),anomaly_suppressed_cooldown,,
2026-07-02 15:12:20,Lab 301 (cam 2),anomaly_suppressed_cooldown,,
2026-07-02 15:12:20,Lab 301 (cam 2),anomaly_suppressed_cooldown,,
2026-07-02 15:12:20,Lab 301 (cam 2),anomaly_suppressed_cooldown,,
2026-07-02 15:12:20,Lab 301 (cam 2),anomaly_suppressed_cooldown,,
2026-07-02 15:12:20,Lab 301 (cam 2),anomaly_suppressed_cooldown,,
2026-07-02 15:12:20,Lab 301 (cam 2),anomaly_suppressed_cooldown,,
2026-07-02 15:12:20,Lab 301 (cam 2),anomaly_suppressed_cooldown,,
2026-07-02 15:12:20,Lab 301 (cam 2),anomaly_suppressed_cooldown,,
2026-07-02 15:12:20,Lab 301 (cam 2),anomaly_suppressed_cooldown,,
2026-07-02 15:12:20,Lab 301 (cam 2),anomaly_suppressed_cooldown,,
2026-07-02 15:12:20,Lab 301 (cam 2),anomaly_suppressed_cooldown,,
2026-07-02 15:12:20,Lab 301 (cam 2),anomaly_suppressed_cooldown,,
2026-07-02 15:12:20,Lab 301 (cam 2),anomaly_suppressed_cooldown,,
2026-07-02 15:12:28,Lab 301 (cam 2),anomaly_suppressed_cooldown,,
2026-07-02 15:12:28,Lab 301 (cam 2),anomaly_suppressed_cooldown,,
2026-07-02 15:12:28,Lab 301 (cam 2),anomaly_suppressed_cooldown,,
2026-07-02 15:12:29,Lab 301 (cam 2),anomaly_suppressed_cooldown,,
2026-07-02 15:12:29,Lab 301 (cam 2),anomaly_suppressed_cooldown,,
2026-07-02 15:12:29,Lab 301 (cam 2),anomaly_suppressed_cooldown,,
2026-07-02 15:12:29,Lab 301 (cam 2),anomaly_suppressed_cooldown,,
2026-07-02 15:12:29,Lab 301 (cam 2),anomaly_suppressed_cooldown,,
2026-07-02 15:12:29,Lab 301 (cam 2),anomaly_suppressed_cooldown,,
2026-07-02 15:12:29,Lab 301 (cam 2),anomaly_suppressed_cooldown,,
2026-07-02 15:12:29,Lab 301 (cam 2),anomaly_suppressed_cooldown,,
2026-07-02 15:12:29,Lab 301 (cam 2),anomaly_suppressed_cooldown,,
2026-07-02 15:12:29,Lab 301 (cam 2),anomaly_suppressed_cooldown,,
2026-07-02 15:12:29,Lab 301 (cam 2),anomaly_suppressed_cooldown,,
2026-07-02 15:12:29,Lab 301 (cam 2),anomaly_suppressed_cooldown,,
2026-07-02 15:12:29,Lab 301 (cam 2),anomaly_suppressed_cooldown,,
2026-07-02 15:12:29,Lab 301 (cam 2),anomaly_suppressed_cooldown,,
2026-07-02 15:12:29,Lab 301 (cam 2),anomaly_suppressed_cooldown,,
2026-07-02 15:12:29,Lab 301 (cam 2),anomaly_suppressed_cooldown,,
2026-07-02 15:12:29,Lab 301 (cam 2),anomaly_suppressed_cooldown,,
2026-07-02 15:12:29,Lab 301 (cam 2),anomaly_suppressed_cooldown,,
2026-07-02 15:12:29,Lab 301 (cam 2),anomaly_suppressed_cooldown,,
2026-07-02 15:12:29,Lab 301 (cam 2),anomaly_suppressed_cooldown,,
2026-07-02 15:12:29,Lab 301 (cam 2),anomaly_suppressed_cooldown,,
2026-07-02 15:12:29,Lab 301 (cam 2),anomaly_suppressed_cooldown,,
2026-07-02 15:12:29,Lab 301 (cam 2),anomaly_suppressed_cooldown,,
2026-07-02 15:12:29,Lab 301 (cam 2),anomaly_suppressed_cooldown,,
2026-07-02 15:12:29,Lab 301 (cam 2),anomaly_suppressed_cooldown,,
2026-07-02 15:12:29,Lab 301 (cam 2),anomaly_suppressed_cooldown,,
2026-07-02 15:12:30,Lab 301 (cam 2),anomaly_suppressed_cooldown,,
2026-07-02 15:12:30,Lab 301 (cam 2),anomaly_suppressed_cooldown,,
2026-07-02 15:12:30,Lab 301 (cam 2),anomaly_suppressed_cooldown,,
2026-07-02 15:12:30,Lab 301 (cam 2),anomaly_suppressed_cooldown,,
2026-07-02 15:12:30,Lab 301 (cam 2),anomaly_suppressed_cooldown,,
2026-07-02 15:12:30,Lab 301 (cam 2),anomaly_suppressed_cooldown,,
2026-07-02 15:12:30,Lab 301 (cam 2),anomaly_suppressed_cooldown,,
2026-07-02 15:12:30,Lab 301 (cam 2),anomaly_suppressed_cooldown,,
2026-07-02 15:12:30,Lab 301 (cam 2),anomaly_suppressed_cooldown,,
2026-07-02 15:12:30,Lab 301 (cam 2),anomaly_suppressed_cooldown,,
2026-07-02 15:12:30,Lab 301 (cam 2),anomaly_suppressed_cooldown,,
2026-07-02 15:12:30,Lab 301 (cam 2),anomaly_suppressed_cooldown,,
2026-07-02 15:12:30,Lab 301 (cam 2),anomaly_suppressed_cooldown,,
2026-07-02 15:12:30,Lab 301 (cam 2),anomaly_suppressed_cooldown,,
2026-07-02 15:12:30,Lab 301 (cam 2),anomaly_suppressed_cooldown,,
2026-07-02 15:12:30,Lab 301 (cam 2),anomaly_suppressed_cooldown,,
2026-07-02 15:12:30,Lab 301 (cam 2),anomaly_suppressed_cooldown,,
2026-07-02 15:12:30,Lab 301 (cam 2),anomaly_suppressed_cooldown,,
2026-07-02 15:12:30,Lab 301 (cam 2),anomaly_suppressed_cooldown,,
2026-07-02 15:12:30,Lab 301 (cam 2),anomaly_suppressed_cooldown,,
2026-07-02 15:12:30,Lab 301 (cam 2),anomaly_suppressed_cooldown,,
2026-07-02 15:12:30,Lab 301 (cam 2),anomaly_suppressed_cooldown,,
2026-07-02 15:12:30,Lab 301 (cam 2),anomaly_suppressed_cooldown,,
2026-07-02 15:12:30,Lab 301 (cam 2),anomaly_suppressed_cooldown,,
2026-07-02 15:12:30,Lab 301 (cam 2),anomaly_suppressed_cooldown,,
2026-07-02 15:12:30,Lab 301 (cam 2),anomaly_suppressed_cooldown,,
2026-07-02 15:12:30,Lab 301 (cam 2),anomaly_suppressed_cooldown,,
2026-07-02 15:12:30,Lab 301 (cam 2),anomaly_suppressed_cooldown,,
2026-07-02 15:12:31,Lab 301 (cam 2),anomaly_suppressed_cooldown,,
2026-07-02 15:12:31,Lab 301 (cam 2),anomaly_suppressed_cooldown,,
2026-07-02 15:12:31,Lab 301 (cam 2),anomaly_suppressed_cooldown,,
2026-07-02 15:12:31,Lab 301 (cam 2),anomaly_suppressed_cooldown,,
2026-07-02 15:12:31,Lab 301 (cam 2),anomaly_suppressed_cooldown,,
2026-07-02 15:12:31,Lab 301 (cam 2),anomaly_suppressed_cooldown,,
2026-07-02 15:12:31,Lab 301 (cam 2),anomaly_suppressed_cooldown,,
2026-07-02 15:12:31,Lab 301 (cam 2),anomaly_suppressed_cooldown,,
2026-07-02 15:12:31,Lab 301 (cam 2),anomaly_suppressed_cooldown,,
2026-07-02 15:12:31,Lab 301 (cam 2),anomaly_suppressed_cooldown,,
2026-07-02 15:12:31,Lab 301 (cam 2),anomaly_suppressed_cooldown,,
2026-07-02 15:12:31,Lab 301 (cam 2),anomaly_suppressed_cooldown,,
2026-07-02 15:12:31,Lab 301 (cam 2),anomaly_suppressed_cooldown,,
2026-07-02 15:12:31,Lab 301 (cam 2),anomaly_suppressed_cooldown,,
2026-07-02 15:12:31,Lab 301 (cam 2),anomaly_suppressed_cooldown,,
2026-07-02 15:12:31,Lab 301 (cam 2),anomaly_suppressed_cooldown,,
2026-07-02 15:12:31,Lab 301 (cam 2),anomaly_suppressed_cooldown,,
2026-07-02 15:12:31,Lab 301 (cam 2),anomaly_suppressed_cooldown,,
2026-07-02 15:12:31,Lab 301 (cam 2),anomaly_suppressed_cooldown,,
2026-07-02 15:12:31,Lab 301 (cam 2),anomaly_suppressed_cooldown,,
2026-07-02 15:12:31,Lab 301 (cam 2),anomaly_suppressed_cooldown,,
2026-07-02 15:12:31,Lab 301 (cam 2),anomaly_suppressed_cooldown,,
2026-07-02 15:12:31,Lab 301 (cam 2),anomaly_suppressed_cooldown,,
2026-07-02 15:12:31,Lab 301 (cam 2),anomaly_suppressed_cooldown,,
2026-07-02 15:12:31,Lab 301 (cam 2),anomaly_suppressed_cooldown,,
2026-07-02 15:12:31,Lab 301 (cam 2),anomaly_suppressed_cooldown,,
2026-07-02 15:12:31,Lab 301 (cam 2),anomaly_suppressed_cooldown,,
2026-07-02 15:12:31,Lab 301 (cam 2),anomaly_suppressed_cooldown,,
2026-07-02 15:12:32,Lab 301 (cam 2),anomaly_suppressed_cooldown,,
2026-07-02 15:12:32,Lab 301 (cam 2),anomaly_suppressed_cooldown,,
2026-07-02 15:12:32,Lab 301 (cam 2),anomaly_suppressed_cooldown,,
2026-07-02 15:12:32,Lab 301 (cam 2),anomaly_suppressed_cooldown,,
2026-07-02 15:12:32,Lab 301 (cam 2),anomaly_suppressed_cooldown,,
2026-07-02 15:12:32,Lab 301 (cam 2),anomaly_suppressed_cooldown,,
2026-07-02 15:12:32,Lab 301 (cam 2),anomaly_suppressed_cooldown,,
2026-07-02 15:12:32,Lab 301 (cam 2),anomaly_suppressed_cooldown,,
2026-07-02 15:12:32,Lab 301 (cam 2),anomaly_suppressed_cooldown,,
2026-07-02 15:12:32,Lab 301 (cam 2),anomaly_suppressed_cooldown,,
2026-07-02 15:12:32,Lab 301 (cam 2),anomaly_suppressed_cooldown,,
2026-07-02 15:12:32,Lab 301 (cam 2),anomaly_suppressed_cooldown,,
2026-07-02 15:12:32,Lab 301 (cam 2),anomaly_suppressed_cooldown,,
2026-07-02 15:12:32,Lab 301 (cam 2),anomaly_suppressed_cooldown,,
2026-07-02 15:12:32,Lab 301 (cam 2),anomaly_suppressed_cooldown,,
2026-07-02 15:12:32,Lab 301 (cam 2),anomaly_suppressed_cooldown,,
2026-07-02 15:12:32,Lab 301 (cam 2),anomaly_suppressed_cooldown,,
2026-07-02 15:12:49,Lab 301 (cam 2),anomaly_suppressed_cooldown,,
2026-07-02 15:12:49,Lab 301 (cam 2),anomaly_suppressed_cooldown,,
2026-07-02 15:12:49,Lab 301 (cam 2),anomaly_suppressed_cooldown,,
2026-07-02 15:12:49,Lab 301 (cam 2),anomaly_suppressed_cooldown,,
2026-07-02 15:12:49,Lab 301 (cam 2),anomaly_suppressed_cooldown,,
2026-07-02 15:12:49,Lab 301 (cam 2),anomaly_suppressed_cooldown,,
2026-07-02 15:12:49,Lab 301 (cam 2),anomaly_suppressed_cooldown,,
2026-07-02 15:12:49,Lab 301 (cam 2),anomaly_suppressed_cooldown,,
2026-07-02 15:12:49,Lab 301 (cam 2),anomaly_suppressed_cooldown,,
2026-07-02 15:12:49,Lab 301 (cam 2),anomaly_suppressed_cooldown,,
2026-07-02 15:12:49,Lab 301 (cam 2),anomaly_suppressed_cooldown,,
2026-07-02 15:12:49,Lab 301 (cam 2),anomaly_suppressed_cooldown,,
2026-07-02 15:12:49,Lab 301 (cam 2),anomaly_suppressed_cooldown,,
2026-07-02 15:12:49,Lab 301 (cam 2),anomaly_suppressed_cooldown,,
2026-07-02 15:12:49,Lab 301 (cam 2),anomaly_suppressed_cooldown,,
2026-07-02 15:12:49,Lab 301 (cam 2),anomaly_suppressed_cooldown,,
2026-07-02 15:12:49,Lab 301 (cam 2),anomaly_suppressed_cooldown,,
2026-07-02 15:12:49,Lab 301 (cam 2),anomaly_suppressed_cooldown,,
2026-07-02 15:12:49,Lab 301 (cam 2),anomaly_suppressed_cooldown,,
2026-07-02 15:12:49,Lab 301 (cam 2),anomaly_suppressed_cooldown,,
2026-07-02 15:12:50,Lab 301 (cam 2),anomaly_suppressed_cooldown,,
2026-07-02 15:12:50,Lab 301 (cam 2),anomaly_suppressed_cooldown,,
2026-07-02 15:12:50,Lab 301 (cam 2),anomaly_suppressed_cooldown,,
2026-07-02 15:12:50,Lab 301 (cam 2),anomaly_suppressed_cooldown,,
2026-07-02 15:12:50,Lab 301 (cam 2),anomaly_suppressed_cooldown,,
2026-07-02 15:12:50,Lab 301 (cam 2),anomaly_suppressed_cooldown,,
2026-07-02 15:12:50,Lab 301 (cam 2),anomaly_suppressed_cooldown,,
2026-07-02 15:12:50,Lab 301 (cam 2),anomaly_suppressed_cooldown,,
2026-07-02 15:12:50,Lab 301 (cam 2),anomaly_suppressed_cooldown,,
2026-07-02 15:12:50,Lab 301 (cam 2),anomaly_suppressed_cooldown,,
2026-07-02 15:12:50,Lab 301 (cam 2),anomaly_suppressed_cooldown,,
2026-07-02 15:12:50,Lab 301 (cam 2),anomaly_suppressed_cooldown,,
2026-07-02 15:12:50,Lab 301 (cam 2),anomaly_suppressed_cooldown,,
2026-07-02 15:12:50,Lab 301 (cam 2),anomaly_suppressed_cooldown,,
2026-07-02 15:12:50,Lab 301 (cam 2),anomaly_suppressed_cooldown,,
2026-07-02 15:12:50,Lab 301 (cam 2),anomaly_suppressed_cooldown,,
2026-07-02 15:12:50,Lab 301 (cam 2),anomaly_suppressed_cooldown,,
2026-07-02 15:12:50,Lab 301 (cam 2),anomaly_suppressed_cooldown,,
2026-07-02 15:12:50,Lab 301 (cam 2),anomaly_suppressed_cooldown,,
2026-07-02 15:12:50,Lab 301 (cam 2),anomaly_suppressed_cooldown,,
2026-07-02 15:12:50,Lab 301 (cam 2),anomaly_suppressed_cooldown,,
2026-07-02 15:12:50,Lab 301 (cam 2),anomaly_suppressed_cooldown,,
2026-07-02 15:12:50,Lab 301 (cam 2),anomaly_suppressed_cooldown,,
2026-07-02 15:12:50,Lab 301 (cam 2),anomaly_suppressed_cooldown,,
2026-07-02 15:12:50,Lab 301 (cam 2),anomaly_suppressed_cooldown,,
2026-07-02 15:12:50,Lab 301 (cam 2),anomaly_suppressed_cooldown,,
2026-07-02 15:12:50,Lab 301 (cam 2),anomaly_suppressed_cooldown,,
2026-07-02 15:12:50,Lab 301 (cam 2),anomaly_suppressed_cooldown,,
2026-07-02 15:12:50,Lab 301 (cam 2),anomaly_suppressed_cooldown,,
2026-07-02 15:12:50,Lab 301 (cam 2),anomaly_suppressed_cooldown,,
2026-07-02 15:12:50,Lab 301 (cam 2),anomaly_suppressed_cooldown,,
2026-07-02 15:12:51,Lab 301 (cam 2),anomaly_suppressed_cooldown,,
2026-07-02 15:12:51,Lab 301 (cam 2),anomaly_suppressed_cooldown,,
2026-07-02 15:12:51,Lab 301 (cam 2),anomaly_suppressed_cooldown,,
2026-07-02 15:12:51,Lab 301 (cam 2),anomaly_suppressed_cooldown,,
2026-07-02 15:12:51,Lab 301 (cam 2),anomaly_suppressed_cooldown,,
2026-07-02 15:12:51,Lab 301 (cam 2),anomaly_suppressed_cooldown,,
2026-07-02 15:12:51,Lab 301 (cam 2),anomaly_suppressed_cooldown,,
2026-07-02 15:12:51,Lab 301 (cam 2),anomaly_suppressed_cooldown,,
2026-07-02 15:12:51,Lab 301 (cam 2),anomaly_suppressed_cooldown,,
2026-07-02 15:12:51,Lab 301 (cam 2),anomaly_suppressed_cooldown,,
2026-07-02 15:12:51,Lab 301 (cam 2),anomaly_suppressed_cooldown,,
2026-07-02 15:12:51,Lab 301 (cam 2),anomaly_suppressed_cooldown,,
2026-07-02 15:12:51,Lab 301 (cam 2),anomaly_suppressed_cooldown,,
2026-07-02 15:12:51,Lab 301 (cam 2),anomaly_suppressed_cooldown,,
2026-07-02 15:12:51,Lab 301 (cam 2),anomaly_suppressed_cooldown,,
2026-07-02 15:12:51,Lab 301 (cam 2),anomaly_suppressed_cooldown,,
2026-07-02 15:12:51,Lab 301 (cam 2),anomaly_suppressed_cooldown,,
2026-07-02 15:12:51,Lab 301 (cam 2),anomaly_suppressed_cooldown,,
2026-07-02 15:12:51,Lab 301 (cam 2),anomaly_suppressed_cooldown,,
2026-07-02 15:12:51,Lab 301 (cam 2),anomaly_suppressed_cooldown,,
2026-07-02 15:12:51,Lab 301 (cam 2),anomaly_suppressed_cooldown,,
2026-07-02 15:12:52,Lab 301 (cam 2),anomaly_suppressed_cooldown,,
2026-07-02 15:12:52,Lab 301 (cam 2),anomaly_suppressed_cooldown,,
2026-07-02 15:12:52,Lab 301 (cam 2),anomaly_suppressed_cooldown,,
2026-07-02 15:12:52,Lab 301 (cam 2),anomaly_suppressed_cooldown,,
2026-07-02 15:12:52,Lab 301 (cam 2),anomaly_suppressed_cooldown,,
2026-07-02 15:12:52,Lab 301 (cam 2),anomaly_suppressed_cooldown,,
2026-07-02 15:12:52,Lab 301 (cam 2),anomaly_suppressed_cooldown,,
2026-07-02 15:12:52,Lab 301 (cam 2),anomaly_suppressed_cooldown,,
2026-07-02 15:12:52,Lab 301 (cam 2),anomaly_suppressed_cooldown,,
2026-07-02 15:12:52,Lab 301 (cam 2),anomaly_suppressed_cooldown,,
2026-07-02 15:12:52,Lab 301 (cam 2),anomaly_suppressed_cooldown,,
2026-07-02 15:12:52,Lab 301 (cam 2),anomaly_suppressed_cooldown,,
2026-07-02 15:12:52,Lab 301 (cam 2),anomaly_suppressed_cooldown,,
2026-07-02 15:12:52,Lab 301 (cam 2),anomaly_suppressed_cooldown,,
2026-07-02 15:12:52,Lab 301 (cam 2),anomaly_suppressed_cooldown,,
2026-07-02 15:12:52,Lab 301 (cam 2),anomaly_suppressed_cooldown,,
2026-07-02 15:12:52,Lab 301 (cam 2),anomaly_suppressed_cooldown,,
2026-07-02 15:12:52,Lab 301 (cam 2),anomaly_suppressed_cooldown,,
2026-07-02 15:12:52,Lab 301 (cam 2),anomaly_suppressed_cooldown,,
2026-07-02 15:12:52,Lab 301 (cam 2),anomaly_suppressed_cooldown,,
2026-07-02 15:12:52,Lab 301 (cam 2),anomaly_suppressed_cooldown,,
2026-07-02 15:12:52,Lab 301 (cam 2),anomaly_suppressed_cooldown,,
2026-07-02 15:12:52,Lab 301 (cam 2),anomaly_suppressed_cooldown,,
2026-07-02 15:12:52,Lab 301 (cam 2),anomaly_suppressed_cooldown,,
2026-07-02 15:12:52,Lab 301 (cam 2),anomaly_suppressed_cooldown,,
2026-07-02 15:12:52,Lab 301 (cam 2),anomaly_suppressed_cooldown,,
2026-07-02 15:12:52,Lab 301 (cam 2),anomaly_suppressed_cooldown,,
2026-07-02 15:12:52,Lab 301 (cam 2),anomaly_suppressed_cooldown,,
2026-07-02 15:12:52,Lab 301 (cam 2),anomaly_suppressed_cooldown,,
2026-07-02 15:12:52,Lab 301 (cam 2),anomaly_suppressed_cooldown,,
2026-07-02 15:12:53,Lab 301 (cam 2),anomaly_suppressed_cooldown,,
2026-07-02 15:12:53,Lab 301 (cam 2),anomaly_suppressed_cooldown,,
2026-07-02 15:12:53,Lab 301 (cam 2),anomaly_suppressed_cooldown,,
2026-07-02 15:12:53,Lab 301 (cam 2),anomaly_suppressed_cooldown,,
2026-07-02 15:12:53,Lab 301 (cam 2),anomaly_suppressed_cooldown,,
2026-07-02 15:12:53,Lab 301 (cam 2),anomaly_suppressed_cooldown,,
2026-07-02 15:12:53,Lab 301 (cam 2),anomaly_suppressed_cooldown,,
2026-07-02 15:12:53,Lab 301 (cam 2),anomaly_suppressed_cooldown,,
2026-07-02 15:12:53,Lab 301 (cam 2),anomaly_suppressed_cooldown,,
2026-07-02 15:12:53,Lab 301 (cam 2),anomaly_suppressed_cooldown,,
2026-07-02 15:12:53,Lab 301 (cam 2),anomaly_suppressed_cooldown,,
2026-07-02 15:12:53,Lab 301 (cam 2),anomaly_suppressed_cooldown,,
2026-07-02 15:12:53,Lab 301 (cam 2),anomaly_suppressed_cooldown,,
2026-07-02 15:12:53,Lab 301 (cam 2),anomaly_suppressed_cooldown,,
2026-07-02 15:12:53,Lab 301 (cam 2),anomaly_suppressed_cooldown,,
2026-07-02 15:12:53,Lab 301 (cam 2),anomaly_suppressed_cooldown,,
2026-07-02 15:12:53,Lab 301 (cam 2),anomaly_suppressed_cooldown,,
2026-07-02 15:12:53,Lab 301 (cam 2),anomaly_suppressed_cooldown,,
2026-07-02 15:12:53,Lab 301 (cam 2),anomaly_suppressed_cooldown,,
2026-07-02 15:12:53,Lab 301 (cam 2),anomaly_suppressed_cooldown,,
2026-07-02 15:12:53,Lab 301 (cam 2),anomaly_suppressed_cooldown,,
2026-07-02 15:12:58,Lab 301 (cam 2),anomaly_suppressed_cooldown,,
2026-07-02 15:13:09,Lab 301 (cam 2),anomaly_suppressed_cooldown,,
2026-07-02 15:13:09,Lab 301 (cam 2),anomaly_suppressed_cooldown,,
2026-07-02 15:13:09,Lab 301 (cam 2),anomaly_suppressed_cooldown,,
2026-07-02 15:13:09,Lab 301 (cam 2),anomaly_suppressed_cooldown,,
2026-07-02 15:13:09,Lab 301 (cam 2),anomaly_suppressed_cooldown,,
2026-07-02 15:13:09,Lab 301 (cam 2),anomaly_suppressed_cooldown,,
2026-07-02 15:13:09,Lab 301 (cam 2),anomaly_suppressed_cooldown,,
2026-07-02 15:13:09,Lab 301 (cam 2),anomaly_suppressed_cooldown,,
2026-07-02 15:13:09,Lab 301 (cam 2),anomaly_suppressed_cooldown,,
2026-07-02 15:13:09,Lab 301 (cam 2),anomaly_suppressed_cooldown,,
2026-07-02 15:13:11,Lab 301 (cam 2),anomaly_suppressed_cooldown,,
2026-07-02 15:13:24,Lab 301 (cam 2),anomaly_suppressed_cooldown,,
2026-07-02 15:13:24,Lab 301 (cam 2),anomaly_suppressed_cooldown,,
2026-07-02 15:13:24,Lab 301 (cam 2),anomaly_suppressed_cooldown,,
2026-07-02 15:13:24,Lab 301 (cam 2),anomaly_suppressed_cooldown,,
2026-07-02 15:13:25,Lab 301 (cam 2),anomaly_suppressed_cooldown,,
2026-07-02 15:13:25,Lab 301 (cam 2),anomaly_suppressed_cooldown,,
2026-07-02 15:13:25,Lab 301 (cam 2),anomaly_suppressed_cooldown,,
2026-07-02 15:13:25,Lab 301 (cam 2),anomaly_suppressed_cooldown,,
2026-07-02 15:13:25,Lab 301 (cam 2),anomaly_suppressed_cooldown,,
2026-07-02 15:13:25,Lab 301 (cam 2),anomaly_suppressed_cooldown,,
2026-07-02 15:13:25,Lab 301 (cam 2),anomaly_suppressed_cooldown,,
2026-07-02 15:13:25,Lab 301 (cam 2),anomaly_suppressed_cooldown,,
2026-07-02 15:13:25,Lab 301 (cam 2),anomaly_suppressed_cooldown,,
2026-07-02 15:13:25,Lab 301 (cam 2),anomaly_suppressed_cooldown,,
2026-07-02 15:13:25,Lab 301 (cam 2),anomaly_suppressed_cooldown,,
2026-07-02 15:13:25,Lab 301 (cam 2),anomaly_suppressed_cooldown,,
2026-07-02 15:13:25,Lab 301 (cam 2),anomaly_suppressed_cooldown,,
2026-07-02 15:13:25,Lab 301 (cam 2),anomaly_suppressed_cooldown,,
2026-07-02 15:13:25,Lab 301 (cam 2),anomaly_suppressed_cooldown,,
2026-07-02 15:13:25,Lab 301 (cam 2),anomaly_suppressed_cooldown,,
2026-07-02 15:13:25,Lab 301 (cam 2),anomaly_suppressed_cooldown,,
2026-07-02 15:13:25,Lab 301 (cam 2),anomaly_suppressed_cooldown,,
2026-07-02 15:13:26,Lab 301 (cam 2),anomaly_suppressed_cooldown,,
2026-07-02 15:13:26,Lab 301 (cam 2),anomaly_suppressed_cooldown,,
2026-07-02 15:13:26,Lab 301 (cam 2),anomaly_suppressed_cooldown,,
2026-07-02 15:13:26,Lab 301 (cam 2),anomaly_suppressed_cooldown,,
2026-07-02 15:13:27,Lab 301 (cam 2),anomaly_suppressed_cooldown,,
2026-07-02 15:13:28,Lab 301 (cam 2),anomaly_suppressed_cooldown,,
2026-07-02 15:13:30,Lab 301 (cam 2),anomaly_suppressed_cooldown,,
2026-07-02 15:13:37,Lab 301 (cam 2),anomaly_suppressed_cooldown,,
2026-07-02 15:13:37,Lab 301 (cam 2),anomaly_suppressed_cooldown,,
2026-07-02 15:13:37,Lab 301 (cam 2),anomaly_suppressed_cooldown,,
2026-07-02 15:13:37,Lab 301 (cam 2),anomaly_suppressed_cooldown,,
2026-07-02 15:13:38,Lab 301 (cam 2),anomaly_suppressed_cooldown,,
2026-07-02 15:13:38,Lab 301 (cam 2),anomaly_suppressed_cooldown,,
2026-07-02 15:13:38,Lab 301 (cam 2),anomaly_suppressed_cooldown,,
2026-07-02 15:13:38,Lab 301 (cam 2),anomaly_suppressed_cooldown,,
2026-07-02 15:13:38,Lab 301 (cam 2),anomaly_suppressed_cooldown,,
2026-07-02 15:13:38,Lab 301 (cam 2),anomaly_suppressed_cooldown,,
2026-07-02 15:13:38,Lab 301 (cam 2),anomaly_suppressed_cooldown,,
2026-07-02 15:13:38,Lab 301 (cam 2),anomaly_suppressed_cooldown,,
2026-07-02 15:13:38,Lab 301 (cam 2),anomaly_suppressed_cooldown,,
2026-07-02 15:13:38,Lab 301 (cam 2),anomaly_suppressed_cooldown,,
2026-07-02 15:13:38,Lab 301 (cam 2),anomaly_suppressed_cooldown,,
2026-07-02 15:13:39,Lab 301 (cam 2),anomaly_suppressed_cooldown,,
2026-07-02 15:13:39,Lab 301 (cam 2),anomaly_suppressed_cooldown,,
2026-07-02 15:13:39,Lab 301 (cam 2),anomaly_suppressed_cooldown,,
2026-07-02 15:13:39,Lab 301 (cam 2),anomaly_suppressed_cooldown,,
2026-07-02 15:13:39,Lab 301 (cam 2),anomaly_suppressed_cooldown,,
2026-07-02 15:13:39,Lab 301 (cam 2),anomaly_suppressed_cooldown,,
2026-07-02 15:13:39,Lab 301 (cam 2),anomaly_suppressed_cooldown,,
2026-07-02 15:13:39,Lab 301 (cam 2),anomaly_suppressed_cooldown,,
2026-07-02 15:13:39,Lab 301 (cam 2),anomaly_suppressed_cooldown,,
2026-07-02 15:13:39,Lab 301 (cam 2),anomaly_suppressed_cooldown,,
2026-07-02 15:13:39,Lab 301 (cam 2),anomaly_suppressed_cooldown,,
2026-07-02 15:13:39,Lab 301 (cam 2),anomaly_suppressed_cooldown,,
2026-07-02 15:13:39,Lab 301 (cam 2),anomaly_suppressed_cooldown,,
2026-07-02 15:13:39,Lab 301 (cam 2),anomaly_suppressed_cooldown,,
2026-07-02 15:13:39,Lab 301 (cam 2),anomaly_suppressed_cooldown,,
2026-07-02 15:13:39,Lab 301 (cam 2),anomaly_suppressed_cooldown,,
2026-07-02 15:13:39,Lab 301 (cam 2),anomaly_suppressed_cooldown,,
2026-07-02 15:13:39,Lab 301 (cam 2),anomaly_suppressed_cooldown,,
2026-07-02 15:13:39,Lab 301 (cam 2),anomaly_suppressed_cooldown,,
2026-07-02 15:13:39,Lab 301 (cam 2),anomaly_suppressed_cooldown,,
2026-07-02 15:13:39,Lab 301 (cam 2),anomaly_suppressed_cooldown,,
2026-07-02 15:13:39,Lab 301 (cam 2),anomaly_suppressed_cooldown,,
2026-07-02 15:13:39,Lab 301 (cam 2),anomaly_suppressed_cooldown,,
2026-07-02 15:13:39,Lab 301 (cam 2),anomaly_suppressed_cooldown,,
2026-07-02 15:13:39,Lab 301 (cam 2),anomaly_suppressed_cooldown,,
2026-07-02 15:13:39,Lab 301 (cam 2),anomaly_suppressed_cooldown,,
2026-07-02 15:13:40,Lab 301 (cam 2),anomaly_suppressed_cooldown,,
2026-07-02 15:13:40,Lab 301 (cam 2),anomaly_suppressed_cooldown,,
2026-07-02 15:13:40,Lab 301 (cam 2),anomaly_suppressed_cooldown,,
2026-07-02 15:13:40,Lab 301 (cam 2),anomaly_suppressed_cooldown,,
2026-07-02 15:13:40,Lab 301 (cam 2),anomaly_suppressed_cooldown,,
2026-07-02 15:13:40,Lab 301 (cam 2),anomaly_suppressed_cooldown,,
2026-07-02 15:13:40,Lab 301 (cam 2),anomaly_suppressed_cooldown,,
2026-07-02 15:13:40,Lab 301 (cam 2),anomaly_suppressed_cooldown,,
2026-07-02 15:13:40,Lab 301 (cam 2),anomaly_suppressed_cooldown,,
2026-07-02 15:13:40,Lab 301 (cam 2),anomaly_suppressed_cooldown,,
2026-07-02 15:13:40,Lab 301 (cam 2),anomaly_suppressed_cooldown,,
2026-07-02 15:13:40,Lab 301 (cam 2),anomaly_suppressed_cooldown,,
2026-07-02 15:13:40,Lab 301 (cam 2),anomaly_suppressed_cooldown,,
2026-07-02 15:13:40,Lab 301 (cam 2),anomaly_suppressed_cooldown,,
2026-07-02 15:13:40,Lab 301 (cam 2),anomaly_suppressed_cooldown,,
2026-07-02 15:13:40,Lab 301 (cam 2),anomaly_suppressed_cooldown,,
2026-07-02 15:13:40,Lab 301 (cam 2),anomaly_suppressed_cooldown,,
2026-07-02 15:13:40,Lab 301 (cam 2),anomaly_suppressed_cooldown,,
2026-07-02 15:13:40,Lab 301 (cam 2),anomaly_suppressed_cooldown,,
2026-07-02 15:13:40,Lab 301 (cam 2),anomaly_suppressed_cooldown,,
2026-07-02 15:13:40,Lab 301 (cam 2),anomaly_suppressed_cooldown,,
2026-07-02 15:13:40,Lab 301 (cam 2),anomaly_suppressed_cooldown,,
2026-07-02 15:13:40,Lab 301 (cam 2),anomaly_suppressed_cooldown,,
2026-07-02 15:13:40,Lab 301 (cam 2),anomaly_suppressed_cooldown,,
2026-07-02 15:13:40,Lab 301 (cam 2),anomaly_suppressed_cooldown,,
2026-07-02 15:13:40,Lab 301 (cam 2),anomaly_suppressed_cooldown,,
2026-07-02 15:13:40,Lab 301 (cam 2),anomaly_suppressed_cooldown,,
2026-07-02 15:13:40,Lab 301 (cam 2),anomaly_suppressed_cooldown,,
2026-07-02 15:13:41,Lab 301 (cam 2),anomaly_suppressed_cooldown,,
2026-07-02 15:13:41,Lab 301 (cam 2),anomaly_suppressed_cooldown,,
2026-07-02 15:13:41,Lab 301 (cam 2),anomaly_suppressed_cooldown,,
2026-07-02 15:13:41,Lab 301 (cam 2),anomaly_suppressed_cooldown,,
2026-07-02 15:13:41,Lab 301 (cam 2),anomaly_suppressed_cooldown,,
2026-07-02 15:13:41,Lab 301 (cam 2),anomaly_suppressed_cooldown,,
2026-07-02 15:13:41,Lab 301 (cam 2),anomaly_suppressed_cooldown,,
2026-07-02 15:13:41,Lab 301 (cam 2),anomaly_suppressed_cooldown,,
2026-07-02 15:13:41,Lab 301 (cam 2),anomaly_suppressed_cooldown,,
2026-07-02 15:13:41,Lab 301 (cam 2),anomaly_suppressed_cooldown,,
2026-07-02 15:13:41,Lab 301 (cam 2),anomaly_suppressed_cooldown,,
2026-07-02 15:13:41,Lab 301 (cam 2),anomaly_suppressed_cooldown,,
2026-07-02 15:13:41,Lab 301 (cam 2),anomaly_suppressed_cooldown,,
2026-07-02 15:13:41,Lab 301 (cam 2),anomaly_suppressed_cooldown,,
2026-07-02 15:13:41,Lab 301 (cam 2),anomaly_suppressed_cooldown,,
2026-07-02 15:13:41,Lab 301 (cam 2),anomaly_suppressed_cooldown,,
2026-07-02 15:13:41,Lab 301 (cam 2),anomaly_suppressed_cooldown,,
2026-07-02 15:13:41,Lab 301 (cam 2),anomaly_suppressed_cooldown,,
2026-07-02 15:13:41,Lab 301 (cam 2),anomaly_suppressed_cooldown,,
2026-07-02 15:13:41,Lab 301 (cam 2),anomaly_suppressed_cooldown,,
2026-07-02 15:13:41,Lab 301 (cam 2),anomaly_suppressed_cooldown,,
2026-07-02 15:13:41,Lab 301 (cam 2),anomaly_suppressed_cooldown,,
2026-07-02 15:13:41,Lab 301 (cam 2),anomaly_suppressed_cooldown,,
2026-07-02 15:13:41,Lab 301 (cam 2),anomaly_suppressed_cooldown,,
2026-07-02 15:13:41,Lab 301 (cam 2),anomaly_suppressed_cooldown,,
2026-07-02 15:13:41,Lab 301 (cam 2),anomaly_suppressed_cooldown,,
2026-07-02 15:13:41,Lab 301 (cam 2),anomaly_suppressed_cooldown,,
2026-07-02 15:13:42,Lab 301 (cam 2),anomaly_suppressed_cooldown,,
2026-07-02 15:13:42,Lab 301 (cam 2),anomaly_suppressed_cooldown,,
2026-07-02 15:13:42,Lab 301 (cam 2),anomaly_suppressed_cooldown,,
2026-07-02 15:13:42,Lab 301 (cam 2),anomaly_suppressed_cooldown,,
2026-07-02 15:13:42,Lab 301 (cam 2),anomaly_suppressed_cooldown,,
2026-07-02 15:13:42,Lab 301 (cam 2),anomaly_suppressed_cooldown,,
2026-07-02 15:13:42,Lab 301 (cam 2),anomaly_suppressed_cooldown,,
2026-07-02 15:13:42,Lab 301 (cam 2),anomaly_suppressed_cooldown,,
2026-07-02 15:13:42,Lab 301 (cam 2),anomaly_suppressed_cooldown,,
2026-07-02 15:13:42,Lab 301 (cam 2),anomaly_suppressed_cooldown,,
2026-07-02 15:13:42,Lab 301 (cam 2),anomaly_suppressed_cooldown,,
2026-07-02 15:13:42,Lab 301 (cam 2),anomaly_suppressed_cooldown,,
2026-07-02 15:13:42,Lab 301 (cam 2),anomaly_suppressed_cooldown,,
2026-07-02 15:13:45,Lab 301 (cam 2),anomaly_suppressed_cooldown,,
2026-07-02 15:13:45,Lab 301 (cam 2),anomaly_suppressed_cooldown,,
2026-07-02 15:13:45,Lab 301 (cam 2),anomaly_suppressed_cooldown,,
2026-07-02 15:13:45,Lab 301 (cam 2),anomaly_suppressed_cooldown,,
2026-07-02 15:13:45,Lab 301 (cam 2),anomaly_suppressed_cooldown,,
2026-07-02 15:13:45,Lab 301 (cam 2),anomaly_suppressed_cooldown,,
2026-07-02 15:13:45,Lab 301 (cam 2),anomaly_suppressed_cooldown,,
2026-07-02 15:13:45,Lab 301 (cam 2),anomaly_suppressed_cooldown,,
2026-07-02 15:13:45,Lab 301 (cam 2),anomaly_suppressed_cooldown,,
2026-07-02 15:13:45,Lab 301 (cam 2),anomaly_suppressed_cooldown,,
2026-07-02 15:13:45,Lab 301 (cam 2),anomaly_suppressed_cooldown,,
2026-07-02 15:13:45,Lab 301 (cam 2),anomaly_suppressed_cooldown,,
2026-07-02 15:13:45,Lab 301 (cam 2),anomaly_suppressed_cooldown,,
2026-07-02 15:13:45,Lab 301 (cam 2),anomaly_suppressed_cooldown,,
2026-07-02 15:13:45,Lab 301 (cam 2),anomaly_suppressed_cooldown,,
2026-07-02 15:13:45,Lab 301 (cam 2),anomaly_suppressed_cooldown,,
2026-07-02 15:13:45,Lab 301 (cam 2),anomaly_suppressed_cooldown,,
2026-07-02 15:13:45,Lab 301 (cam 2),anomaly_suppressed_cooldown,,
2026-07-02 15:13:45,Lab 301 (cam 2),anomaly_suppressed_cooldown,,
2026-07-02 15:13:45,Lab 301 (cam 2),anomaly_suppressed_cooldown,,
2026-07-02 15:13:45,Lab 301 (cam 2),anomaly_suppressed_cooldown,,
2026-07-02 15:13:45,Lab 301 (cam 2),anomaly_suppressed_cooldown,,
2026-07-02 15:13:45,Lab 301 (cam 2),anomaly_suppressed_cooldown,,
2026-07-02 15:13:45,Lab 301 (cam 2),anomaly_suppressed_cooldown,,
2026-07-02 15:13:45,Lab 301 (cam 2),anomaly_suppressed_cooldown,,
2026-07-02 15:13:45,Lab 301 (cam 2),anomaly_suppressed_cooldown,,
2026-07-02 15:13:45,Lab 301 (cam 2),anomaly_suppressed_cooldown,,
2026-07-02 15:13:45,Lab 301 (cam 2),anomaly_suppressed_cooldown,,
2026-07-02 15:13:46,Lab 301 (cam 2),anomaly_suppressed_cooldown,,
2026-07-02 15:13:46,Lab 301 (cam 2),anomaly_suppressed_cooldown,,
2026-07-02 15:13:46,Lab 301 (cam 2),anomaly_suppressed_cooldown,,
2026-07-02 15:13:46,Lab 301 (cam 2),anomaly_suppressed_cooldown,,
2026-07-02 15:13:46,Lab 301 (cam 2),anomaly_suppressed_cooldown,,
2026-07-02 15:13:46,Lab 301 (cam 2),anomaly_suppressed_cooldown,,
2026-07-02 15:13:46,Lab 301 (cam 2),anomaly_suppressed_cooldown,,
2026-07-02 15:13:46,Lab 301 (cam 2),anomaly_suppressed_cooldown,,
2026-07-02 15:13:46,Lab 301 (cam 2),anomaly_suppressed_cooldown,,
2026-07-02 15:13:46,Lab 301 (cam 2),anomaly_suppressed_cooldown,,
2026-07-02 15:13:46,Lab 301 (cam 2),anomaly_suppressed_cooldown,,
2026-07-02 15:13:46,Lab 301 (cam 2),anomaly_suppressed_cooldown,,
2026-07-02 15:13:46,Lab 301 (cam 2),anomaly_suppressed_cooldown,,
2026-07-02 15:13:46,Lab 301 (cam 2),anomaly_suppressed_cooldown,,
2026-07-02 15:13:46,Lab 301 (cam 2),anomaly_suppressed_cooldown,,
2026-07-02 15:13:46,Lab 301 (cam 2),anomaly_suppressed_cooldown,,
2026-07-02 15:13:46,Lab 301 (cam 2),anomaly_suppressed_cooldown,,
2026-07-02 15:13:46,Lab 301 (cam 2),anomaly_suppressed_cooldown,,
2026-07-02 15:13:46,Lab 301 (cam 2),anomaly_suppressed_cooldown,,
2026-07-02 15:13:46,Lab 301 (cam 2),anomaly_suppressed_cooldown,,
2026-07-02 15:13:46,Lab 301 (cam 2),anomaly_suppressed_cooldown,,
2026-07-02 15:13:46,Lab 301 (cam 2),anomaly_suppressed_cooldown,,
2026-07-02 15:13:46,Lab 301 (cam 2),anomaly_suppressed_cooldown,,
2026-07-02 15:13:46,Lab 301 (cam 2),anomaly_suppressed_cooldown,,
2026-07-02 15:13:46,Lab 301 (cam 2),anomaly_suppressed_cooldown,,
2026-07-02 15:13:46,Lab 301 (cam 2),anomaly_suppressed_cooldown,,
2026-07-02 15:13:46,Lab 301 (cam 2),anomaly_suppressed_cooldown,,
2026-07-02 15:13:46,Lab 301 (cam 2),anomaly_suppressed_cooldown,,
2026-07-02 15:13:46,Lab 301 (cam 2),anomaly_suppressed_cooldown,,
2026-07-02 15:13:46,Lab 301 (cam 2),anomaly_suppressed_cooldown,,
2026-07-02 15:13:47,Lab 301 (cam 2),anomaly_suppressed_cooldown,,
2026-07-02 15:13:47,Lab 301 (cam 2),anomaly_suppressed_cooldown,,
2026-07-02 15:13:47,Lab 301 (cam 2),anomaly_suppressed_cooldown,,
2026-07-02 15:13:47,Lab 301 (cam 2),anomaly_suppressed_cooldown,,
2026-07-02 15:13:47,Lab 301 (cam 2),anomaly_suppressed_cooldown,,
2026-07-02 15:13:47,Lab 301 (cam 2),anomaly_suppressed_cooldown,,
2026-07-02 15:13:47,Lab 301 (cam 2),anomaly_suppressed_cooldown,,
2026-07-02 15:13:47,Lab 301 (cam 2),anomaly_suppressed_cooldown,,
2026-07-02 15:13:47,Lab 301 (cam 2),anomaly_suppressed_cooldown,,
2026-07-02 15:13:47,Lab 301 (cam 2),anomaly_suppressed_cooldown,,
2026-07-02 15:13:47,Lab 301 (cam 2),anomaly_suppressed_cooldown,,
2026-07-02 15:13:47,Lab 301 (cam 2),anomaly_suppressed_cooldown,,
2026-07-02 15:13:47,Lab 301 (cam 2),anomaly_suppressed_cooldown,,
2026-07-02 15:13:47,Lab 301 (cam 2),anomaly_suppressed_cooldown,,
2026-07-02 15:13:47,Lab 301 (cam 2),anomaly_suppressed_cooldown,,
2026-07-02 15:13:47,Lab 301 (cam 2),anomaly_suppressed_cooldown,,
2026-07-02 15:13:47,Lab 301 (cam 2),anomaly_suppressed_cooldown,,
2026-07-02 15:13:47,Lab 301 (cam 2),anomaly_suppressed_cooldown,,
2026-07-02 15:13:47,Lab 301 (cam 2),anomaly_suppressed_cooldown,,
2026-07-02 15:13:47,Lab 301 (cam 2),anomaly_suppressed_cooldown,,
2026-07-02 15:13:47,Lab 301 (cam 2),anomaly_suppressed_cooldown,,
2026-07-02 15:13:47,Lab 301 (cam 2),anomaly_suppressed_cooldown,,
2026-07-02 15:13:47,Lab 301 (cam 2),anomaly_suppressed_cooldown,,
2026-07-02 15:13:47,Lab 301 (cam 2),anomaly_suppressed_cooldown,,
2026-07-02 15:13:47,Lab 301 (cam 2),anomaly_suppressed_cooldown,,
2026-07-02 15:13:47,Lab 301 (cam 2),anomaly_suppressed_cooldown,,
2026-07-02 15:14:09,Lab 301 (cam 2),anomaly,,snapshots\Lab_301_(cam_2)_20260702_151409.jpg
2026-07-02 15:14:09,Lab 301 (cam 2),anomaly_suppressed_cooldown,,
2026-07-02 15:14:09,Lab 301 (cam 2),anomaly_suppressed_cooldown,,
2026-07-02 15:14:09,Lab 301 (cam 2),anomaly_suppressed_cooldown,,
2026-07-02 15:14:09,Lab 301 (cam 2),anomaly_suppressed_cooldown,,
2026-07-02 15:14:09,Lab 301 (cam 2),anomaly_suppressed_cooldown,,
2026-07-02 15:14:09,Lab 301 (cam 2),anomaly_suppressed_cooldown,,
2026-07-02 15:14:09,Lab 301 (cam 2),anomaly_suppressed_cooldown,,
2026-07-02 15:14:09,Lab 301 (cam 2),anomaly_suppressed_cooldown,,
2026-07-02 15:14:09,Lab 301 (cam 2),anomaly_suppressed_cooldown,,
2026-07-02 15:14:09,Lab 301 (cam 2),anomaly_suppressed_cooldown,,
2026-07-02 15:14:09,Lab 301 (cam 2),anomaly_suppressed_cooldown,,
2026-07-02 15:14:09,Lab 301 (cam 2),anomaly_suppressed_cooldown,,
2026-07-02 15:14:10,Lab 301 (cam 2),anomaly_suppressed_cooldown,,
2026-07-02 15:14:10,Lab 301 (cam 2),anomaly_suppressed_cooldown,,
2026-07-02 15:14:10,Lab 301 (cam 2),anomaly_suppressed_cooldown,,
2026-07-02 15:14:10,Lab 301 (cam 2),anomaly_suppressed_cooldown,,
2026-07-02 15:14:10,Lab 301 (cam 2),anomaly_suppressed_cooldown,,
2026-07-02 15:14:10,Lab 301 (cam 2),anomaly_suppressed_cooldown,,
2026-07-02 15:14:10,Lab 301 (cam 2),anomaly_suppressed_cooldown,,
2026-07-02 15:14:10,Lab 301 (cam 2),anomaly_suppressed_cooldown,,
2026-07-02 15:14:10,Lab 301 (cam 2),anomaly_suppressed_cooldown,,
2026-07-02 15:14:10,Lab 301 (cam 2),anomaly_suppressed_cooldown,,
2026-07-02 15:14:10,Lab 301 (cam 2),anomaly_suppressed_cooldown,,
2026-07-02 15:14:10,Lab 301 (cam 2),anomaly_suppressed_cooldown,,
2026-07-02 15:14:10,Lab 301 (cam 2),anomaly_suppressed_cooldown,,
2026-07-02 15:14:10,Lab 301 (cam 2),anomaly_suppressed_cooldown,,
2026-07-02 15:14:10,Lab 301 (cam 2),anomaly_suppressed_cooldown,,
2026-07-02 15:14:10,Lab 301 (cam 2),anomaly_suppressed_cooldown,,
2026-07-02 15:14:10,Lab 301 (cam 2),anomaly_suppressed_cooldown,,
2026-07-02 15:14:10,Lab 301 (cam 2),anomaly_suppressed_cooldown,,
2026-07-02 15:14:10,Lab 301 (cam 2),anomaly_suppressed_cooldown,,
2026-07-02 15:14:10,Lab 301 (cam 2),anomaly_suppressed_cooldown,,
2026-07-02 15:14:10,Lab 301 (cam 2),anomaly_suppressed_cooldown,,
2026-07-02 15:14:10,Lab 301 (cam 2),anomaly_suppressed_cooldown,,
2026-07-02 15:14:10,Lab 301 (cam 2),anomaly_suppressed_cooldown,,
2026-07-02 15:14:10,Lab 301 (cam 2),anomaly_suppressed_cooldown,,
2026-07-02 15:14:10,Lab 301 (cam 2),anomaly_suppressed_cooldown,,
2026-07-02 15:14:10,Lab 301 (cam 2),anomaly_suppressed_cooldown,,
2026-07-02 15:14:10,Lab 301 (cam 2),anomaly_suppressed_cooldown,,
2026-07-02 15:14:10,Lab 301 (cam 2),anomaly_suppressed_cooldown,,
2026-07-02 15:14:10,Lab 301 (cam 2),anomaly_suppressed_cooldown,,
2026-07-02 15:14:11,Lab 301 (cam 2),anomaly_suppressed_cooldown,,
2026-07-02 15:14:11,Lab 301 (cam 2),anomaly_suppressed_cooldown,,
2026-07-02 15:14:11,Lab 301 (cam 2),anomaly_suppressed_cooldown,,
2026-07-02 15:14:11,Lab 301 (cam 2),anomaly_suppressed_cooldown,,
2026-07-02 15:14:11,Lab 301 (cam 2),anomaly_suppressed_cooldown,,
2026-07-02 15:14:11,Lab 301 (cam 2),anomaly_suppressed_cooldown,,
2026-07-02 15:14:11,Lab 301 (cam 2),anomaly_suppressed_cooldown,,
2026-07-02 15:14:11,Lab 301 (cam 2),anomaly_suppressed_cooldown,,
2026-07-02 15:14:11,Lab 301 (cam 2),anomaly_suppressed_cooldown,,
2026-07-02 15:14:11,Lab 301 (cam 2),anomaly_suppressed_cooldown,,
2026-07-02 15:14:11,Lab 301 (cam 2),anomaly_suppressed_cooldown,,
2026-07-02 15:14:11,Lab 301 (cam 2),anomaly_suppressed_cooldown,,
2026-07-02 15:14:11,Lab 301 (cam 2),anomaly_suppressed_cooldown,,
2026-07-02 15:14:11,Lab 301 (cam 2),anomaly_suppressed_cooldown,,
2026-07-02 15:14:11,Lab 301 (cam 2),anomaly_suppressed_cooldown,,
2026-07-02 15:14:11,Lab 301 (cam 2),anomaly_suppressed_cooldown,,
2026-07-02 15:14:11,Lab 301 (cam 2),anomaly_suppressed_cooldown,,
2026-07-02 15:14:11,Lab 301 (cam 2),anomaly_suppressed_cooldown,,
2026-07-02 15:14:11,Lab 301 (cam 2),anomaly_suppressed_cooldown,,
2026-07-02 15:14:11,Lab 301 (cam 2),anomaly_suppressed_cooldown,,
2026-07-02 15:14:11,Lab 301 (cam 2),anomaly_suppressed_cooldown,,
2026-07-02 15:14:11,Lab 301 (cam 2),anomaly_suppressed_cooldown,,
2026-07-02 15:14:11,Lab 301 (cam 2),anomaly_suppressed_cooldown,,
2026-07-02 15:14:11,Lab 301 (cam 2),anomaly_suppressed_cooldown,,
2026-07-02 15:14:11,Lab 301 (cam 2),anomaly_suppressed_cooldown,,
2026-07-02 15:14:12,Lab 301 (cam 2),anomaly_suppressed_cooldown,,
2026-07-02 15:14:12,Lab 301 (cam 2),anomaly_suppressed_cooldown,,
2026-07-02 15:14:12,Lab 301 (cam 2),anomaly_suppressed_cooldown,,
2026-07-02 15:14:12,Lab 301 (cam 2),anomaly_suppressed_cooldown,,
2026-07-02 15:14:12,Lab 301 (cam 2),anomaly_suppressed_cooldown,,
2026-07-02 15:14:12,Lab 301 (cam 2),anomaly_suppressed_cooldown,,
2026-07-02 15:14:12,Lab 301 (cam 2),anomaly_suppressed_cooldown,,
2026-07-02 15:14:12,Lab 301 (cam 2),anomaly_suppressed_cooldown,,
2026-07-02 15:14:12,Lab 301 (cam 2),anomaly_suppressed_cooldown,,
2026-07-02 15:14:12,Lab 301 (cam 2),anomaly_suppressed_cooldown,,
2026-07-02 15:14:12,Lab 301 (cam 2),anomaly_suppressed_cooldown,,
2026-07-02 15:14:12,Lab 301 (cam 2),anomaly_suppressed_cooldown,,
2026-07-02 15:14:12,Lab 301 (cam 2),anomaly_suppressed_cooldown,,
2026-07-02 15:14:12,Lab 301 (cam 2),anomaly_suppressed_cooldown,,
2026-07-02 15:14:12,Lab 301 (cam 2),anomaly_suppressed_cooldown,,
2026-07-02 15:14:12,Lab 301 (cam 2),anomaly_suppressed_cooldown,,
2026-07-02 15:14:12,Lab 301 (cam 2),anomaly_suppressed_cooldown,,
2026-07-02 15:14:12,Lab 301 (cam 2),anomaly_suppressed_cooldown,,
2026-07-02 15:14:12,Lab 301 (cam 2),anomaly_suppressed_cooldown,,
2026-07-02 15:14:12,Lab 301 (cam 2),anomaly_suppressed_cooldown,,
2026-07-02 15:14:12,Lab 301 (cam 2),anomaly_suppressed_cooldown,,
2026-07-02 15:14:12,Lab 301 (cam 2),anomaly_suppressed_cooldown,,
2026-07-02 15:14:12,Lab 301 (cam 2),anomaly_suppressed_cooldown,,
2026-07-02 15:14:12,Lab 301 (cam 2),anomaly_suppressed_cooldown,,
2026-07-02 15:14:12,Lab 301 (cam 2),anomaly_suppressed_cooldown,,
2026-07-02 15:14:12,Lab 301 (cam 2),anomaly_suppressed_cooldown,,
2026-07-02 15:14:12,Lab 301 (cam 2),anomaly_suppressed_cooldown,,
2026-07-02 15:14:12,Lab 301 (cam 2),anomaly_suppressed_cooldown,,
2026-07-02 15:14:13,Lab 301 (cam 2),anomaly_suppressed_cooldown,,
2026-07-02 15:14:13,Lab 301 (cam 2),anomaly_suppressed_cooldown,,
2026-07-02 15:14:13,Lab 301 (cam 2),anomaly_suppressed_cooldown,,
2026-07-02 15:14:13,Lab 301 (cam 2),anomaly_suppressed_cooldown,,
2026-07-02 15:14:13,Lab 301 (cam 2),anomaly_suppressed_cooldown,,
2026-07-02 15:14:13,Lab 301 (cam 2),anomaly_suppressed_cooldown,,
2026-07-02 15:14:13,Lab 301 (cam 2),anomaly_suppressed_cooldown,,
2026-07-02 15:14:24,Lab 301 (cam 2),anomaly_suppressed_cooldown,,
2026-07-02 15:14:24,Lab 301 (cam 2),anomaly_suppressed_cooldown,,
2026-07-02 15:14:24,Lab 301 (cam 2),anomaly_suppressed_cooldown,,
2026-07-02 15:14:24,Lab 301 (cam 2),anomaly_suppressed_cooldown,,
2026-07-02 15:14:24,Lab 301 (cam 2),anomaly_suppressed_cooldown,,
2026-07-02 15:14:25,Lab 301 (cam 2),anomaly_suppressed_cooldown,,
2026-07-02 15:14:25,Lab 301 (cam 2),anomaly_suppressed_cooldown,,
2026-07-02 15:14:25,Lab 301 (cam 2),anomaly_suppressed_cooldown,,
2026-07-02 15:14:25,Lab 301 (cam 2),anomaly_suppressed_cooldown,,
2026-07-02 15:14:25,Lab 301 (cam 2),anomaly_suppressed_cooldown,,
2026-07-02 15:14:25,Lab 301 (cam 2),anomaly_suppressed_cooldown,,
2026-07-02 15:14:25,Lab 301 (cam 2),anomaly_suppressed_cooldown,,
2026-07-02 15:14:25,Lab 301 (cam 2),anomaly_suppressed_cooldown,,
2026-07-02 15:14:25,Lab 301 (cam 2),anomaly_suppressed_cooldown,,
2026-07-02 15:14:25,Lab 301 (cam 2),anomaly_suppressed_cooldown,,
2026-07-02 15:14:25,Lab 301 (cam 2),anomaly_suppressed_cooldown,,
2026-07-02 15:14:25,Lab 301 (cam 2),anomaly_suppressed_cooldown,,
2026-07-02 15:14:25,Lab 301 (cam 2),anomaly_suppressed_cooldown,,
2026-07-02 15:14:25,Lab 301 (cam 2),anomaly_suppressed_cooldown,,
2026-07-02 15:14:25,Lab 301 (cam 2),anomaly_suppressed_cooldown,,
2026-07-02 15:14:25,Lab 301 (cam 2),anomaly_suppressed_cooldown,,
2026-07-02 15:14:25,Lab 301 (cam 2),anomaly_suppressed_cooldown,,
2026-07-02 15:14:25,Lab 301 (cam 2),anomaly_suppressed_cooldown,,
2026-07-02 15:14:25,Lab 301 (cam 2),anomaly_suppressed_cooldown,,
2026-07-02 15:14:25,Lab 301 (cam 2),anomaly_suppressed_cooldown,,
2026-07-02 15:14:25,Lab 301 (cam 2),anomaly_suppressed_cooldown,,
2026-07-02 15:14:26,Lab 301 (cam 2),anomaly_suppressed_cooldown,,
2026-07-02 15:14:26,Lab 301 (cam 2),anomaly_suppressed_cooldown,,
2026-07-02 15:14:26,Lab 301 (cam 2),anomaly_suppressed_cooldown,,
2026-07-02 15:14:26,Lab 301 (cam 2),anomaly_suppressed_cooldown,,
2026-07-02 15:14:26,Lab 301 (cam 2),anomaly_suppressed_cooldown,,
2026-07-02 15:14:26,Lab 301 (cam 2),anomaly_suppressed_cooldown,,
2026-07-02 15:14:26,Lab 301 (cam 2),anomaly_suppressed_cooldown,,
2026-07-02 15:14:26,Lab 301 (cam 2),anomaly_suppressed_cooldown,,
2026-07-02 15:14:26,Lab 301 (cam 2),anomaly_suppressed_cooldown,,
2026-07-02 15:14:26,Lab 301 (cam 2),anomaly_suppressed_cooldown,,
2026-07-02 15:14:26,Lab 301 (cam 2),anomaly_suppressed_cooldown,,
2026-07-02 15:14:26,Lab 301 (cam 2),anomaly_suppressed_cooldown,,
2026-07-02 15:14:26,Lab 301 (cam 2),anomaly_suppressed_cooldown,,
2026-07-02 15:14:26,Lab 301 (cam 2),anomaly_suppressed_cooldown,,
2026-07-02 15:14:26,Lab 301 (cam 2),anomaly_suppressed_cooldown,,
2026-07-02 15:14:26,Lab 301 (cam 2),anomaly_suppressed_cooldown,,
2026-07-02 15:14:26,Lab 301 (cam 2),anomaly_suppressed_cooldown,,
2026-07-02 15:14:26,Lab 301 (cam 2),anomaly_suppressed_cooldown,,
2026-07-02 15:14:26,Lab 301 (cam 2),anomaly_suppressed_cooldown,,
2026-07-02 15:14:26,Lab 301 (cam 2),anomaly_suppressed_cooldown,,
2026-07-02 15:14:26,Lab 301 (cam 2),anomaly_suppressed_cooldown,,
2026-07-02 15:14:26,Lab 301 (cam 2),anomaly_suppressed_cooldown,,
2026-07-02 15:14:26,Lab 301 (cam 2),anomaly_suppressed_cooldown,,
2026-07-02 15:14:26,Lab 301 (cam 2),anomaly_suppressed_cooldown,,
2026-07-02 15:14:26,Lab 301 (cam 2),anomaly_suppressed_cooldown,,
2026-07-02 15:14:26,Lab 301 (cam 2),anomaly_suppressed_cooldown,,
2026-07-02 15:14:27,Lab 301 (cam 2),anomaly_suppressed_cooldown,,
2026-07-02 15:14:27,Lab 301 (cam 2),anomaly_suppressed_cooldown,,
2026-07-02 15:14:27,Lab 301 (cam 2),anomaly_suppressed_cooldown,,
2026-07-02 15:14:27,Lab 301 (cam 2),anomaly_suppressed_cooldown,,
2026-07-02 15:14:27,Lab 301 (cam 2),anomaly_suppressed_cooldown,,
2026-07-02 15:14:27,Lab 301 (cam 2),anomaly_suppressed_cooldown,,
2026-07-02 15:14:27,Lab 301 (cam 2),anomaly_suppressed_cooldown,,
2026-07-02 15:14:27,Lab 301 (cam 2),anomaly_suppressed_cooldown,,
2026-07-02 15:14:27,Lab 301 (cam 2),anomaly_suppressed_cooldown,,
2026-07-02 15:14:33,Lab 301 (cam 2),anomaly_suppressed_cooldown,,
2026-07-02 15:14:34,Lab 301 (cam 2),anomaly_suppressed_cooldown,,
2026-07-02 15:14:34,Lab 301 (cam 2),anomaly_suppressed_cooldown,,
2026-07-02 15:14:34,Lab 301 (cam 2),anomaly_suppressed_cooldown,,
2026-07-02 15:14:35,Lab 301 (cam 2),anomaly_suppressed_cooldown,,
2026-07-02 15:14:35,Lab 301 (cam 2),anomaly_suppressed_cooldown,,
2026-07-02 15:14:35,Lab 301 (cam 2),anomaly_suppressed_cooldown,,
2026-07-02 15:14:35,Lab 301 (cam 2),anomaly_suppressed_cooldown,,
2026-07-02 15:14:35,Lab 301 (cam 2),anomaly_suppressed_cooldown,,
2026-07-02 15:14:35,Lab 301 (cam 2),anomaly_suppressed_cooldown,,
2026-07-02 15:14:35,Lab 301 (cam 2),anomaly_suppressed_cooldown,,
2026-07-02 15:14:35,Lab 301 (cam 2),anomaly_suppressed_cooldown,,
2026-07-02 15:14:35,Lab 301 (cam 2),anomaly_suppressed_cooldown,,
2026-07-02 15:14:35,Lab 301 (cam 2),anomaly_suppressed_cooldown,,
2026-07-02 15:14:35,Lab 301 (cam 2),anomaly_suppressed_cooldown,,
2026-07-02 15:14:36,Lab 301 (cam 2),anomaly_suppressed_cooldown,,
2026-07-02 15:14:36,Lab 301 (cam 2),anomaly_suppressed_cooldown,,
2026-07-02 15:14:36,Lab 301 (cam 2),anomaly_suppressed_cooldown,,
2026-07-02 15:14:36,Lab 301 (cam 2),anomaly_suppressed_cooldown,,
2026-07-02 15:14:36,Lab 301 (cam 2),anomaly_suppressed_cooldown,,
2026-07-02 15:14:36,Lab 301 (cam 2),anomaly_suppressed_cooldown,,
2026-07-02 15:14:36,Lab 301 (cam 2),anomaly_suppressed_cooldown,,
2026-07-02 15:14:36,Lab 301 (cam 2),anomaly_suppressed_cooldown,,
2026-07-02 15:14:36,Lab 301 (cam 2),anomaly_suppressed_cooldown,,
2026-07-02 15:14:36,Lab 301 (cam 2),anomaly_suppressed_cooldown,,
2026-07-02 15:14:36,Lab 301 (cam 2),anomaly_suppressed_cooldown,,
2026-07-02 15:14:36,Lab 301 (cam 2),anomaly_suppressed_cooldown,,
2026-07-02 15:14:36,Lab 301 (cam 2),anomaly_suppressed_cooldown,,
2026-07-02 15:14:36,Lab 301 (cam 2),anomaly_suppressed_cooldown,,
2026-07-02 15:14:36,Lab 301 (cam 2),anomaly_suppressed_cooldown,,
2026-07-02 15:14:36,Lab 301 (cam 2),anomaly_suppressed_cooldown,,
2026-07-02 15:14:36,Lab 301 (cam 2),anomaly_suppressed_cooldown,,
2026-07-02 15:14:36,Lab 301 (cam 2),anomaly_suppressed_cooldown,,
2026-07-02 15:14:36,Lab 301 (cam 2),anomaly_suppressed_cooldown,,
2026-07-02 15:14:36,Lab 301 (cam 2),anomaly_suppressed_cooldown,,
2026-07-02 15:14:36,Lab 301 (cam 2),anomaly_suppressed_cooldown,,
2026-07-02 15:14:36,Lab 301 (cam 2),anomaly_suppressed_cooldown,,
2026-07-02 15:14:36,Lab 301 (cam 2),anomaly_suppressed_cooldown,,
2026-07-02 15:14:36,Lab 301 (cam 2),anomaly_suppressed_cooldown,,
2026-07-02 15:14:37,Lab 301 (cam 2),anomaly_suppressed_cooldown,,
2026-07-02 15:14:37,Lab 301 (cam 2),anomaly_suppressed_cooldown,,
2026-07-02 15:14:37,Lab 301 (cam 2),anomaly_suppressed_cooldown,,
2026-07-02 15:14:37,Lab 301 (cam 2),anomaly_suppressed_cooldown,,
2026-07-02 15:14:37,Lab 301 (cam 2),anomaly_suppressed_cooldown,,
2026-07-02 15:14:37,Lab 301 (cam 2),anomaly_suppressed_cooldown,,
2026-07-02 15:14:37,Lab 301 (cam 2),anomaly_suppressed_cooldown,,
2026-07-02 15:14:37,Lab 301 (cam 2),anomaly_suppressed_cooldown,,
2026-07-02 15:14:37,Lab 301 (cam 2),anomaly_suppressed_cooldown,,
2026-07-02 15:14:37,Lab 301 (cam 2),anomaly_suppressed_cooldown,,
2026-07-02 15:14:37,Lab 301 (cam 2),anomaly_suppressed_cooldown,,
2026-07-02 15:14:37,Lab 301 (cam 2),anomaly_suppressed_cooldown,,
2026-07-02 15:14:37,Lab 301 (cam 2),anomaly_suppressed_cooldown,,
2026-07-02 15:14:37,Lab 301 (cam 2),anomaly_suppressed_cooldown,,
2026-07-02 15:14:37,Lab 301 (cam 2),anomaly_suppressed_cooldown,,
2026-07-02 15:14:37,Lab 301 (cam 2),anomaly_suppressed_cooldown,,
2026-07-02 15:14:37,Lab 301 (cam 2),anomaly_suppressed_cooldown,,
2026-07-02 15:14:38,Lab 301 (cam 2),anomaly_suppressed_cooldown,,
2026-07-02 15:14:38,Lab 301 (cam 2),anomaly_suppressed_cooldown,,
2026-07-02 15:14:38,Lab 301 (cam 2),anomaly_suppressed_cooldown,,
2026-07-02 15:14:38,Lab 301 (cam 2),anomaly_suppressed_cooldown,,
2026-07-02 15:14:38,Lab 301 (cam 2),anomaly_suppressed_cooldown,,
2026-07-02 15:14:38,Lab 301 (cam 2),anomaly_suppressed_cooldown,,
2026-07-02 15:14:38,Lab 301 (cam 2),anomaly_suppressed_cooldown,,
2026-07-02 15:14:38,Lab 301 (cam 2),anomaly_suppressed_cooldown,,
2026-07-02 15:14:38,Lab 301 (cam 2),anomaly_suppressed_cooldown,,
2026-07-02 15:14:38,Lab 301 (cam 2),anomaly_suppressed_cooldown,,
2026-07-02 15:14:38,Lab 301 (cam 2),anomaly_suppressed_cooldown,,
2026-07-02 15:14:38,Lab 301 (cam 2),anomaly_suppressed_cooldown,,
2026-07-02 15:14:38,Lab 301 (cam 2),anomaly_suppressed_cooldown,,
2026-07-02 15:14:38,Lab 301 (cam 2),anomaly_suppressed_cooldown,,
2026-07-02 15:14:38,Lab 301 (cam 2),anomaly_suppressed_cooldown,,
2026-07-02 15:14:38,Lab 301 (cam 2),anomaly_suppressed_cooldown,,
2026-07-02 15:14:38,Lab 301 (cam 2),anomaly_suppressed_cooldown,,
2026-07-02 15:14:38,Lab 301 (cam 2),anomaly_suppressed_cooldown,,
2026-07-02 15:14:38,Lab 301 (cam 2),anomaly_suppressed_cooldown,,
2026-07-02 15:14:38,Lab 301 (cam 2),anomaly_suppressed_cooldown,,
2026-07-02 15:14:38,Lab 301 (cam 2),anomaly_suppressed_cooldown,,
2026-07-02 15:14:38,Lab 301 (cam 2),anomaly_suppressed_cooldown,,
2026-07-02 15:14:38,Lab 301 (cam 2),anomaly_suppressed_cooldown,,
2026-07-02 15:14:38,Lab 301 (cam 2),anomaly_suppressed_cooldown,,
2026-07-02 15:14:38,Lab 301 (cam 2),anomaly_suppressed_cooldown,,
2026-07-02 15:14:38,Lab 301 (cam 2),anomaly_suppressed_cooldown,,
2026-07-02 15:14:38,Lab 301 (cam 2),anomaly_suppressed_cooldown,,
2026-07-02 15:14:39,Lab 301 (cam 2),anomaly_suppressed_cooldown,,
2026-07-02 15:14:39,Lab 301 (cam 2),anomaly_suppressed_cooldown,,
2026-07-02 15:14:39,Lab 301 (cam 2),anomaly_suppressed_cooldown,,
2026-07-02 15:14:39,Lab 301 (cam 2),anomaly_suppressed_cooldown,,
2026-07-02 15:14:39,Lab 301 (cam 2),anomaly_suppressed_cooldown,,
2026-07-02 15:14:39,Lab 301 (cam 2),anomaly_suppressed_cooldown,,
2026-07-02 15:14:39,Lab 301 (cam 2),anomaly_suppressed_cooldown,,
2026-07-02 15:14:39,Lab 301 (cam 2),anomaly_suppressed_cooldown,,
2026-07-02 15:14:39,Lab 301 (cam 2),anomaly_suppressed_cooldown,,
2026-07-02 15:14:39,Lab 301 (cam 2),anomaly_suppressed_cooldown,,
2026-07-02 15:14:39,Lab 301 (cam 2),anomaly_suppressed_cooldown,,
2026-07-02 15:14:39,Lab 301 (cam 2),anomaly_suppressed_cooldown,,
2026-07-02 15:14:39,Lab 301 (cam 2),anomaly_suppressed_cooldown,,
2026-07-02 15:14:39,Lab 301 (cam 2),anomaly_suppressed_cooldown,,
2026-07-02 15:14:39,Lab 301 (cam 2),anomaly_suppressed_cooldown,,
2026-07-02 15:14:39,Lab 301 (cam 2),anomaly_suppressed_cooldown,,
2026-07-02 15:14:39,Lab 301 (cam 2),anomaly_suppressed_cooldown,,
2026-07-02 15:14:40,Lab 301 (cam 2),anomaly_suppressed_cooldown,,
2026-07-02 15:14:40,Lab 301 (cam 2),anomaly_suppressed_cooldown,,
2026-07-02 15:14:40,Lab 301 (cam 2),anomaly_suppressed_cooldown,,
2026-07-02 15:14:40,Lab 301 (cam 2),anomaly_suppressed_cooldown,,
2026-07-02 15:14:40,Lab 301 (cam 2),anomaly_suppressed_cooldown,,
2026-07-02 15:14:40,Lab 301 (cam 2),anomaly_suppressed_cooldown,,
2026-07-02 15:14:40,Lab 301 (cam 2),anomaly_suppressed_cooldown,,
2026-07-02 15:14:40,Lab 301 (cam 2),anomaly_suppressed_cooldown,,
2026-07-02 15:14:40,Lab 301 (cam 2),anomaly_suppressed_cooldown,,
2026-07-02 15:14:40,Lab 301 (cam 2),anomaly_suppressed_cooldown,,
2026-07-02 15:14:40,Lab 301 (cam 2),anomaly_suppressed_cooldown,,
2026-07-02 15:14:40,Lab 301 (cam 2),anomaly_suppressed_cooldown,,
2026-07-02 15:14:40,Lab 301 (cam 2),anomaly_suppressed_cooldown,,
2026-07-02 15:14:40,Lab 301 (cam 2),anomaly_suppressed_cooldown,,
2026-07-02 15:14:40,Lab 301 (cam 2),anomaly_suppressed_cooldown,,
2026-07-02 15:14:40,Lab 301 (cam 2),anomaly_suppressed_cooldown,,
2026-07-02 15:14:40,Lab 301 (cam 2),anomaly_suppressed_cooldown,,
2026-07-02 15:14:40,Lab 301 (cam 2),anomaly_suppressed_cooldown,,
2026-07-02 15:14:40,Lab 301 (cam 2),anomaly_suppressed_cooldown,,
2026-07-02 15:14:40,Lab 301 (cam 2),anomaly_suppressed_cooldown,,
2026-07-02 15:14:40,Lab 301 (cam 2),anomaly_suppressed_cooldown,,
2026-07-02 15:14:40,Lab 301 (cam 2),anomaly_suppressed_cooldown,,
2026-07-02 15:14:40,Lab 301 (cam 2),anomaly_suppressed_cooldown,,
2026-07-02 15:14:42,Lab 301 (cam 2),anomaly_suppressed_cooldown,,
2026-07-02 15:14:42,Lab 301 (cam 2),anomaly_suppressed_cooldown,,
2026-07-02 15:14:42,Lab 301 (cam 2),anomaly_suppressed_cooldown,,
2026-07-02 15:14:42,Lab 301 (cam 2),anomaly_suppressed_cooldown,,
2026-07-02 15:14:42,Lab 301 (cam 2),anomaly_suppressed_cooldown,,
2026-07-02 15:14:42,Lab 301 (cam 2),anomaly_suppressed_cooldown,,
2026-07-02 15:14:42,Lab 301 (cam 2),anomaly_suppressed_cooldown,,
2026-07-02 15:14:42,Lab 301 (cam 2),anomaly_suppressed_cooldown,,
2026-07-02 15:14:42,Lab 301 (cam 2),anomaly_suppressed_cooldown,,
2026-07-02 15:14:42,Lab 301 (cam 2),anomaly_suppressed_cooldown,,
2026-07-02 15:14:42,Lab 301 (cam 2),anomaly_suppressed_cooldown,,
2026-07-02 15:14:42,Lab 301 (cam 2),anomaly_suppressed_cooldown,,
2026-07-02 15:14:43,Lab 301 (cam 2),anomaly_suppressed_cooldown,,
2026-07-02 15:14:43,Lab 301 (cam 2),anomaly_suppressed_cooldown,,
2026-07-02 15:14:43,Lab 301 (cam 2),anomaly_suppressed_cooldown,,
2026-07-02 15:14:43,Lab 301 (cam 2),anomaly_suppressed_cooldown,,
2026-07-02 15:14:43,Lab 301 (cam 2),anomaly_suppressed_cooldown,,
2026-07-02 15:14:43,Lab 301 (cam 2),anomaly_suppressed_cooldown,,
2026-07-02 15:14:43,Lab 301 (cam 2),anomaly_suppressed_cooldown,,
2026-07-02 15:14:43,Lab 301 (cam 2),anomaly_suppressed_cooldown,,
2026-07-02 15:14:43,Lab 301 (cam 2),anomaly_suppressed_cooldown,,
2026-07-02 15:14:43,Lab 301 (cam 2),anomaly_suppressed_cooldown,,
2026-07-02 15:14:43,Lab 301 (cam 2),anomaly_suppressed_cooldown,,
2026-07-02 15:14:43,Lab 301 (cam 2),anomaly_suppressed_cooldown,,
2026-07-02 15:14:43,Lab 301 (cam 2),anomaly_suppressed_cooldown,,
2026-07-02 15:14:43,Lab 301 (cam 2),anomaly_suppressed_cooldown,,
2026-07-02 15:14:43,Lab 301 (cam 2),anomaly_suppressed_cooldown,,
2026-07-02 15:14:43,Lab 301 (cam 2),anomaly_suppressed_cooldown,,
2026-07-02 15:14:43,Lab 301 (cam 2),anomaly_suppressed_cooldown,,
2026-07-02 15:14:43,Lab 301 (cam 2),anomaly_suppressed_cooldown,,
2026-07-02 15:14:43,Lab 301 (cam 2),anomaly_suppressed_cooldown,,
2026-07-02 15:14:43,Lab 301 (cam 2),anomaly_suppressed_cooldown,,
2026-07-02 15:14:43,Lab 301 (cam 2),anomaly_suppressed_cooldown,,
2026-07-02 15:14:43,Lab 301 (cam 2),anomaly_suppressed_cooldown,,
2026-07-02 15:14:43,Lab 301 (cam 2),anomaly_suppressed_cooldown,,
2026-07-02 15:14:44,Lab 301 (cam 2),anomaly_suppressed_cooldown,,
2026-07-02 15:14:44,Lab 301 (cam 2),anomaly_suppressed_cooldown,,
2026-07-02 15:14:44,Lab 301 (cam 2),anomaly_suppressed_cooldown,,
2026-07-02 15:14:44,Lab 301 (cam 2),anomaly_suppressed_cooldown,,
2026-07-02 15:14:44,Lab 301 (cam 2),anomaly_suppressed_cooldown,,
2026-07-02 15:14:44,Lab 301 (cam 2),anomaly_suppressed_cooldown,,
2026-07-02 15:14:44,Lab 301 (cam 2),anomaly_suppressed_cooldown,,
2026-07-02 15:14:44,Lab 301 (cam 2),anomaly_suppressed_cooldown,,
2026-07-02 15:14:44,Lab 301 (cam 2),anomaly_suppressed_cooldown,,
2026-07-02 15:14:44,Lab 301 (cam 2),anomaly_suppressed_cooldown,,
2026-07-02 15:14:44,Lab 301 (cam 2),anomaly_suppressed_cooldown,,
2026-07-02 15:14:44,Lab 301 (cam 2),anomaly_suppressed_cooldown,,
2026-07-02 15:14:44,Lab 301 (cam 2),anomaly_suppressed_cooldown,,
2026-07-02 15:14:44,Lab 301 (cam 2),anomaly_suppressed_cooldown,,
2026-07-02 15:14:44,Lab 301 (cam 2),anomaly_suppressed_cooldown,,
2026-07-02 15:14:44,Lab 301 (cam 2),anomaly_suppressed_cooldown,,
2026-07-02 15:14:44,Lab 301 (cam 2),anomaly_suppressed_cooldown,,
2026-07-02 15:14:44,Lab 301 (cam 2),anomaly_suppressed_cooldown,,
2026-07-02 15:14:44,Lab 301 (cam 2),anomaly_suppressed_cooldown,,
2026-07-02 15:14:44,Lab 301 (cam 2),anomaly_suppressed_cooldown,,
2026-07-02 15:14:44,Lab 301 (cam 2),anomaly_suppressed_cooldown,,
2026-07-02 15:14:44,Lab 301 (cam 2),anomaly_suppressed_cooldown,,
2026-07-02 15:14:44,Lab 301 (cam 2),anomaly_suppressed_cooldown,,
2026-07-02 15:14:44,Lab 301 (cam 2),anomaly_suppressed_cooldown,,
2026-07-02 15:14:44,Lab 301 (cam 2),anomaly_suppressed_cooldown,,
2026-07-02 15:14:44,Lab 301 (cam 2),anomaly_suppressed_cooldown,,
2026-07-02 15:14:45,Lab 301 (cam 2),anomaly_suppressed_cooldown,,
2026-07-02 15:14:45,Lab 301 (cam 2),anomaly_suppressed_cooldown,,
2026-07-02 15:14:45,Lab 301 (cam 2),anomaly_suppressed_cooldown,,
2026-07-02 15:14:45,Lab 301 (cam 2),anomaly_suppressed_cooldown,,
2026-07-02 15:14:45,Lab 301 (cam 2),anomaly_suppressed_cooldown,,
2026-07-02 15:14:45,Lab 301 (cam 2),anomaly_suppressed_cooldown,,
2026-07-02 15:14:45,Lab 301 (cam 2),anomaly_suppressed_cooldown,,
2026-07-02 15:14:45,Lab 301 (cam 2),anomaly_suppressed_cooldown,,
2026-07-02 15:14:45,Lab 301 (cam 2),anomaly_suppressed_cooldown,,
2026-07-02 15:14:45,Lab 301 (cam 2),anomaly_suppressed_cooldown,,
2026-07-02 15:14:45,Lab 301 (cam 2),anomaly_suppressed_cooldown,,
2026-07-02 15:14:45,Lab 301 (cam 2),anomaly_suppressed_cooldown,,
2026-07-02 15:14:45,Lab 301 (cam 2),anomaly_suppressed_cooldown,,
2026-07-02 15:14:45,Lab 301 (cam 2),anomaly_suppressed_cooldown,,
2026-07-02 15:14:45,Lab 301 (cam 2),anomaly_suppressed_cooldown,,
2026-07-02 15:14:45,Lab 301 (cam 2),anomaly_suppressed_cooldown,,
2026-07-02 15:14:46,Lab 301 (cam 2),anomaly_suppressed_cooldown,,
2026-07-02 15:14:46,Lab 301 (cam 2),anomaly_suppressed_cooldown,,
2026-07-02 15:14:46,Lab 301 (cam 2),anomaly_suppressed_cooldown,,
2026-07-02 15:14:46,Lab 301 (cam 2),anomaly_suppressed_cooldown,,
2026-07-02 15:14:46,Lab 301 (cam 2),anomaly_suppressed_cooldown,,
2026-07-02 15:14:46,Lab 301 (cam 2),anomaly_suppressed_cooldown,,
2026-07-02 15:14:46,Lab 301 (cam 2),anomaly_suppressed_cooldown,,
2026-07-02 15:14:46,Lab 301 (cam 2),anomaly_suppressed_cooldown,,
2026-07-02 15:14:46,Lab 301 (cam 2),anomaly_suppressed_cooldown,,
2026-07-02 15:14:46,Lab 301 (cam 2),anomaly_suppressed_cooldown,,
2026-07-02 15:14:46,Lab 301 (cam 2),anomaly_suppressed_cooldown,,
2026-07-02 15:14:46,Lab 301 (cam 2),anomaly_suppressed_cooldown,,
2026-07-02 15:14:46,Lab 301 (cam 2),anomaly_suppressed_cooldown,,
2026-07-02 15:14:47,Lab 301 (cam 2),anomaly_suppressed_cooldown,,
2026-07-02 15:14:47,Lab 301 (cam 2),anomaly_suppressed_cooldown,,
2026-07-02 15:14:47,Lab 301 (cam 2),anomaly_suppressed_cooldown,,
2026-07-02 15:14:47,Lab 301 (cam 2),anomaly_suppressed_cooldown,,
2026-07-02 15:14:47,Lab 301 (cam 2),anomaly_suppressed_cooldown,,
2026-07-02 15:14:47,Lab 301 (cam 2),anomaly_suppressed_cooldown,,
2026-07-02 15:14:47,Lab 301 (cam 2),anomaly_suppressed_cooldown,,
2026-07-02 15:14:47,Lab 301 (cam 2),anomaly_suppressed_cooldown,,
2026-07-02 15:14:47,Lab 301 (cam 2),anomaly_suppressed_cooldown,,
2026-07-02 15:14:47,Lab 301 (cam 2),anomaly_suppressed_cooldown,,
2026-07-02 15:14:47,Lab 301 (cam 2),anomaly_suppressed_cooldown,,
2026-07-02 15:14:47,Lab 301 (cam 2),anomaly_suppressed_cooldown,,
2026-07-02 15:14:47,Lab 301 (cam 2),anomaly_suppressed_cooldown,,
2026-07-02 15:14:47,Lab 301 (cam 2),anomaly_suppressed_cooldown,,
2026-07-02 15:14:47,Lab 301 (cam 2),anomaly_suppressed_cooldown,,
2026-07-02 15:14:47,Lab 301 (cam 2),anomaly_suppressed_cooldown,,
2026-07-02 15:14:47,Lab 301 (cam 2),anomaly_suppressed_cooldown,,
2026-07-02 15:14:47,Lab 301 (cam 2),anomaly_suppressed_cooldown,,
2026-07-02 15:14:47,Lab 301 (cam 2),anomaly_suppressed_cooldown,,
2026-07-02 15:14:47,Lab 301 (cam 2),anomaly_suppressed_cooldown,,
2026-07-02 15:14:47,Lab 301 (cam 2),anomaly_suppressed_cooldown,,
2026-07-02 15:14:47,Lab 301 (cam 2),anomaly_suppressed_cooldown,,
2026-07-02 15:14:47,Lab 301 (cam 2),anomaly_suppressed_cooldown,,
2026-07-02 15:14:47,Lab 301 (cam 2),anomaly_suppressed_cooldown,,
2026-07-02 15:14:47,Lab 301 (cam 2),anomaly_suppressed_cooldown,,
2026-07-02 15:14:47,Lab 301 (cam 2),anomaly_suppressed_cooldown,,
2026-07-02 15:14:48,Lab 301 (cam 2),anomaly_suppressed_cooldown,,
2026-07-02 15:14:48,Lab 301 (cam 2),anomaly_suppressed_cooldown,,
2026-07-02 15:14:48,Lab 301 (cam 2),anomaly_suppressed_cooldown,,
2026-07-02 15:14:48,Lab 301 (cam 2),anomaly_suppressed_cooldown,,
2026-07-02 15:14:48,Lab 301 (cam 2),anomaly_suppressed_cooldown,,
2026-07-02 15:14:48,Lab 301 (cam 2),anomaly_suppressed_cooldown,,
2026-07-02 15:14:48,Lab 301 (cam 2),anomaly_suppressed_cooldown,,
2026-07-02 15:14:48,Lab 301 (cam 2),anomaly_suppressed_cooldown,,
2026-07-02 15:14:48,Lab 301 (cam 2),anomaly_suppressed_cooldown,,
2026-07-02 15:14:48,Lab 301 (cam 2),anomaly_suppressed_cooldown,,
2026-07-02 15:14:48,Lab 301 (cam 2),anomaly_suppressed_cooldown,,
2026-07-02 15:14:49,Lab 301 (cam 2),anomaly_suppressed_cooldown,,
2026-07-02 15:14:49,Lab 301 (cam 2),anomaly_suppressed_cooldown,,
2026-07-02 15:14:49,Lab 301 (cam 2),anomaly_suppressed_cooldown,,
2026-07-02 15:14:49,Lab 301 (cam 2),anomaly_suppressed_cooldown,,
2026-07-02 15:14:49,Lab 301 (cam 2),anomaly_suppressed_cooldown,,
2026-07-02 15:14:49,Lab 301 (cam 2),anomaly_suppressed_cooldown,,
2026-07-02 15:14:49,Lab 301 (cam 2),anomaly_suppressed_cooldown,,
2026-07-02 15:14:50,Lab 301 (cam 2),anomaly_suppressed_cooldown,,
2026-07-02 15:14:50,Lab 301 (cam 2),anomaly_suppressed_cooldown,,
2026-07-02 15:14:50,Lab 301 (cam 2),anomaly_suppressed_cooldown,,
2026-07-02 15:14:50,Lab 301 (cam 2),anomaly_suppressed_cooldown,,
2026-07-02 15:14:50,Lab 301 (cam 2),anomaly_suppressed_cooldown,,
2026-07-02 15:14:50,Lab 301 (cam 2),anomaly_suppressed_cooldown,,
2026-07-02 15:14:50,Lab 301 (cam 2),anomaly_suppressed_cooldown,,
2026-07-02 15:14:50,Lab 301 (cam 2),anomaly_suppressed_cooldown,,
2026-07-02 15:14:50,Lab 301 (cam 2),anomaly_suppressed_cooldown,,
2026-07-02 15:14:50,Lab 301 (cam 2),anomaly_suppressed_cooldown,,
2026-07-02 15:14:50,Lab 301 (cam 2),anomaly_suppressed_cooldown,,
2026-07-02 15:14:50,Lab 301 (cam 2),anomaly_suppressed_cooldown,,
2026-07-02 15:14:50,Lab 301 (cam 2),anomaly_suppressed_cooldown,,
2026-07-02 15:14:50,Lab 301 (cam 2),anomaly_suppressed_cooldown,,
2026-07-02 15:14:50,Lab 301 (cam 2),anomaly_suppressed_cooldown,,
2026-07-02 15:14:50,Lab 301 (cam 2),anomaly_suppressed_cooldown,,
2026-07-02 15:14:50,Lab 301 (cam 2),anomaly_suppressed_cooldown,,
2026-07-02 15:14:50,Lab 301 (cam 2),anomaly_suppressed_cooldown,,
2026-07-02 15:14:50,Lab 301 (cam 2),anomaly_suppressed_cooldown,,
2026-07-02 15:14:50,Lab 301 (cam 2),anomaly_suppressed_cooldown,,
2026-07-02 15:14:50,Lab 301 (cam 2),anomaly_suppressed_cooldown,,
2026-07-02 15:14:50,Lab 301 (cam 2),anomaly_suppressed_cooldown,,
2026-07-02 15:14:50,Lab 301 (cam 2),anomaly_suppressed_cooldown,,
2026-07-02 15:14:50,Lab 301 (cam 2),anomaly_suppressed_cooldown,,
2026-07-02 15:14:51,Lab 301 (cam 2),anomaly_suppressed_cooldown,,
2026-07-02 15:14:53,Lab 301 (cam 2),anomaly_suppressed_cooldown,,
2026-07-02 15:14:53,Lab 301 (cam 2),anomaly_suppressed_cooldown,,
2026-07-02 15:14:53,Lab 301 (cam 2),anomaly_suppressed_cooldown,,
2026-07-02 15:14:53,Lab 301 (cam 2),anomaly_suppressed_cooldown,,
2026-07-02 15:14:53,Lab 301 (cam 2),anomaly_suppressed_cooldown,,
2026-07-02 15:14:53,Lab 301 (cam 2),anomaly_suppressed_cooldown,,
2026-07-02 15:14:53,Lab 301 (cam 2),anomaly_suppressed_cooldown,,
2026-07-02 15:14:53,Lab 301 (cam 2),anomaly_suppressed_cooldown,,
2026-07-02 15:14:54,Lab 301 (cam 2),anomaly_suppressed_cooldown,,
2026-07-02 15:14:54,Lab 301 (cam 2),anomaly_suppressed_cooldown,,
2026-07-02 15:14:54,Lab 301 (cam 2),anomaly_suppressed_cooldown,,
2026-07-02 15:14:54,Lab 301 (cam 2),anomaly_suppressed_cooldown,,
2026-07-02 15:14:54,Lab 301 (cam 2),anomaly_suppressed_cooldown,,
2026-07-02 15:14:54,Lab 301 (cam 2),anomaly_suppressed_cooldown,,
2026-07-02 15:14:54,Lab 301 (cam 2),anomaly_suppressed_cooldown,,
2026-07-02 15:14:54,Lab 301 (cam 2),anomaly_suppressed_cooldown,,
2026-07-02 15:14:54,Lab 301 (cam 2),anomaly_suppressed_cooldown,,
2026-07-02 15:14:54,Lab 301 (cam 2),anomaly_suppressed_cooldown,,
2026-07-02 15:14:54,Lab 301 (cam 2),anomaly_suppressed_cooldown,,
2026-07-02 15:14:54,Lab 301 (cam 2),anomaly_suppressed_cooldown,,
2026-07-02 15:14:54,Lab 301 (cam 2),anomaly_suppressed_cooldown,,
2026-07-02 15:14:54,Lab 301 (cam 2),anomaly_suppressed_cooldown,,
2026-07-02 15:14:54,Lab 301 (cam 2),anomaly_suppressed_cooldown,,
2026-07-02 15:14:55,Lab 301 (cam 2),anomaly_suppressed_cooldown,,
2026-07-02 15:14:55,Lab 301 (cam 2),anomaly_suppressed_cooldown,,
2026-07-02 15:14:56,Lab 301 (cam 2),anomaly_suppressed_cooldown,,
2026-07-02 15:14:56,Lab 301 (cam 2),anomaly_suppressed_cooldown,,
2026-07-02 15:14:56,Lab 301 (cam 2),anomaly_suppressed_cooldown,,
2026-07-02 15:14:56,Lab 301 (cam 2),anomaly_suppressed_cooldown,,
2026-07-02 15:14:56,Lab 301 (cam 2),anomaly_suppressed_cooldown,,
2026-07-02 15:14:56,Lab 301 (cam 2),anomaly_suppressed_cooldown,,
2026-07-02 15:14:57,Lab 301 (cam 2),anomaly_suppressed_cooldown,,
2026-07-02 15:14:57,Lab 301 (cam 2),anomaly_suppressed_cooldown,,
2026-07-02 15:14:57,Lab 301 (cam 2),anomaly_suppressed_cooldown,,
2026-07-02 15:14:57,Lab 301 (cam 2),anomaly_suppressed_cooldown,,
2026-07-02 15:14:57,Lab 301 (cam 2),anomaly_suppressed_cooldown,,
2026-07-02 15:14:57,Lab 301 (cam 2),anomaly_suppressed_cooldown,,
2026-07-02 15:14:57,Lab 301 (cam 2),anomaly_suppressed_cooldown,,
2026-07-02 15:14:57,Lab 301 (cam 2),anomaly_suppressed_cooldown,,
2026-07-02 15:14:57,Lab 301 (cam 2),anomaly_suppressed_cooldown,,
2026-07-02 15:14:57,Lab 301 (cam 2),anomaly_suppressed_cooldown,,
2026-07-02 15:14:57,Lab 301 (cam 2),anomaly_suppressed_cooldown,,
2026-07-02 15:14:57,Lab 301 (cam 2),anomaly_suppressed_cooldown,,
2026-07-02 15:14:57,Lab 301 (cam 2),anomaly_suppressed_cooldown,,
2026-07-02 15:14:57,Lab 301 (cam 2),anomaly_suppressed_cooldown,,
2026-07-02 15:14:57,Lab 301 (cam 2),anomaly_suppressed_cooldown,,
2026-07-02 15:14:57,Lab 301 (cam 2),anomaly_suppressed_cooldown,,
2026-07-02 15:14:57,Lab 301 (cam 2),anomaly_suppressed_cooldown,,
2026-07-02 15:14:57,Lab 301 (cam 2),anomaly_suppressed_cooldown,,
2026-07-02 15:14:57,Lab 301 (cam 2),anomaly_suppressed_cooldown,,
2026-07-02 15:14:57,Lab 301 (cam 2),anomaly_suppressed_cooldown,,
2026-07-02 15:14:57,Lab 301 (cam 2),anomaly_suppressed_cooldown,,
2026-07-02 15:14:57,Lab 301 (cam 2),anomaly_suppressed_cooldown,,
2026-07-02 15:14:57,Lab 301 (cam 2),anomaly_suppressed_cooldown,,
2026-07-02 15:14:57,Lab 301 (cam 2),anomaly_suppressed_cooldown,,
2026-07-02 15:14:58,Lab 301 (cam 2),anomaly_suppressed_cooldown,,
2026-07-02 15:14:58,Lab 301 (cam 2),anomaly_suppressed_cooldown,,
2026-07-02 15:14:58,Lab 301 (cam 2),anomaly_suppressed_cooldown,,
2026-07-02 15:14:58,Lab 301 (cam 2),anomaly_suppressed_cooldown,,
2026-07-02 15:14:58,Lab 301 (cam 2),anomaly_suppressed_cooldown,,
2026-07-02 15:14:58,Lab 301 (cam 2),anomaly_suppressed_cooldown,,
2026-07-02 15:14:58,Lab 301 (cam 2),anomaly_suppressed_cooldown,,
2026-07-02 15:14:58,Lab 301 (cam 2),anomaly_suppressed_cooldown,,
2026-07-02 15:14:58,Lab 301 (cam 2),anomaly_suppressed_cooldown,,
2026-07-02 15:14:58,Lab 301 (cam 2),anomaly_suppressed_cooldown,,
2026-07-02 15:14:58,Lab 301 (cam 2),anomaly_suppressed_cooldown,,
2026-07-02 15:15:00,Lab 301 (cam 2),anomaly_suppressed_cooldown,,
2026-07-02 15:15:00,Lab 301 (cam 2),anomaly_suppressed_cooldown,,
2026-07-02 15:15:00,Lab 301 (cam 2),anomaly_suppressed_cooldown,,
2026-07-02 15:15:00,Lab 301 (cam 2),anomaly_suppressed_cooldown,,
2026-07-02 15:15:01,Lab 301 (cam 2),anomaly_suppressed_cooldown,,
2026-07-02 15:15:01,Lab 301 (cam 2),anomaly_suppressed_cooldown,,
2026-07-02 15:15:01,Lab 301 (cam 2),anomaly_suppressed_cooldown,,
2026-07-02 15:15:01,Lab 301 (cam 2),anomaly_suppressed_cooldown,,
2026-07-02 15:15:01,Lab 301 (cam 2),anomaly_suppressed_cooldown,,
2026-07-02 15:15:01,Lab 301 (cam 2),anomaly_suppressed_cooldown,,
2026-07-02 15:15:01,Lab 301 (cam 2),anomaly_suppressed_cooldown,,
2026-07-02 15:15:01,Lab 301 (cam 2),anomaly_suppressed_cooldown,,
2026-07-02 15:15:01,Lab 301 (cam 2),anomaly_suppressed_cooldown,,
2026-07-02 15:15:01,Lab 301 (cam 2),anomaly_suppressed_cooldown,,
2026-07-02 15:15:01,Lab 301 (cam 2),anomaly_suppressed_cooldown,,
2026-07-02 15:15:01,Lab 301 (cam 2),anomaly_suppressed_cooldown,,
2026-07-02 15:15:01,Lab 301 (cam 2),anomaly_suppressed_cooldown,,
2026-07-02 15:15:01,Lab 301 (cam 2),anomaly_suppressed_cooldown,,
2026-07-02 15:15:02,Lab 301 (cam 2),anomaly_suppressed_cooldown,,
2026-07-02 15:15:02,Lab 301 (cam 2),anomaly_suppressed_cooldown,,
2026-07-02 15:15:02,Lab 301 (cam 2),anomaly_suppressed_cooldown,,
2026-07-02 15:15:02,Lab 301 (cam 2),anomaly_suppressed_cooldown,,
2026-07-02 15:15:02,Lab 301 (cam 2),anomaly_suppressed_cooldown,,
2026-07-02 15:15:02,Lab 301 (cam 2),anomaly_suppressed_cooldown,,
2026-07-02 15:15:02,Lab 301 (cam 2),anomaly_suppressed_cooldown,,
2026-07-02 15:15:02,Lab 301 (cam 2),anomaly_suppressed_cooldown,,
2026-07-02 15:15:02,Lab 301 (cam 2),anomaly_suppressed_cooldown,,
2026-07-02 15:15:02,Lab 301 (cam 2),anomaly_suppressed_cooldown,,
2026-07-02 15:15:02,Lab 301 (cam 2),anomaly_suppressed_cooldown,,
2026-07-02 15:15:02,Lab 301 (cam 2),anomaly_suppressed_cooldown,,
2026-07-02 15:15:02,Lab 301 (cam 2),anomaly_suppressed_cooldown,,
2026-07-02 15:15:02,Lab 301 (cam 2),anomaly_suppressed_cooldown,,
2026-07-02 15:15:02,Lab 301 (cam 2),anomaly_suppressed_cooldown,,
2026-07-02 15:15:02,Lab 301 (cam 2),anomaly_suppressed_cooldown,,
2026-07-02 15:15:02,Lab 301 (cam 2),anomaly_suppressed_cooldown,,
2026-07-02 15:15:03,Lab 301 (cam 2),anomaly_suppressed_cooldown,,
2026-07-02 15:15:03,Lab 301 (cam 2),anomaly_suppressed_cooldown,,
2026-07-02 15:15:03,Lab 301 (cam 2),anomaly_suppressed_cooldown,,
2026-07-02 15:15:03,Lab 301 (cam 2),anomaly_suppressed_cooldown,,
2026-07-02 15:15:03,Lab 301 (cam 2),anomaly_suppressed_cooldown,,
2026-07-02 15:15:03,Lab 301 (cam 2),anomaly_suppressed_cooldown,,
2026-07-02 15:15:03,Lab 301 (cam 2),anomaly_suppressed_cooldown,,
2026-07-02 15:15:03,Lab 301 (cam 2),anomaly_suppressed_cooldown,,
2026-07-02 15:15:03,Lab 301 (cam 2),anomaly_suppressed_cooldown,,
2026-07-02 15:15:03,Lab 301 (cam 2),anomaly_suppressed_cooldown,,
2026-07-02 15:15:03,Lab 301 (cam 2),anomaly_suppressed_cooldown,,
2026-07-02 15:15:03,Lab 301 (cam 2),anomaly_suppressed_cooldown,,
2026-07-02 15:15:06,Lab 301 (cam 2),anomaly_suppressed_cooldown,,
2026-07-02 15:15:06,Lab 301 (cam 2),anomaly_suppressed_cooldown,,
2026-07-02 15:15:06,Lab 301 (cam 2),anomaly_suppressed_cooldown,,
2026-07-02 15:15:06,Lab 301 (cam 2),anomaly_suppressed_cooldown,,
2026-07-02 15:15:06,Lab 301 (cam 2),anomaly_suppressed_cooldown,,
2026-07-02 15:15:06,Lab 301 (cam 2),anomaly_suppressed_cooldown,,
2026-07-02 15:15:06,Lab 301 (cam 2),anomaly_suppressed_cooldown,,
2026-07-02 15:15:06,Lab 301 (cam 2),anomaly_suppressed_cooldown,,
2026-07-02 15:15:06,Lab 301 (cam 2),anomaly_suppressed_cooldown,,
2026-07-02 15:15:06,Lab 301 (cam 2),anomaly_suppressed_cooldown,,
2026-07-02 15:15:06,Lab 301 (cam 2),anomaly_suppressed_cooldown,,
2026-07-02 15:15:06,Lab 301 (cam 2),anomaly_suppressed_cooldown,,
2026-07-02 15:15:06,Lab 301 (cam 2),anomaly_suppressed_cooldown,,
2026-07-02 15:15:06,Lab 301 (cam 2),anomaly_suppressed_cooldown,,
2026-07-02 15:15:06,Lab 301 (cam 2),anomaly_suppressed_cooldown,,
2026-07-02 15:15:06,Lab 301 (cam 2),anomaly_suppressed_cooldown,,
2026-07-02 15:15:06,Lab 301 (cam 2),anomaly_suppressed_cooldown,,
2026-07-02 15:15:06,Lab 301 (cam 2),anomaly_suppressed_cooldown,,
2026-07-02 15:15:06,Lab 301 (cam 2),anomaly_suppressed_cooldown,,
2026-07-02 15:15:06,Lab 301 (cam 2),anomaly_suppressed_cooldown,,
2026-07-02 15:15:06,Lab 301 (cam 2),anomaly_suppressed_cooldown,,
2026-07-02 15:15:06,Lab 301 (cam 2),anomaly_suppressed_cooldown,,
2026-07-02 15:15:06,Lab 301 (cam 2),anomaly_suppressed_cooldown,,
2026-07-02 15:15:07,Lab 301 (cam 2),anomaly_suppressed_cooldown,,
2026-07-02 15:15:07,Lab 301 (cam 2),anomaly_suppressed_cooldown,,
2026-07-02 15:15:07,Lab 301 (cam 2),anomaly_suppressed_cooldown,,
2026-07-02 15:15:07,Lab 301 (cam 2),anomaly_suppressed_cooldown,,
2026-07-02 15:15:07,Lab 301 (cam 2),anomaly_suppressed_cooldown,,
2026-07-02 15:15:07,Lab 301 (cam 2),anomaly_suppressed_cooldown,,
2026-07-02 15:15:07,Lab 301 (cam 2),anomaly_suppressed_cooldown,,
2026-07-02 15:15:07,Lab 301 (cam 2),anomaly_suppressed_cooldown,,
2026-07-02 15:15:07,Lab 301 (cam 2),anomaly_suppressed_cooldown,,
2026-07-02 15:15:07,Lab 301 (cam 2),anomaly_suppressed_cooldown,,
2026-07-02 15:15:07,Lab 301 (cam 2),anomaly_suppressed_cooldown,,
2026-07-02 15:15:07,Lab 301 (cam 2),anomaly_suppressed_cooldown,,
2026-07-02 15:15:07,Lab 301 (cam 2),anomaly_suppressed_cooldown,,
2026-07-02 15:15:07,Lab 301 (cam 2),anomaly_suppressed_cooldown,,
2026-07-02 15:15:07,Lab 301 (cam 2),anomaly_suppressed_cooldown,,
2026-07-02 15:15:07,Lab 301 (cam 2),anomaly_suppressed_cooldown,,
2026-07-02 15:15:07,Lab 301 (cam 2),anomaly_suppressed_cooldown,,
2026-07-02 15:15:07,Lab 301 (cam 2),anomaly_suppressed_cooldown,,
2026-07-02 15:15:07,Lab 301 (cam 2),anomaly_suppressed_cooldown,,
2026-07-02 15:15:07,Lab 301 (cam 2),anomaly_suppressed_cooldown,,
2026-07-02 15:15:07,Lab 301 (cam 2),anomaly_suppressed_cooldown,,
2026-07-02 15:15:07,Lab 301 (cam 2),anomaly_suppressed_cooldown,,
2026-07-02 15:15:08,Lab 301 (cam 2),anomaly_suppressed_cooldown,,
2026-07-02 15:15:08,Lab 301 (cam 2),anomaly_suppressed_cooldown,,
2026-07-02 15:15:08,Lab 301 (cam 2),anomaly_suppressed_cooldown,,
2026-07-02 15:15:08,Lab 301 (cam 2),anomaly_suppressed_cooldown,,
2026-07-02 15:15:08,Lab 301 (cam 2),anomaly_suppressed_cooldown,,
2026-07-02 15:15:08,Lab 301 (cam 2),anomaly_suppressed_cooldown,,
2026-07-02 15:15:08,Lab 301 (cam 2),anomaly_suppressed_cooldown,,
2026-07-02 15:15:08,Lab 301 (cam 2),anomaly_suppressed_cooldown,,
2026-07-02 15:15:08,Lab 301 (cam 2),anomaly_suppressed_cooldown,,
2026-07-02 15:15:08,Lab 301 (cam 2),anomaly_suppressed_cooldown,,
2026-07-02 15:15:08,Lab 301 (cam 2),anomaly_suppressed_cooldown,,
2026-07-02 15:15:08,Lab 301 (cam 2),anomaly_suppressed_cooldown,,
2026-07-02 15:15:08,Lab 301 (cam 2),anomaly_suppressed_cooldown,,
2026-07-02 15:15:08,Lab 301 (cam 2),anomaly_suppressed_cooldown,,
2026-07-02 15:15:08,Lab 301 (cam 2),anomaly_suppressed_cooldown,,
2026-07-02 15:15:08,Lab 301 (cam 2),anomaly_suppressed_cooldown,,
2026-07-02 15:15:08,Lab 301 (cam 2),anomaly_suppressed_cooldown,,
2026-07-02 15:15:09,Lab 301 (cam 2),anomaly_suppressed_cooldown,,
2026-07-02 15:15:09,Lab 301 (cam 2),anomaly_suppressed_cooldown,,
2026-07-02 15:15:09,Lab 301 (cam 2),anomaly_suppressed_cooldown,,
2026-07-02 15:15:09,Lab 301 (cam 2),anomaly_suppressed_cooldown,,
2026-07-02 15:15:09,Lab 301 (cam 2),anomaly_suppressed_cooldown,,
2026-07-02 15:15:09,Lab 301 (cam 2),anomaly_suppressed_cooldown,,
2026-07-02 15:15:09,Lab 301 (cam 2),anomaly_suppressed_cooldown,,
2026-07-02 15:15:09,Lab 301 (cam 2),anomaly_suppressed_cooldown,,
2026-07-02 15:15:09,Lab 301 (cam 2),anomaly_suppressed_cooldown,,
2026-07-02 15:15:09,Lab 301 (cam 2),anomaly_suppressed_cooldown,,
2026-07-02 15:15:09,Lab 301 (cam 2),anomaly_suppressed_cooldown,,
2026-07-02 15:15:09,Lab 301 (cam 2),anomaly_suppressed_cooldown,,
2026-07-02 15:15:09,Lab 301 (cam 2),anomaly_suppressed_cooldown,,
2026-07-02 15:15:09,Lab 301 (cam 2),anomaly_suppressed_cooldown,,
2026-07-02 15:15:09,Lab 301 (cam 2),anomaly_suppressed_cooldown,,
2026-07-02 15:15:09,Lab 301 (cam 2),anomaly_suppressed_cooldown,,
2026-07-02 15:15:09,Lab 301 (cam 2),anomaly_suppressed_cooldown,,
2026-07-02 15:15:09,Lab 301 (cam 2),anomaly_suppressed_cooldown,,
2026-07-02 15:15:09,Lab 301 (cam 2),anomaly_suppressed_cooldown,,
2026-07-02 15:15:09,Lab 301 (cam 2),anomaly_suppressed_cooldown,,
2026-07-02 15:15:09,Lab 301 (cam 2),anomaly_suppressed_cooldown,,
2026-07-02 15:15:09,Lab 301 (cam 2),anomaly_suppressed_cooldown,,
2026-07-02 15:15:09,Lab 301 (cam 2),anomaly_suppressed_cooldown,,
2026-07-02 15:15:10,Lab 301 (cam 2),anomaly_suppressed_cooldown,,
2026-07-02 15:15:10,Lab 301 (cam 2),anomaly_suppressed_cooldown,,
2026-07-02 15:15:10,Lab 301 (cam 2),anomaly_suppressed_cooldown,,
2026-07-02 15:15:10,Lab 301 (cam 2),anomaly_suppressed_cooldown,,
2026-07-02 15:15:10,Lab 301 (cam 2),anomaly_suppressed_cooldown,,
2026-07-02 15:15:10,Lab 301 (cam 2),anomaly_suppressed_cooldown,,
2026-07-02 15:15:10,Lab 301 (cam 2),anomaly_suppressed_cooldown,,
2026-07-02 15:15:10,Lab 301 (cam 2),anomaly_suppressed_cooldown,,
2026-07-02 15:15:10,Lab 301 (cam 2),anomaly_suppressed_cooldown,,
2026-07-02 15:15:10,Lab 301 (cam 2),anomaly_suppressed_cooldown,,
2026-07-02 15:15:10,Lab 301 (cam 2),anomaly_suppressed_cooldown,,
2026-07-02 15:15:10,Lab 301 (cam 2),anomaly_suppressed_cooldown,,
2026-07-02 15:15:10,Lab 301 (cam 2),anomaly_suppressed_cooldown,,
2026-07-02 15:15:10,Lab 301 (cam 2),anomaly_suppressed_cooldown,,
2026-07-02 15:15:10,Lab 301 (cam 2),anomaly_suppressed_cooldown,,
2026-07-02 15:15:10,Lab 301 (cam 2),anomaly_suppressed_cooldown,,
2026-07-02 15:15:10,Lab 301 (cam 2),anomaly_suppressed_cooldown,,
2026-07-02 15:15:10,Lab 301 (cam 2),anomaly_suppressed_cooldown,,
2026-07-02 15:15:10,Lab 301 (cam 2),anomaly_suppressed_cooldown,,
2026-07-02 15:15:10,Lab 301 (cam 2),anomaly_suppressed_cooldown,,
2026-07-02 15:15:10,Lab 301 (cam 2),anomaly_suppressed_cooldown,,
2026-07-02 15:15:10,Lab 301 (cam 2),anomaly_suppressed_cooldown,,
2026-07-02 15:15:10,Lab 301 (cam 2),anomaly_suppressed_cooldown,,
2026-07-02 15:15:10,Lab 301 (cam 2),anomaly_suppressed_cooldown,,
2026-07-02 15:15:10,Lab 301 (cam 2),anomaly_suppressed_cooldown,,
2026-07-02 15:15:10,Lab 301 (cam 2),anomaly_suppressed_cooldown,,
2026-07-02 15:15:10,Lab 301 (cam 2),anomaly_suppressed_cooldown,,
2026-07-02 15:15:11,Lab 301 (cam 2),anomaly_suppressed_cooldown,,
2026-07-02 15:15:11,Lab 301 (cam 2),anomaly_suppressed_cooldown,,
2026-07-02 15:15:11,Lab 301 (cam 2),anomaly_suppressed_cooldown,,
2026-07-02 15:15:11,Lab 301 (cam 2),anomaly_suppressed_cooldown,,
2026-07-02 15:15:11,Lab 301 (cam 2),anomaly_suppressed_cooldown,,
2026-07-02 15:15:12,Lab 301 (cam 2),anomaly_suppressed_cooldown,,
2026-07-02 15:15:12,Lab 301 (cam 2),anomaly_suppressed_cooldown,,
2026-07-02 15:15:12,Lab 301 (cam 2),anomaly_suppressed_cooldown,,
2026-07-02 15:15:12,Lab 301 (cam 2),anomaly_suppressed_cooldown,,
2026-07-02 15:15:12,Lab 301 (cam 2),anomaly_suppressed_cooldown,,
2026-07-02 15:15:12,Lab 301 (cam 2),anomaly_suppressed_cooldown,,
2026-07-02 15:15:12,Lab 301 (cam 2),anomaly_suppressed_cooldown,,
2026-07-02 15:15:12,Lab 301 (cam 2),anomaly_suppressed_cooldown,,
2026-07-02 15:15:13,Lab 301 (cam 2),anomaly_suppressed_cooldown,,
2026-07-02 15:15:13,Lab 301 (cam 2),anomaly_suppressed_cooldown,,
2026-07-02 15:15:13,Lab 301 (cam 2),anomaly_suppressed_cooldown,,
2026-07-02 15:15:13,Lab 301 (cam 2),anomaly_suppressed_cooldown,,
2026-07-02 15:15:13,Lab 301 (cam 2),anomaly_suppressed_cooldown,,
2026-07-02 15:15:13,Lab 301 (cam 2),anomaly_suppressed_cooldown,,
2026-07-02 15:15:13,Lab 301 (cam 2),anomaly_suppressed_cooldown,,
2026-07-02 15:15:13,Lab 301 (cam 2),anomaly_suppressed_cooldown,,
2026-07-02 15:15:13,Lab 301 (cam 2),anomaly_suppressed_cooldown,,
2026-07-02 15:15:13,Lab 301 (cam 2),anomaly_suppressed_cooldown,,
2026-07-02 15:15:13,Lab 301 (cam 2),anomaly_suppressed_cooldown,,
2026-07-02 15:15:13,Lab 301 (cam 2),anomaly_suppressed_cooldown,,
2026-07-02 15:15:13,Lab 301 (cam 2),anomaly_suppressed_cooldown,,
2026-07-02 15:15:13,Lab 301 (cam 2),anomaly_suppressed_cooldown,,
2026-07-02 15:15:13,Lab 301 (cam 2),anomaly_suppressed_cooldown,,
2026-07-02 15:15:13,Lab 301 (cam 2),anomaly_suppressed_cooldown,,
2026-07-02 15:15:13,Lab 301 (cam 2),anomaly_suppressed_cooldown,,
2026-07-02 15:15:13,Lab 301 (cam 2),anomaly_suppressed_cooldown,,
2026-07-02 15:15:13,Lab 301 (cam 2),anomaly_suppressed_cooldown,,
2026-07-02 15:15:13,Lab 301 (cam 2),anomaly_suppressed_cooldown,,
2026-07-02 15:15:13,Lab 301 (cam 2),anomaly_suppressed_cooldown,,
2026-07-02 15:15:13,Lab 301 (cam 2),anomaly_suppressed_cooldown,,
2026-07-02 15:15:13,Lab 301 (cam 2),anomaly_suppressed_cooldown,,
2026-07-02 15:15:13,Lab 301 (cam 2),anomaly_suppressed_cooldown,,
2026-07-02 15:15:13,Lab 301 (cam 2),anomaly_suppressed_cooldown,,
2026-07-02 15:15:13,Lab 301 (cam 2),anomaly_suppressed_cooldown,,
2026-07-02 15:15:13,Lab 301 (cam 2),anomaly_suppressed_cooldown,,
2026-07-02 15:15:13,Lab 301 (cam 2),anomaly_suppressed_cooldown,,
2026-07-02 15:15:14,Lab 301 (cam 2),anomaly_suppressed_cooldown,,
2026-07-02 15:15:14,Lab 301 (cam 2),anomaly_suppressed_cooldown,,
2026-07-02 15:15:14,Lab 301 (cam 2),anomaly_suppressed_cooldown,,
2026-07-02 15:15:14,Lab 301 (cam 2),anomaly_suppressed_cooldown,,
2026-07-02 15:15:14,Lab 301 (cam 2),anomaly_suppressed_cooldown,,
2026-07-02 15:15:14,Lab 301 (cam 2),anomaly_suppressed_cooldown,,
2026-07-02 15:15:14,Lab 301 (cam 2),anomaly_suppressed_cooldown,,
2026-07-02 15:15:14,Lab 301 (cam 2),anomaly_suppressed_cooldown,,
2026-07-02 15:15:14,Lab 301 (cam 2),anomaly_suppressed_cooldown,,
2026-07-02 15:15:14,Lab 301 (cam 2),anomaly_suppressed_cooldown,,
2026-07-02 15:15:14,Lab 301 (cam 2),anomaly_suppressed_cooldown,,
2026-07-02 15:15:14,Lab 301 (cam 2),anomaly_suppressed_cooldown,,
2026-07-02 15:15:14,Lab 301 (cam 2),anomaly_suppressed_cooldown,,
2026-07-02 15:15:14,Lab 301 (cam 2),anomaly_suppressed_cooldown,,
2026-07-02 15:15:14,Lab 301 (cam 2),anomaly_suppressed_cooldown,,
2026-07-02 15:15:14,Lab 301 (cam 2),anomaly_suppressed_cooldown,,
2026-07-02 15:15:14,Lab 301 (cam 2),anomaly_suppressed_cooldown,,
2026-07-02 15:15:14,Lab 301 (cam 2),anomaly_suppressed_cooldown,,
2026-07-02 15:15:14,Lab 301 (cam 2),anomaly_suppressed_cooldown,,
2026-07-02 15:15:14,Lab 301 (cam 2),anomaly_suppressed_cooldown,,
2026-07-02 15:15:14,Lab 301 (cam 2),anomaly_suppressed_cooldown,,
2026-07-02 15:15:14,Lab 301 (cam 2),anomaly_suppressed_cooldown,,
2026-07-02 15:15:14,Lab 301 (cam 2),anomaly_suppressed_cooldown,,
2026-07-02 15:15:14,Lab 301 (cam 2),anomaly_suppressed_cooldown,,
2026-07-02 15:15:14,Lab 301 (cam 2),anomaly_suppressed_cooldown,,
2026-07-02 15:15:14,Lab 301 (cam 2),anomaly_suppressed_cooldown,,
2026-07-02 15:15:14,Lab 301 (cam 2),anomaly_suppressed_cooldown,,
2026-07-02 15:15:14,Lab 301 (cam 2),anomaly_suppressed_cooldown,,
2026-07-02 15:15:14,Lab 301 (cam 2),anomaly_suppressed_cooldown,,
2026-07-02 15:15:15,Lab 301 (cam 2),anomaly_suppressed_cooldown,,
2026-07-02 15:15:15,Lab 301 (cam 2),anomaly_suppressed_cooldown,,
2026-07-02 15:15:15,Lab 301 (cam 2),anomaly_suppressed_cooldown,,
2026-07-02 15:15:15,Lab 301 (cam 2),anomaly_suppressed_cooldown,,
2026-07-02 15:15:15,Lab 301 (cam 2),anomaly_suppressed_cooldown,,
2026-07-02 15:15:15,Lab 301 (cam 2),anomaly_suppressed_cooldown,,
2026-07-02 15:15:15,Lab 301 (cam 2),anomaly_suppressed_cooldown,,
2026-07-02 15:15:15,Lab 301 (cam 2),anomaly_suppressed_cooldown,,
2026-07-02 15:15:15,Lab 301 (cam 2),anomaly_suppressed_cooldown,,
2026-07-02 15:15:15,Lab 301 (cam 2),anomaly_suppressed_cooldown,,
2026-07-02 15:15:15,Lab 301 (cam 2),anomaly_suppressed_cooldown,,
2026-07-02 15:15:15,Lab 301 (cam 2),anomaly_suppressed_cooldown,,
2026-07-02 15:15:15,Lab 301 (cam 2),anomaly_suppressed_cooldown,,
2026-07-02 15:15:15,Lab 301 (cam 2),anomaly_suppressed_cooldown,,
2026-07-02 15:15:15,Lab 301 (cam 2),anomaly_suppressed_cooldown,,
2026-07-02 15:15:15,Lab 301 (cam 2),anomaly_suppressed_cooldown,,
2026-07-02 15:15:15,Lab 301 (cam 2),anomaly_suppressed_cooldown,,
2026-07-02 15:15:15,Lab 301 (cam 2),anomaly_suppressed_cooldown,,
2026-07-02 15:15:15,Lab 301 (cam 2),anomaly_suppressed_cooldown,,
2026-07-02 15:15:15,Lab 301 (cam 2),anomaly_suppressed_cooldown,,
2026-07-02 15:15:15,Lab 301 (cam 2),anomaly_suppressed_cooldown,,
2026-07-02 15:15:15,Lab 301 (cam 2),anomaly_suppressed_cooldown,,
2026-07-02 15:15:15,Lab 301 (cam 2),anomaly_suppressed_cooldown,,
2026-07-02 15:15:15,Lab 301 (cam 2),anomaly_suppressed_cooldown,,
2026-07-02 15:15:15,Lab 301 (cam 2),anomaly_suppressed_cooldown,,
2026-07-02 15:15:16,Lab 301 (cam 2),anomaly_suppressed_cooldown,,
2026-07-02 15:15:16,Lab 301 (cam 2),anomaly_suppressed_cooldown,,
2026-07-02 15:15:16,Lab 301 (cam 2),anomaly_suppressed_cooldown,,
2026-07-02 15:15:16,Lab 301 (cam 2),anomaly_suppressed_cooldown,,
2026-07-02 15:15:16,Lab 301 (cam 2),anomaly_suppressed_cooldown,,
2026-07-02 15:15:16,Lab 301 (cam 2),anomaly_suppressed_cooldown,,
2026-07-02 15:15:16,Lab 301 (cam 2),anomaly_suppressed_cooldown,,
2026-07-02 15:15:16,Lab 301 (cam 2),anomaly_suppressed_cooldown,,
2026-07-02 15:15:16,Lab 301 (cam 2),anomaly_suppressed_cooldown,,
2026-07-02 15:15:16,Lab 301 (cam 2),anomaly_suppressed_cooldown,,
2026-07-02 15:15:16,Lab 301 (cam 2),anomaly_suppressed_cooldown,,
2026-07-02 15:15:16,Lab 301 (cam 2),anomaly_suppressed_cooldown,,
2026-07-02 15:15:16,Lab 301 (cam 2),anomaly_suppressed_cooldown,,
2026-07-02 15:15:16,Lab 301 (cam 2),anomaly_suppressed_cooldown,,
2026-07-02 15:15:16,Lab 301 (cam 2),anomaly_suppressed_cooldown,,
2026-07-02 15:15:16,Lab 301 (cam 2),anomaly_suppressed_cooldown,,
2026-07-02 15:15:16,Lab 301 (cam 2),anomaly_suppressed_cooldown,,
2026-07-02 15:15:16,Lab 301 (cam 2),anomaly_suppressed_cooldown,,
2026-07-02 15:15:16,Lab 301 (cam 2),anomaly_suppressed_cooldown,,
2026-07-02 15:15:16,Lab 301 (cam 2),anomaly_suppressed_cooldown,,
2026-07-02 15:15:16,Lab 301 (cam 2),anomaly_suppressed_cooldown,,
2026-07-02 15:15:16,Lab 301 (cam 2),anomaly_suppressed_cooldown,,
2026-07-02 15:15:16,Lab 301 (cam 2),anomaly_suppressed_cooldown,,
2026-07-02 15:15:16,Lab 301 (cam 2),anomaly_suppressed_cooldown,,
2026-07-02 15:15:16,Lab 301 (cam 2),anomaly_suppressed_cooldown,,
2026-07-02 15:15:16,Lab 301 (cam 2),anomaly_suppressed_cooldown,,
2026-07-02 15:15:16,Lab 301 (cam 2),anomaly_suppressed_cooldown,,
2026-07-02 15:15:16,Lab 301 (cam 2),anomaly_suppressed_cooldown,,
2026-07-02 15:15:20,Lab 301 (cam 2),anomaly_suppressed_cooldown,,
2026-07-02 15:15:20,Lab 301 (cam 2),anomaly_suppressed_cooldown,,
2026-07-02 15:15:20,Lab 301 (cam 2),anomaly_suppressed_cooldown,,
2026-07-02 15:15:20,Lab 301 (cam 2),anomaly_suppressed_cooldown,,
2026-07-02 15:15:20,Lab 301 (cam 2),anomaly_suppressed_cooldown,,
2026-07-02 15:15:20,Lab 301 (cam 2),anomaly_suppressed_cooldown,,
2026-07-02 15:15:20,Lab 301 (cam 2),anomaly_suppressed_cooldown,,
2026-07-02 15:15:20,Lab 301 (cam 2),anomaly_suppressed_cooldown,,
2026-07-02 15:15:20,Lab 301 (cam 2),anomaly_suppressed_cooldown,,
2026-07-02 15:15:20,Lab 301 (cam 2),anomaly_suppressed_cooldown,,
2026-07-02 15:15:20,Lab 301 (cam 2),anomaly_suppressed_cooldown,,
2026-07-02 15:15:20,Lab 301 (cam 2),anomaly_suppressed_cooldown,,
2026-07-02 15:15:20,Lab 301 (cam 2),anomaly_suppressed_cooldown,,
2026-07-02 15:15:20,Lab 301 (cam 2),anomaly_suppressed_cooldown,,
2026-07-02 15:15:20,Lab 301 (cam 2),anomaly_suppressed_cooldown,,
2026-07-02 15:15:20,Lab 301 (cam 2),anomaly_suppressed_cooldown,,
2026-07-02 15:15:20,Lab 301 (cam 2),anomaly_suppressed_cooldown,,
2026-07-02 15:15:21,Lab 301 (cam 2),anomaly_suppressed_cooldown,,
2026-07-02 15:15:21,Lab 301 (cam 2),anomaly_suppressed_cooldown,,
2026-07-02 15:15:21,Lab 301 (cam 2),anomaly_suppressed_cooldown,,
2026-07-02 15:15:21,Lab 301 (cam 2),anomaly_suppressed_cooldown,,
2026-07-02 15:15:21,Lab 301 (cam 2),anomaly_suppressed_cooldown,,
2026-07-02 15:15:21,Lab 301 (cam 2),anomaly_suppressed_cooldown,,
2026-07-02 15:15:21,Lab 301 (cam 2),anomaly_suppressed_cooldown,,
2026-07-02 15:15:21,Lab 301 (cam 2),anomaly_suppressed_cooldown,,
2026-07-02 15:15:21,Lab 301 (cam 2),anomaly_suppressed_cooldown,,
2026-07-02 15:15:21,Lab 301 (cam 2),anomaly_suppressed_cooldown,,
2026-07-02 15:15:21,Lab 301 (cam 2),anomaly_suppressed_cooldown,,
2026-07-02 15:15:21,Lab 301 (cam 2),anomaly_suppressed_cooldown,,
2026-07-02 15:15:21,Lab 301 (cam 2),anomaly_suppressed_cooldown,,
2026-07-02 15:15:21,Lab 301 (cam 2),anomaly_suppressed_cooldown,,
2026-07-02 15:15:21,Lab 301 (cam 2),anomaly_suppressed_cooldown,,
2026-07-02 15:15:21,Lab 301 (cam 2),anomaly_suppressed_cooldown,,
2026-07-02 15:15:21,Lab 301 (cam 2),anomaly_suppressed_cooldown,,
2026-07-02 15:15:21,Lab 301 (cam 2),anomaly_suppressed_cooldown,,
2026-07-02 15:15:21,Lab 301 (cam 2),anomaly_suppressed_cooldown,,
2026-07-02 15:15:21,Lab 301 (cam 2),anomaly_suppressed_cooldown,,
2026-07-02 15:15:21,Lab 301 (cam 2),anomaly_suppressed_cooldown,,
2026-07-02 15:15:21,Lab 301 (cam 2),anomaly_suppressed_cooldown,,
2026-07-02 15:15:21,Lab 301 (cam 2),anomaly_suppressed_cooldown,,
2026-07-02 15:15:21,Lab 301 (cam 2),anomaly_suppressed_cooldown,,
2026-07-02 15:15:21,Lab 301 (cam 2),anomaly_suppressed_cooldown,,
2026-07-02 15:15:21,Lab 301 (cam 2),anomaly_suppressed_cooldown,,
2026-07-02 15:15:21,Lab 301 (cam 2),anomaly_suppressed_cooldown,,
2026-07-02 15:15:22,Lab 301 (cam 2),anomaly_suppressed_cooldown,,
2026-07-02 15:15:22,Lab 301 (cam 2),anomaly_suppressed_cooldown,,
2026-07-02 15:15:22,Lab 301 (cam 2),anomaly_suppressed_cooldown,,
2026-07-02 15:15:22,Lab 301 (cam 2),anomaly_suppressed_cooldown,,
2026-07-02 15:15:22,Lab 301 (cam 2),anomaly_suppressed_cooldown,,
2026-07-02 15:15:22,Lab 301 (cam 2),anomaly_suppressed_cooldown,,
2026-07-02 15:15:22,Lab 301 (cam 2),anomaly_suppressed_cooldown,,
2026-07-02 15:15:22,Lab 301 (cam 2),anomaly_suppressed_cooldown,,
2026-07-02 15:15:22,Lab 301 (cam 2),anomaly_suppressed_cooldown,,
2026-07-02 15:15:22,Lab 301 (cam 2),anomaly_suppressed_cooldown,,
2026-07-02 15:15:22,Lab 301 (cam 2),anomaly_suppressed_cooldown,,
2026-07-02 15:15:22,Lab 301 (cam 2),anomaly_suppressed_cooldown,,
2026-07-02 15:15:22,Lab 301 (cam 2),anomaly_suppressed_cooldown,,
2026-07-02 15:15:22,Lab 301 (cam 2),anomaly_suppressed_cooldown,,
2026-07-02 15:15:22,Lab 301 (cam 2),anomaly_suppressed_cooldown,,
2026-07-02 15:15:22,Lab 301 (cam 2),anomaly_suppressed_cooldown,,
2026-07-02 15:15:22,Lab 301 (cam 2),anomaly_suppressed_cooldown,,
2026-07-02 15:15:22,Lab 301 (cam 2),anomaly_suppressed_cooldown,,
2026-07-02 15:15:22,Lab 301 (cam 2),anomaly_suppressed_cooldown,,
2026-07-02 15:15:22,Lab 301 (cam 2),anomaly_suppressed_cooldown,,
2026-07-02 15:15:22,Lab 301 (cam 2),anomaly_suppressed_cooldown,,
2026-07-02 15:15:22,Lab 301 (cam 2),anomaly_suppressed_cooldown,,
2026-07-02 15:15:22,Lab 301 (cam 2),anomaly_suppressed_cooldown,,
2026-07-02 15:15:22,Lab 301 (cam 2),anomaly_suppressed_cooldown,,
2026-07-02 15:15:22,Lab 301 (cam 2),anomaly_suppressed_cooldown,,
2026-07-02 15:15:22,Lab 301 (cam 2),anomaly_suppressed_cooldown,,
2026-07-02 15:15:22,Lab 301 (cam 2),anomaly_suppressed_cooldown,,
2026-07-02 15:15:22,Lab 301 (cam 2),anomaly_suppressed_cooldown,,
2026-07-02 15:15:22,Lab 301 (cam 2),anomaly_suppressed_cooldown,,
2026-07-02 15:15:23,Lab 301 (cam 2),anomaly_suppressed_cooldown,,
2026-07-02 15:15:23,Lab 301 (cam 2),anomaly_suppressed_cooldown,,
2026-07-02 15:15:23,Lab 301 (cam 2),anomaly_suppressed_cooldown,,
2026-07-02 15:15:23,Lab 301 (cam 2),anomaly_suppressed_cooldown,,
2026-07-02 15:15:23,Lab 301 (cam 2),anomaly_suppressed_cooldown,,
2026-07-02 15:15:23,Lab 301 (cam 2),anomaly_suppressed_cooldown,,
2026-07-02 15:15:23,Lab 301 (cam 2),anomaly_suppressed_cooldown,,
2026-07-02 15:15:23,Lab 301 (cam 2),anomaly_suppressed_cooldown,,
2026-07-02 15:15:23,Lab 301 (cam 2),anomaly_suppressed_cooldown,,
2026-07-02 15:15:23,Lab 301 (cam 2),anomaly_suppressed_cooldown,,
2026-07-02 15:15:23,Lab 301 (cam 2),anomaly_suppressed_cooldown,,
2026-07-02 15:15:23,Lab 301 (cam 2),anomaly_suppressed_cooldown,,
2026-07-02 15:15:23,Lab 301 (cam 2),anomaly_suppressed_cooldown,,
2026-07-02 15:15:23,Lab 301 (cam 2),anomaly_suppressed_cooldown,,
2026-07-02 15:15:23,Lab 301 (cam 2),anomaly_suppressed_cooldown,,
2026-07-02 15:15:23,Lab 301 (cam 2),anomaly_suppressed_cooldown,,
2026-07-02 15:15:23,Lab 301 (cam 2),anomaly_suppressed_cooldown,,
2026-07-02 15:15:23,Lab 301 (cam 2),anomaly_suppressed_cooldown,,
2026-07-02 15:15:23,Lab 301 (cam 2),anomaly_suppressed_cooldown,,
2026-07-02 15:15:23,Lab 301 (cam 2),anomaly_suppressed_cooldown,,
2026-07-02 15:15:23,Lab 301 (cam 2),anomaly_suppressed_cooldown,,
2026-07-02 15:15:23,Lab 301 (cam 2),anomaly_suppressed_cooldown,,
2026-07-02 15:15:23,Lab 301 (cam 2),anomaly_suppressed_cooldown,,
2026-07-02 15:15:24,Lab 301 (cam 2),anomaly_suppressed_cooldown,,
2026-07-02 15:15:24,Lab 301 (cam 2),anomaly_suppressed_cooldown,,
2026-07-02 15:15:24,Lab 301 (cam 2),anomaly_suppressed_cooldown,,
2026-07-02 15:15:24,Lab 301 (cam 2),anomaly_suppressed_cooldown,,
2026-07-02 15:15:24,Lab 301 (cam 2),anomaly_suppressed_cooldown,,
2026-07-02 15:15:24,Lab 301 (cam 2),anomaly_suppressed_cooldown,,
2026-07-02 15:15:24,Lab 301 (cam 2),anomaly_suppressed_cooldown,,
2026-07-02 15:15:24,Lab 301 (cam 2),anomaly_suppressed_cooldown,,
2026-07-02 15:15:24,Lab 301 (cam 2),anomaly_suppressed_cooldown,,
2026-07-02 15:15:24,Lab 301 (cam 2),anomaly_suppressed_cooldown,,
2026-07-02 15:15:24,Lab 301 (cam 2),anomaly_suppressed_cooldown,,
2026-07-02 15:15:24,Lab 301 (cam 2),anomaly_suppressed_cooldown,,
2026-07-02 15:15:24,Lab 301 (cam 2),anomaly_suppressed_cooldown,,
2026-07-02 15:15:24,Lab 301 (cam 2),anomaly_suppressed_cooldown,,
2026-07-02 15:15:24,Lab 301 (cam 2),anomaly_suppressed_cooldown,,
2026-07-02 15:15:24,Lab 301 (cam 2),anomaly_suppressed_cooldown,,
2026-07-02 15:15:24,Lab 301 (cam 2),anomaly_suppressed_cooldown,,
2026-07-02 15:15:24,Lab 301 (cam 2),anomaly_suppressed_cooldown,,
2026-07-02 15:15:24,Lab 301 (cam 2),anomaly_suppressed_cooldown,,
2026-07-02 15:15:24,Lab 301 (cam 2),anomaly_suppressed_cooldown,,
2026-07-02 15:15:24,Lab 301 (cam 2),anomaly_suppressed_cooldown,,
2026-07-02 15:15:24,Lab 301 (cam 2),anomaly_suppressed_cooldown,,
2026-07-02 15:15:24,Lab 301 (cam 2),anomaly_suppressed_cooldown,,
2026-07-02 15:15:24,Lab 301 (cam 2),anomaly_suppressed_cooldown,,
2026-07-02 15:15:24,Lab 301 (cam 2),anomaly_suppressed_cooldown,,
2026-07-02 15:15:24,Lab 301 (cam 2),anomaly_suppressed_cooldown,,
2026-07-02 15:15:24,Lab 301 (cam 2),anomaly_suppressed_cooldown,,
2026-07-02 15:15:24,Lab 301 (cam 2),anomaly_suppressed_cooldown,,
2026-07-02 15:15:24,Lab 301 (cam 2),anomaly_suppressed_cooldown,,
2026-07-02 15:15:25,Lab 301 (cam 2),anomaly_suppressed_cooldown,,
2026-07-02 15:15:25,Lab 301 (cam 2),anomaly_suppressed_cooldown,,
2026-07-02 15:15:25,Lab 301 (cam 2),anomaly_suppressed_cooldown,,
2026-07-02 15:15:25,Lab 301 (cam 2),anomaly_suppressed_cooldown,,
2026-07-02 15:15:25,Lab 301 (cam 2),anomaly_suppressed_cooldown,,
2026-07-02 15:15:25,Lab 301 (cam 2),anomaly_suppressed_cooldown,,
2026-07-02 15:15:25,Lab 301 (cam 2),anomaly_suppressed_cooldown,,
2026-07-02 15:15:25,Lab 301 (cam 2),anomaly_suppressed_cooldown,,
2026-07-02 15:15:25,Lab 301 (cam 2),anomaly_suppressed_cooldown,,
2026-07-02 15:15:25,Lab 301 (cam 2),anomaly_suppressed_cooldown,,
2026-07-02 15:15:25,Lab 301 (cam 2),anomaly_suppressed_cooldown,,
2026-07-02 15:15:25,Lab 301 (cam 2),anomaly_suppressed_cooldown,,
2026-07-02 15:15:25,Lab 301 (cam 2),anomaly_suppressed_cooldown,,
2026-07-02 15:15:25,Lab 301 (cam 2),anomaly_suppressed_cooldown,,
2026-07-02 15:15:25,Lab 301 (cam 2),anomaly_suppressed_cooldown,,
2026-07-02 15:15:25,Lab 301 (cam 2),anomaly_suppressed_cooldown,,
2026-07-02 15:15:25,Lab 301 (cam 2),anomaly_suppressed_cooldown,,
2026-07-02 15:15:25,Lab 301 (cam 2),anomaly_suppressed_cooldown,,
2026-07-02 15:15:25,Lab 301 (cam 2),anomaly_suppressed_cooldown,,
2026-07-02 15:15:25,Lab 301 (cam 2),anomaly_suppressed_cooldown,,
2026-07-02 15:15:25,Lab 301 (cam 2),anomaly_suppressed_cooldown,,
2026-07-02 15:15:25,Lab 301 (cam 2),anomaly_suppressed_cooldown,,
2026-07-02 15:15:25,Lab 301 (cam 2),anomaly_suppressed_cooldown,,
2026-07-02 15:15:25,Lab 301 (cam 2),anomaly_suppressed_cooldown,,
2026-07-02 15:15:26,Lab 301 (cam 2),anomaly_suppressed_cooldown,,
2026-07-02 15:15:26,Lab 301 (cam 2),anomaly_suppressed_cooldown,,
2026-07-02 15:15:26,Lab 301 (cam 2),anomaly_suppressed_cooldown,,
2026-07-02 15:15:26,Lab 301 (cam 2),anomaly_suppressed_cooldown,,
2026-07-02 15:15:26,Lab 301 (cam 2),anomaly_suppressed_cooldown,,
2026-07-02 15:15:26,Lab 301 (cam 2),anomaly_suppressed_cooldown,,
2026-07-02 15:15:26,Lab 301 (cam 2),anomaly_suppressed_cooldown,,
2026-07-02 15:15:26,Lab 301 (cam 2),anomaly_suppressed_cooldown,,
2026-07-02 15:15:26,Lab 301 (cam 2),anomaly_suppressed_cooldown,,
2026-07-02 15:15:26,Lab 301 (cam 2),anomaly_suppressed_cooldown,,
2026-07-02 15:15:26,Lab 301 (cam 2),anomaly_suppressed_cooldown,,
2026-07-02 15:15:26,Lab 301 (cam 2),anomaly_suppressed_cooldown,,
2026-07-02 15:15:26,Lab 301 (cam 2),anomaly_suppressed_cooldown,,
2026-07-02 15:15:26,Lab 301 (cam 2),anomaly_suppressed_cooldown,,
2026-07-02 15:15:26,Lab 301 (cam 2),anomaly_suppressed_cooldown,,
2026-07-02 15:15:26,Lab 301 (cam 2),anomaly_suppressed_cooldown,,
2026-07-02 15:15:26,Lab 301 (cam 2),anomaly_suppressed_cooldown,,
2026-07-02 15:15:26,Lab 301 (cam 2),anomaly_suppressed_cooldown,,
2026-07-02 15:15:27,Lab 301 (cam 2),anomaly_suppressed_cooldown,,
2026-07-02 15:15:28,Lab 301 (cam 2),anomaly_suppressed_cooldown,,
2026-07-02 15:15:28,Lab 301 (cam 2),anomaly_suppressed_cooldown,,
2026-07-02 15:15:28,Lab 301 (cam 2),anomaly_suppressed_cooldown,,
2026-07-02 15:15:28,Lab 301 (cam 2),anomaly_suppressed_cooldown,,
2026-07-02 15:15:28,Lab 301 (cam 2),anomaly_suppressed_cooldown,,
2026-07-02 15:15:28,Lab 301 (cam 2),anomaly_suppressed_cooldown,,
2026-07-02 15:15:28,Lab 301 (cam 2),anomaly_suppressed_cooldown,,
2026-07-02 15:15:28,Lab 301 (cam 2),anomaly_suppressed_cooldown,,
2026-07-02 15:15:28,Lab 301 (cam 2),anomaly_suppressed_cooldown,,
2026-07-02 15:15:28,Lab 301 (cam 2),anomaly_suppressed_cooldown,,
2026-07-02 15:15:28,Lab 301 (cam 2),anomaly_suppressed_cooldown,,
2026-07-02 15:15:28,Lab 301 (cam 2),anomaly_suppressed_cooldown,,
2026-07-02 15:15:28,Lab 301 (cam 2),anomaly_suppressed_cooldown,,
2026-07-02 15:15:28,Lab 301 (cam 2),anomaly_suppressed_cooldown,,
2026-07-02 15:15:28,Lab 301 (cam 2),anomaly_suppressed_cooldown,,
2026-07-02 15:15:28,Lab 301 (cam 2),anomaly_suppressed_cooldown,,
2026-07-02 15:15:28,Lab 301 (cam 2),anomaly_suppressed_cooldown,,
2026-07-02 15:15:28,Lab 301 (cam 2),anomaly_suppressed_cooldown,,
2026-07-02 15:15:28,Lab 301 (cam 2),anomaly_suppressed_cooldown,,
2026-07-02 15:15:28,Lab 301 (cam 2),anomaly_suppressed_cooldown,,
2026-07-02 15:15:28,Lab 301 (cam 2),anomaly_suppressed_cooldown,,
2026-07-02 15:15:28,Lab 301 (cam 2),anomaly_suppressed_cooldown,,
2026-07-02 15:15:28,Lab 301 (cam 2),anomaly_suppressed_cooldown,,
2026-07-02 15:15:28,Lab 301 (cam 2),anomaly_suppressed_cooldown,,
2026-07-02 15:15:28,Lab 301 (cam 2),anomaly_suppressed_cooldown,,
2026-07-02 15:15:28,Lab 301 (cam 2),anomaly_suppressed_cooldown,,
2026-07-02 15:15:28,Lab 301 (cam 2),anomaly_suppressed_cooldown,,
2026-07-02 15:15:28,Lab 301 (cam 2),anomaly_suppressed_cooldown,,
2026-07-02 15:15:29,Lab 301 (cam 2),anomaly_suppressed_cooldown,,
2026-07-02 15:15:29,Lab 301 (cam 2),anomaly_suppressed_cooldown,,
2026-07-02 15:15:29,Lab 301 (cam 2),anomaly_suppressed_cooldown,,
2026-07-02 15:15:29,Lab 301 (cam 2),anomaly_suppressed_cooldown,,
2026-07-02 15:15:29,Lab 301 (cam 2),anomaly_suppressed_cooldown,,
2026-07-02 15:15:29,Lab 301 (cam 2),anomaly_suppressed_cooldown,,
2026-07-02 15:15:29,Lab 301 (cam 2),anomaly_suppressed_cooldown,,
2026-07-02 15:15:29,Lab 301 (cam 2),anomaly_suppressed_cooldown,,
2026-07-02 15:15:29,Lab 301 (cam 2),anomaly_suppressed_cooldown,,
2026-07-02 15:15:29,Lab 301 (cam 2),anomaly_suppressed_cooldown,,
2026-07-02 15:15:29,Lab 301 (cam 2),anomaly_suppressed_cooldown,,
2026-07-02 15:15:29,Lab 301 (cam 2),anomaly_suppressed_cooldown,,
2026-07-02 15:15:29,Lab 301 (cam 2),anomaly_suppressed_cooldown,,
2026-07-02 15:15:29,Lab 301 (cam 2),anomaly_suppressed_cooldown,,
2026-07-02 15:15:30,Lab 301 (cam 2),anomaly_suppressed_cooldown,,
2026-07-02 15:15:30,Lab 301 (cam 2),anomaly_suppressed_cooldown,,
2026-07-02 15:15:30,Lab 301 (cam 2),anomaly_suppressed_cooldown,,
2026-07-02 15:15:30,Lab 301 (cam 2),anomaly_suppressed_cooldown,,
2026-07-02 15:15:31,Lab 301 (cam 2),anomaly_suppressed_cooldown,,
2026-07-02 15:15:31,Lab 301 (cam 2),anomaly_suppressed_cooldown,,
2026-07-02 15:15:31,Lab 301 (cam 2),anomaly_suppressed_cooldown,,
2026-07-02 15:15:31,Lab 301 (cam 2),anomaly_suppressed_cooldown,,
2026-07-02 15:15:31,Lab 301 (cam 2),anomaly_suppressed_cooldown,,
2026-07-02 15:15:31,Lab 301 (cam 2),anomaly_suppressed_cooldown,,
2026-07-02 15:15:33,Lab 301 (cam 2),anomaly_suppressed_cooldown,,
2026-07-02 15:15:35,Lab 301 (cam 2),anomaly_suppressed_cooldown,,
2026-07-02 15:15:35,Lab 301 (cam 2),anomaly_suppressed_cooldown,,
2026-07-02 15:15:35,Lab 301 (cam 2),anomaly_suppressed_cooldown,,
2026-07-02 15:15:36,Lab 301 (cam 2),anomaly_suppressed_cooldown,,
2026-07-02 15:15:36,Lab 301 (cam 2),anomaly_suppressed_cooldown,,
2026-07-02 15:15:36,Lab 301 (cam 2),anomaly_suppressed_cooldown,,
2026-07-02 15:15:36,Lab 301 (cam 2),anomaly_suppressed_cooldown,,
2026-07-02 15:15:42,Lab 301 (cam 2),anomaly_suppressed_cooldown,,
2026-07-02 15:15:43,Lab 301 (cam 2),anomaly_suppressed_cooldown,,
2026-07-02 15:15:43,Lab 301 (cam 2),anomaly_suppressed_cooldown,,
2026-07-02 15:15:43,Lab 301 (cam 2),anomaly_suppressed_cooldown,,
2026-07-02 15:15:43,Lab 301 (cam 2),anomaly_suppressed_cooldown,,
2026-07-02 15:15:43,Lab 301 (cam 2),anomaly_suppressed_cooldown,,
2026-07-02 15:15:43,Lab 301 (cam 2),anomaly_suppressed_cooldown,,
2026-07-02 15:15:43,Lab 301 (cam 2),anomaly_suppressed_cooldown,,
2026-07-02 15:15:43,Lab 301 (cam 2),anomaly_suppressed_cooldown,,
2026-07-02 15:15:43,Lab 301 (cam 2),anomaly_suppressed_cooldown,,
2026-07-02 15:15:43,Lab 301 (cam 2),anomaly_suppressed_cooldown,,
2026-07-02 15:15:43,Lab 301 (cam 2),anomaly_suppressed_cooldown,,
2026-07-02 15:15:43,Lab 301 (cam 2),anomaly_suppressed_cooldown,,
2026-07-02 15:15:43,Lab 301 (cam 2),anomaly_suppressed_cooldown,,
2026-07-02 15:15:43,Lab 301 (cam 2),anomaly_suppressed_cooldown,,
2026-07-02 15:15:43,Lab 301 (cam 2),anomaly_suppressed_cooldown,,
2026-07-02 15:15:43,Lab 301 (cam 2),anomaly_suppressed_cooldown,,
2026-07-02 15:15:43,Lab 301 (cam 2),anomaly_suppressed_cooldown,,
2026-07-02 15:15:43,Lab 301 (cam 2),anomaly_suppressed_cooldown,,
2026-07-02 15:15:43,Lab 301 (cam 2),anomaly_suppressed_cooldown,,
2026-07-02 15:15:43,Lab 301 (cam 2),anomaly_suppressed_cooldown,,
2026-07-02 15:15:43,Lab 301 (cam 2),anomaly_suppressed_cooldown,,
2026-07-02 15:15:43,Lab 301 (cam 2),anomaly_suppressed_cooldown,,
2026-07-02 15:15:43,Lab 301 (cam 2),anomaly_suppressed_cooldown,,
2026-07-02 15:15:43,Lab 301 (cam 2),anomaly_suppressed_cooldown,,
2026-07-02 15:15:43,Lab 301 (cam 2),anomaly_suppressed_cooldown,,
2026-07-02 15:15:43,Lab 301 (cam 2),anomaly_suppressed_cooldown,,
2026-07-02 15:15:43,Lab 301 (cam 2),anomaly_suppressed_cooldown,,
2026-07-02 15:15:43,Lab 301 (cam 2),anomaly_suppressed_cooldown,,
2026-07-02 15:15:43,Lab 301 (cam 2),anomaly_suppressed_cooldown,,
2026-07-02 15:15:43,Lab 301 (cam 2),anomaly_suppressed_cooldown,,
2026-07-02 15:15:44,Lab 301 (cam 2),anomaly_suppressed_cooldown,,
2026-07-02 15:15:44,Lab 301 (cam 2),anomaly_suppressed_cooldown,,
2026-07-02 15:15:44,Lab 301 (cam 2),anomaly_suppressed_cooldown,,
2026-07-02 15:15:44,Lab 301 (cam 2),anomaly_suppressed_cooldown,,
2026-07-02 15:15:50,Lab 301 (cam 2),anomaly_suppressed_cooldown,,
2026-07-02 15:15:50,Lab 301 (cam 2),anomaly_suppressed_cooldown,,
2026-07-02 15:15:50,Lab 301 (cam 2),anomaly_suppressed_cooldown,,
2026-07-02 15:15:50,Lab 301 (cam 2),anomaly_suppressed_cooldown,,
2026-07-02 15:15:50,Lab 301 (cam 2),anomaly_suppressed_cooldown,,
2026-07-02 15:15:50,Lab 301 (cam 2),anomaly_suppressed_cooldown,,
2026-07-02 15:15:50,Lab 301 (cam 2),anomaly_suppressed_cooldown,,
2026-07-02 15:15:50,Lab 301 (cam 2),anomaly_suppressed_cooldown,,
2026-07-02 15:15:50,Lab 301 (cam 2),anomaly_suppressed_cooldown,,
2026-07-02 15:15:50,Lab 301 (cam 2),anomaly_suppressed_cooldown,,
2026-07-02 15:15:50,Lab 301 (cam 2),anomaly_suppressed_cooldown,,
2026-07-02 15:15:50,Lab 301 (cam 2),anomaly_suppressed_cooldown,,
2026-07-02 15:15:50,Lab 301 (cam 2),anomaly_suppressed_cooldown,,
2026-07-02 15:15:50,Lab 301 (cam 2),anomaly_suppressed_cooldown,,
2026-07-02 15:15:50,Lab 301 (cam 2),anomaly_suppressed_cooldown,,
2026-07-02 15:15:50,Lab 301 (cam 2),anomaly_suppressed_cooldown,,
2026-07-02 15:15:50,Lab 301 (cam 2),anomaly_suppressed_cooldown,,
2026-07-02 15:15:50,Lab 301 (cam 2),anomaly_suppressed_cooldown,,
2026-07-02 15:15:50,Lab 301 (cam 2),anomaly_suppressed_cooldown,,
2026-07-02 15:15:50,Lab 301 (cam 2),anomaly_suppressed_cooldown,,
2026-07-02 15:15:50,Lab 301 (cam 2),anomaly_suppressed_cooldown,,
2026-07-02 15:15:50,Lab 301 (cam 2),anomaly_suppressed_cooldown,,
2026-07-02 15:15:50,Lab 301 (cam 2),anomaly_suppressed_cooldown,,
2026-07-02 15:15:50,Lab 301 (cam 2),anomaly_suppressed_cooldown,,
2026-07-02 15:15:50,Lab 301 (cam 2),anomaly_suppressed_cooldown,,
2026-07-02 15:15:50,Lab 301 (cam 2),anomaly_suppressed_cooldown,,
2026-07-02 15:15:50,Lab 301 (cam 2),anomaly_suppressed_cooldown,,
2026-07-02 15:15:51,Lab 301 (cam 2),anomaly_suppressed_cooldown,,
2026-07-02 15:15:51,Lab 301 (cam 2),anomaly_suppressed_cooldown,,
2026-07-02 15:15:51,Lab 301 (cam 2),anomaly_suppressed_cooldown,,
2026-07-02 15:15:51,Lab 301 (cam 2),anomaly_suppressed_cooldown,,
2026-07-02 15:15:51,Lab 301 (cam 2),anomaly_suppressed_cooldown,,
2026-07-02 15:15:51,Lab 301 (cam 2),anomaly_suppressed_cooldown,,
2026-07-02 15:15:51,Lab 301 (cam 2),anomaly_suppressed_cooldown,,
2026-07-02 15:15:51,Lab 301 (cam 2),anomaly_suppressed_cooldown,,
2026-07-02 15:15:51,Lab 301 (cam 2),anomaly_suppressed_cooldown,,
2026-07-02 15:15:51,Lab 301 (cam 2),anomaly_suppressed_cooldown,,
2026-07-02 15:15:51,Lab 301 (cam 2),anomaly_suppressed_cooldown,,
2026-07-02 15:15:51,Lab 301 (cam 2),anomaly_suppressed_cooldown,,
2026-07-02 15:15:51,Lab 301 (cam 2),anomaly_suppressed_cooldown,,
2026-07-02 15:15:51,Lab 301 (cam 2),anomaly_suppressed_cooldown,,
2026-07-02 15:15:51,Lab 301 (cam 2),anomaly_suppressed_cooldown,,
2026-07-02 15:15:51,Lab 301 (cam 2),anomaly_suppressed_cooldown,,
2026-07-02 15:15:51,Lab 301 (cam 2),anomaly_suppressed_cooldown,,
2026-07-02 15:15:51,Lab 301 (cam 2),anomaly_suppressed_cooldown,,
2026-07-02 15:15:51,Lab 301 (cam 2),anomaly_suppressed_cooldown,,
2026-07-02 15:15:51,Lab 301 (cam 2),anomaly_suppressed_cooldown,,
2026-07-02 15:15:51,Lab 301 (cam 2),anomaly_suppressed_cooldown,,
2026-07-02 15:15:51,Lab 301 (cam 2),anomaly_suppressed_cooldown,,
2026-07-02 15:15:51,Lab 301 (cam 2),anomaly_suppressed_cooldown,,
2026-07-02 15:15:51,Lab 301 (cam 2),anomaly_suppressed_cooldown,,
2026-07-02 15:15:51,Lab 301 (cam 2),anomaly_suppressed_cooldown,,
2026-07-02 15:15:51,Lab 301 (cam 2),anomaly_suppressed_cooldown,,
2026-07-02 15:15:51,Lab 301 (cam 2),anomaly_suppressed_cooldown,,
2026-07-02 15:15:52,Lab 301 (cam 2),anomaly_suppressed_cooldown,,
2026-07-02 15:15:52,Lab 301 (cam 2),anomaly_suppressed_cooldown,,
2026-07-02 15:15:52,Lab 301 (cam 2),anomaly_suppressed_cooldown,,
2026-07-02 15:15:52,Lab 301 (cam 2),anomaly_suppressed_cooldown,,
2026-07-02 15:15:52,Lab 301 (cam 2),anomaly_suppressed_cooldown,,
2026-07-02 15:15:52,Lab 301 (cam 2),anomaly_suppressed_cooldown,,
2026-07-02 15:15:52,Lab 301 (cam 2),anomaly_suppressed_cooldown,,
2026-07-02 15:15:52,Lab 301 (cam 2),anomaly_suppressed_cooldown,,
2026-07-02 15:15:52,Lab 301 (cam 2),anomaly_suppressed_cooldown,,
2026-07-02 15:15:52,Lab 301 (cam 2),anomaly_suppressed_cooldown,,
2026-07-02 15:15:52,Lab 301 (cam 2),anomaly_suppressed_cooldown,,
2026-07-02 15:15:52,Lab 301 (cam 2),anomaly_suppressed_cooldown,,
2026-07-02 15:15:52,Lab 301 (cam 2),anomaly_suppressed_cooldown,,
2026-07-02 15:15:52,Lab 301 (cam 2),anomaly_suppressed_cooldown,,
2026-07-02 15:15:52,Lab 301 (cam 2),anomaly_suppressed_cooldown,,
2026-07-02 15:15:52,Lab 301 (cam 2),anomaly_suppressed_cooldown,,
2026-07-02 15:15:52,Lab 301 (cam 2),anomaly_suppressed_cooldown,,
2026-07-02 15:15:52,Lab 301 (cam 2),anomaly_suppressed_cooldown,,
2026-07-02 15:15:52,Lab 301 (cam 2),anomaly_suppressed_cooldown,,
2026-07-02 15:15:53,Lab 301 (cam 2),anomaly_suppressed_cooldown,,
2026-07-02 15:15:53,Lab 301 (cam 2),anomaly_suppressed_cooldown,,
2026-07-02 15:15:53,Lab 301 (cam 2),anomaly_suppressed_cooldown,,
2026-07-02 15:15:53,Lab 301 (cam 2),anomaly_suppressed_cooldown,,
2026-07-02 15:15:53,Lab 301 (cam 2),anomaly_suppressed_cooldown,,
2026-07-02 15:15:53,Lab 301 (cam 2),anomaly_suppressed_cooldown,,
2026-07-02 15:15:53,Lab 301 (cam 2),anomaly_suppressed_cooldown,,
2026-07-02 15:15:53,Lab 301 (cam 2),anomaly_suppressed_cooldown,,
2026-07-02 15:15:53,Lab 301 (cam 2),anomaly_suppressed_cooldown,,
2026-07-02 15:15:53,Lab 301 (cam 2),anomaly_suppressed_cooldown,,
2026-07-02 15:15:53,Lab 301 (cam 2),anomaly_suppressed_cooldown,,
2026-07-02 15:15:53,Lab 301 (cam 2),anomaly_suppressed_cooldown,,
2026-07-02 15:15:53,Lab 301 (cam 2),anomaly_suppressed_cooldown,,
2026-07-02 15:15:53,Lab 301 (cam 2),anomaly_suppressed_cooldown,,
2026-07-02 15:15:53,Lab 301 (cam 2),anomaly_suppressed_cooldown,,
2026-07-02 15:15:53,Lab 301 (cam 2),anomaly_suppressed_cooldown,,
2026-07-02 15:15:53,Lab 301 (cam 2),anomaly_suppressed_cooldown,,
2026-07-02 15:15:53,Lab 301 (cam 2),anomaly_suppressed_cooldown,,
2026-07-02 15:15:53,Lab 301 (cam 2),anomaly_suppressed_cooldown,,
2026-07-02 15:15:53,Lab 301 (cam 2),anomaly_suppressed_cooldown,,
2026-07-02 15:15:53,Lab 301 (cam 2),anomaly_suppressed_cooldown,,
2026-07-02 15:15:53,Lab 301 (cam 2),anomaly_suppressed_cooldown,,
2026-07-02 15:15:53,Lab 301 (cam 2),anomaly_suppressed_cooldown,,
2026-07-02 15:15:53,Lab 301 (cam 2),anomaly_suppressed_cooldown,,
2026-07-02 15:15:53,Lab 301 (cam 2),anomaly_suppressed_cooldown,,
2026-07-02 15:15:53,Lab 301 (cam 2),anomaly_suppressed_cooldown,,
2026-07-02 15:15:53,Lab 301 (cam 2),anomaly_suppressed_cooldown,,
2026-07-02 15:15:53,Lab 301 (cam 2),anomaly_suppressed_cooldown,,
2026-07-02 15:15:54,Lab 301 (cam 2),anomaly_suppressed_cooldown,,
2026-07-02 15:15:54,Lab 301 (cam 2),anomaly_suppressed_cooldown,,
2026-07-02 15:15:54,Lab 301 (cam 2),anomaly_suppressed_cooldown,,
2026-07-02 15:15:54,Lab 301 (cam 2),anomaly_suppressed_cooldown,,
2026-07-02 15:15:54,Lab 301 (cam 2),anomaly_suppressed_cooldown,,
2026-07-02 15:15:54,Lab 301 (cam 2),anomaly_suppressed_cooldown,,
2026-07-02 15:15:54,Lab 301 (cam 2),anomaly_suppressed_cooldown,,
2026-07-02 15:15:54,Lab 301 (cam 2),anomaly_suppressed_cooldown,,
2026-07-02 15:15:54,Lab 301 (cam 2),anomaly_suppressed_cooldown,,
2026-07-02 15:15:54,Lab 301 (cam 2),anomaly_suppressed_cooldown,,
2026-07-02 15:15:54,Lab 301 (cam 2),anomaly_suppressed_cooldown,,
2026-07-02 15:15:54,Lab 301 (cam 2),anomaly_suppressed_cooldown,,
2026-07-02 15:15:54,Lab 301 (cam 2),anomaly_suppressed_cooldown,,
2026-07-02 15:15:54,Lab 301 (cam 2),anomaly_suppressed_cooldown,,
2026-07-02 15:15:54,Lab 301 (cam 2),anomaly_suppressed_cooldown,,
2026-07-02 15:15:54,Lab 301 (cam 2),anomaly_suppressed_cooldown,,
2026-07-02 15:15:54,Lab 301 (cam 2),anomaly_suppressed_cooldown,,
2026-07-02 15:15:54,Lab 301 (cam 2),anomaly_suppressed_cooldown,,
2026-07-02 15:15:54,Lab 301 (cam 2),anomaly_suppressed_cooldown,,
2026-07-02 15:15:54,Lab 301 (cam 2),anomaly_suppressed_cooldown,,
2026-07-02 15:15:54,Lab 301 (cam 2),anomaly_suppressed_cooldown,,
2026-07-02 15:15:54,Lab 301 (cam 2),anomaly_suppressed_cooldown,,
2026-07-02 15:15:54,Lab 301 (cam 2),anomaly_suppressed_cooldown,,
2026-07-02 15:15:54,Lab 301 (cam 2),anomaly_suppressed_cooldown,,
2026-07-02 15:15:54,Lab 301 (cam 2),anomaly_suppressed_cooldown,,
2026-07-02 15:15:54,Lab 301 (cam 2),anomaly_suppressed_cooldown,,
2026-07-02 15:15:54,Lab 301 (cam 2),anomaly_suppressed_cooldown,,
2026-07-02 15:15:54,Lab 301 (cam 2),anomaly_suppressed_cooldown,,
2026-07-02 15:15:54,Lab 301 (cam 2),anomaly_suppressed_cooldown,,
2026-07-02 15:15:54,Lab 301 (cam 2),anomaly_suppressed_cooldown,,
2026-07-02 15:15:55,Lab 301 (cam 2),anomaly_suppressed_cooldown,,
2026-07-02 15:15:55,Lab 301 (cam 2),anomaly_suppressed_cooldown,,
2026-07-02 15:15:55,Lab 301 (cam 2),anomaly_suppressed_cooldown,,
2026-07-02 15:15:55,Lab 301 (cam 2),anomaly_suppressed_cooldown,,
2026-07-02 15:15:55,Lab 301 (cam 2),anomaly_suppressed_cooldown,,
2026-07-02 15:15:55,Lab 301 (cam 2),anomaly_suppressed_cooldown,,
2026-07-02 15:15:55,Lab 301 (cam 2),anomaly_suppressed_cooldown,,
2026-07-02 15:15:55,Lab 301 (cam 2),anomaly_suppressed_cooldown,,
2026-07-02 15:15:55,Lab 301 (cam 2),anomaly_suppressed_cooldown,,
2026-07-02 15:15:55,Lab 301 (cam 2),anomaly_suppressed_cooldown,,
2026-07-02 15:15:55,Lab 301 (cam 2),anomaly_suppressed_cooldown,,
2026-07-02 15:15:55,Lab 301 (cam 2),anomaly_suppressed_cooldown,,
2026-07-02 15:15:55,Lab 301 (cam 2),anomaly_suppressed_cooldown,,
2026-07-02 15:15:55,Lab 301 (cam 2),anomaly_suppressed_cooldown,,
2026-07-02 15:15:55,Lab 301 (cam 2),anomaly_suppressed_cooldown,,
2026-07-02 15:15:55,Lab 301 (cam 2),anomaly_suppressed_cooldown,,
2026-07-02 15:15:55,Lab 301 (cam 2),anomaly_suppressed_cooldown,,
2026-07-02 15:15:55,Lab 301 (cam 2),anomaly_suppressed_cooldown,,
2026-07-02 15:15:55,Lab 301 (cam 2),anomaly_suppressed_cooldown,,
2026-07-02 15:15:55,Lab 301 (cam 2),anomaly_suppressed_cooldown,,
2026-07-02 15:15:55,Lab 301 (cam 2),anomaly_suppressed_cooldown,,
2026-07-02 15:15:55,Lab 301 (cam 2),anomaly_suppressed_cooldown,,
2026-07-02 15:15:55,Lab 301 (cam 2),anomaly_suppressed_cooldown,,
2026-07-02 15:15:55,Lab 301 (cam 2),anomaly_suppressed_cooldown,,
2026-07-02 15:15:55,Lab 301 (cam 2),anomaly_suppressed_cooldown,,
2026-07-02 15:15:55,Lab 301 (cam 2),anomaly_suppressed_cooldown,,
2026-07-02 15:15:55,Lab 301 (cam 2),anomaly_suppressed_cooldown,,
2026-07-02 15:15:55,Lab 301 (cam 2),anomaly_suppressed_cooldown,,
2026-07-02 15:15:55,Lab 301 (cam 2),anomaly_suppressed_cooldown,,
2026-07-02 15:15:55,Lab 301 (cam 2),anomaly_suppressed_cooldown,,
2026-07-02 15:15:56,Lab 301 (cam 2),anomaly_suppressed_cooldown,,
2026-07-02 15:15:56,Lab 301 (cam 2),anomaly_suppressed_cooldown,,
2026-07-02 15:15:56,Lab 301 (cam 2),anomaly_suppressed_cooldown,,
2026-07-02 15:15:56,Lab 301 (cam 2),anomaly_suppressed_cooldown,,
2026-07-02 15:15:56,Lab 301 (cam 2),anomaly_suppressed_cooldown,,
2026-07-02 15:15:56,Lab 301 (cam 2),anomaly_suppressed_cooldown,,
2026-07-02 15:15:56,Lab 301 (cam 2),anomaly_suppressed_cooldown,,
2026-07-02 15:15:56,Lab 301 (cam 2),anomaly_suppressed_cooldown,,
2026-07-02 15:15:56,Lab 301 (cam 2),anomaly_suppressed_cooldown,,
2026-07-02 15:15:56,Lab 301 (cam 2),anomaly_suppressed_cooldown,,
2026-07-02 15:15:56,Lab 301 (cam 2),anomaly_suppressed_cooldown,,
2026-07-02 15:15:56,Lab 301 (cam 2),anomaly_suppressed_cooldown,,
2026-07-02 15:15:56,Lab 301 (cam 2),anomaly_suppressed_cooldown,,
2026-07-02 15:15:56,Lab 301 (cam 2),anomaly_suppressed_cooldown,,
2026-07-02 15:15:56,Lab 301 (cam 2),anomaly_suppressed_cooldown,,
2026-07-02 15:15:56,Lab 301 (cam 2),anomaly_suppressed_cooldown,,
2026-07-02 15:15:56,Lab 301 (cam 2),anomaly_suppressed_cooldown,,
2026-07-02 15:15:56,Lab 301 (cam 2),anomaly_suppressed_cooldown,,
2026-07-02 15:15:56,Lab 301 (cam 2),anomaly_suppressed_cooldown,,
2026-07-02 15:15:56,Lab 301 (cam 2),anomaly_suppressed_cooldown,,
2026-07-02 15:15:56,Lab 301 (cam 2),anomaly_suppressed_cooldown,,
2026-07-02 15:15:56,Lab 301 (cam 2),anomaly_suppressed_cooldown,,
2026-07-02 15:15:56,Lab 301 (cam 2),anomaly_suppressed_cooldown,,
2026-07-02 15:15:56,Lab 301 (cam 2),anomaly_suppressed_cooldown,,
2026-07-02 15:15:56,Lab 301 (cam 2),anomaly_suppressed_cooldown,,
2026-07-02 15:15:56,Lab 301 (cam 2),anomaly_suppressed_cooldown,,
2026-07-02 15:15:56,Lab 301 (cam 2),anomaly_suppressed_cooldown,,
2026-07-02 15:15:56,Lab 301 (cam 2),anomaly_suppressed_cooldown,,
2026-07-02 15:15:56,Lab 301 (cam 2),anomaly_suppressed_cooldown,,
2026-07-02 15:15:57,Lab 301 (cam 2),anomaly_suppressed_cooldown,,
2026-07-02 15:15:57,Lab 301 (cam 2),anomaly_suppressed_cooldown,,
2026-07-02 15:15:57,Lab 301 (cam 2),anomaly_suppressed_cooldown,,
2026-07-02 15:15:57,Lab 301 (cam 2),anomaly_suppressed_cooldown,,
2026-07-02 15:15:57,Lab 301 (cam 2),anomaly_suppressed_cooldown,,
2026-07-02 15:15:57,Lab 301 (cam 2),anomaly_suppressed_cooldown,,
2026-07-02 15:15:57,Lab 301 (cam 2),anomaly_suppressed_cooldown,,
2026-07-02 15:15:57,Lab 301 (cam 2),anomaly_suppressed_cooldown,,
2026-07-02 15:15:57,Lab 301 (cam 2),anomaly_suppressed_cooldown,,
2026-07-02 15:15:57,Lab 301 (cam 2),anomaly_suppressed_cooldown,,
2026-07-02 15:15:57,Lab 301 (cam 2),anomaly_suppressed_cooldown,,
2026-07-02 15:15:58,Lab 301 (cam 2),anomaly_suppressed_cooldown,,
2026-07-02 15:15:59,Lab 301 (cam 2),anomaly_suppressed_cooldown,,
2026-07-02 15:15:59,Lab 301 (cam 2),anomaly_suppressed_cooldown,,
2026-07-02 15:15:59,Lab 301 (cam 2),anomaly_suppressed_cooldown,,
2026-07-02 15:15:59,Lab 301 (cam 2),anomaly_suppressed_cooldown,,
2026-07-02 15:15:59,Lab 301 (cam 2),anomaly_suppressed_cooldown,,
2026-07-02 15:15:59,Lab 301 (cam 2),anomaly_suppressed_cooldown,,
2026-07-02 15:15:59,Lab 301 (cam 2),anomaly_suppressed_cooldown,,
2026-07-02 15:15:59,Lab 301 (cam 2),anomaly_suppressed_cooldown,,
2026-07-02 15:15:59,Lab 301 (cam 2),anomaly_suppressed_cooldown,,
2026-07-02 15:15:59,Lab 301 (cam 2),anomaly_suppressed_cooldown,,
2026-07-02 15:15:59,Lab 301 (cam 2),anomaly_suppressed_cooldown,,
2026-07-02 15:15:59,Lab 301 (cam 2),anomaly_suppressed_cooldown,,
2026-07-02 15:15:59,Lab 301 (cam 2),anomaly_suppressed_cooldown,,
2026-07-02 15:15:59,Lab 301 (cam 2),anomaly_suppressed_cooldown,,
2026-07-02 15:15:59,Lab 301 (cam 2),anomaly_suppressed_cooldown,,
2026-07-02 15:15:59,Lab 301 (cam 2),anomaly_suppressed_cooldown,,
2026-07-02 15:15:59,Lab 301 (cam 2),anomaly_suppressed_cooldown,,
2026-07-02 15:15:59,Lab 301 (cam 2),anomaly_suppressed_cooldown,,
2026-07-02 15:16:00,Lab 301 (cam 2),anomaly_suppressed_cooldown,,
2026-07-02 15:16:00,Lab 301 (cam 2),anomaly_suppressed_cooldown,,
2026-07-02 15:16:00,Lab 301 (cam 2),anomaly_suppressed_cooldown,,
2026-07-02 15:16:00,Lab 301 (cam 2),anomaly_suppressed_cooldown,,
2026-07-02 15:16:00,Lab 301 (cam 2),anomaly_suppressed_cooldown,,
2026-07-02 15:16:00,Lab 301 (cam 2),anomaly_suppressed_cooldown,,
2026-07-02 15:16:00,Lab 301 (cam 2),anomaly_suppressed_cooldown,,
2026-07-02 15:16:00,Lab 301 (cam 2),anomaly_suppressed_cooldown,,
2026-07-02 15:16:00,Lab 301 (cam 2),anomaly_suppressed_cooldown,,
2026-07-02 15:16:00,Lab 301 (cam 2),anomaly_suppressed_cooldown,,
2026-07-02 15:16:00,Lab 301 (cam 2),anomaly_suppressed_cooldown,,
2026-07-02 15:16:01,Lab 301 (cam 2),anomaly_suppressed_cooldown,,
2026-07-02 15:16:01,Lab 301 (cam 2),anomaly_suppressed_cooldown,,
2026-07-02 15:16:01,Lab 301 (cam 2),anomaly_suppressed_cooldown,,
2026-07-02 15:16:01,Lab 301 (cam 2),anomaly_suppressed_cooldown,,
2026-07-02 15:16:01,Lab 301 (cam 2),anomaly_suppressed_cooldown,,
2026-07-02 15:16:01,Lab 301 (cam 2),anomaly_suppressed_cooldown,,
2026-07-02 15:16:01,Lab 301 (cam 2),anomaly_suppressed_cooldown,,
2026-07-02 15:16:01,Lab 301 (cam 2),anomaly_suppressed_cooldown,,
2026-07-02 15:16:01,Lab 301 (cam 2),anomaly_suppressed_cooldown,,
2026-07-02 15:16:01,Lab 301 (cam 2),anomaly_suppressed_cooldown,,
2026-07-02 15:16:01,Lab 301 (cam 2),anomaly_suppressed_cooldown,,
2026-07-02 15:16:01,Lab 301 (cam 2),anomaly_suppressed_cooldown,,
2026-07-02 15:16:01,Lab 301 (cam 2),anomaly_suppressed_cooldown,,
2026-07-02 15:16:01,Lab 301 (cam 2),anomaly_suppressed_cooldown,,
2026-07-02 15:16:01,Lab 301 (cam 2),anomaly_suppressed_cooldown,,
2026-07-02 15:16:01,Lab 301 (cam 2),anomaly_suppressed_cooldown,,
2026-07-02 15:16:01,Lab 301 (cam 2),anomaly_suppressed_cooldown,,
2026-07-02 15:16:01,Lab 301 (cam 2),anomaly_suppressed_cooldown,,
2026-07-02 15:16:01,Lab 301 (cam 2),anomaly_suppressed_cooldown,,
2026-07-02 15:16:01,Lab 301 (cam 2),anomaly_suppressed_cooldown,,
2026-07-02 15:16:01,Lab 301 (cam 2),anomaly_suppressed_cooldown,,
2026-07-02 15:16:01,Lab 301 (cam 2),anomaly_suppressed_cooldown,,
2026-07-02 15:16:01,Lab 301 (cam 2),anomaly_suppressed_cooldown,,
2026-07-02 15:16:01,Lab 301 (cam 2),anomaly_suppressed_cooldown,,
2026-07-02 15:16:01,Lab 301 (cam 2),anomaly_suppressed_cooldown,,
2026-07-02 15:16:01,Lab 301 (cam 2),anomaly_suppressed_cooldown,,
2026-07-02 15:16:01,Lab 301 (cam 2),anomaly_suppressed_cooldown,,
2026-07-02 15:16:01,Lab 301 (cam 2),anomaly_suppressed_cooldown,,
2026-07-02 15:16:02,Lab 301 (cam 2),anomaly_suppressed_cooldown,,
2026-07-02 15:16:02,Lab 301 (cam 2),anomaly_suppressed_cooldown,,
2026-07-02 15:16:02,Lab 301 (cam 2),anomaly_suppressed_cooldown,,
2026-07-02 15:16:02,Lab 301 (cam 2),anomaly_suppressed_cooldown,,
2026-07-02 15:16:02,Lab 301 (cam 2),anomaly_suppressed_cooldown,,
2026-07-02 15:16:02,Lab 301 (cam 2),anomaly_suppressed_cooldown,,
2026-07-02 15:16:02,Lab 301 (cam 2),anomaly_suppressed_cooldown,,
2026-07-02 15:16:02,Lab 301 (cam 2),anomaly_suppressed_cooldown,,
2026-07-02 15:16:02,Lab 301 (cam 2),anomaly_suppressed_cooldown,,
2026-07-02 15:16:02,Lab 301 (cam 2),anomaly_suppressed_cooldown,,
2026-07-02 15:16:02,Lab 301 (cam 2),anomaly_suppressed_cooldown,,
2026-07-02 15:16:02,Lab 301 (cam 2),anomaly_suppressed_cooldown,,
2026-07-02 15:16:02,Lab 301 (cam 2),anomaly_suppressed_cooldown,,
2026-07-02 15:16:02,Lab 301 (cam 2),anomaly_suppressed_cooldown,,
2026-07-02 15:16:02,Lab 301 (cam 2),anomaly_suppressed_cooldown,,
2026-07-02 15:16:02,Lab 301 (cam 2),anomaly_suppressed_cooldown,,
2026-07-02 15:16:02,Lab 301 (cam 2),anomaly_suppressed_cooldown,,
2026-07-02 15:16:02,Lab 301 (cam 2),anomaly_suppressed_cooldown,,
2026-07-02 15:16:02,Lab 301 (cam 2),anomaly_suppressed_cooldown,,
2026-07-02 15:16:02,Lab 301 (cam 2),anomaly_suppressed_cooldown,,
2026-07-02 15:16:02,Lab 301 (cam 2),anomaly_suppressed_cooldown,,
2026-07-02 15:16:02,Lab 301 (cam 2),anomaly_suppressed_cooldown,,
2026-07-02 15:16:02,Lab 301 (cam 2),anomaly_suppressed_cooldown,,
2026-07-02 15:16:02,Lab 301 (cam 2),anomaly_suppressed_cooldown,,
2026-07-02 15:16:03,Lab 301 (cam 2),anomaly_suppressed_cooldown,,
2026-07-02 15:16:03,Lab 301 (cam 2),anomaly_suppressed_cooldown,,
2026-07-02 15:16:03,Lab 301 (cam 2),anomaly_suppressed_cooldown,,
2026-07-02 15:16:03,Lab 301 (cam 2),anomaly_suppressed_cooldown,,
2026-07-02 15:16:03,Lab 301 (cam 2),anomaly_suppressed_cooldown,,
2026-07-02 15:16:03,Lab 301 (cam 2),anomaly_suppressed_cooldown,,
2026-07-02 15:16:03,Lab 301 (cam 2),anomaly_suppressed_cooldown,,
2026-07-02 15:16:03,Lab 301 (cam 2),anomaly_suppressed_cooldown,,
2026-07-02 15:16:03,Lab 301 (cam 2),anomaly_suppressed_cooldown,,
2026-07-02 15:16:03,Lab 301 (cam 2),anomaly_suppressed_cooldown,,
2026-07-02 15:16:03,Lab 301 (cam 2),anomaly_suppressed_cooldown,,
2026-07-02 15:16:03,Lab 301 (cam 2),anomaly_suppressed_cooldown,,
2026-07-02 15:16:03,Lab 301 (cam 2),anomaly_suppressed_cooldown,,
2026-07-02 15:16:03,Lab 301 (cam 2),anomaly_suppressed_cooldown,,
2026-07-02 15:16:03,Lab 301 (cam 2),anomaly_suppressed_cooldown,,
2026-07-02 15:16:03,Lab 301 (cam 2),anomaly_suppressed_cooldown,,
2026-07-02 15:16:03,Lab 301 (cam 2),anomaly_suppressed_cooldown,,
2026-07-02 15:16:04,Lab 301 (cam 2),anomaly_suppressed_cooldown,,
2026-07-02 15:16:04,Lab 301 (cam 2),anomaly_suppressed_cooldown,,
2026-07-02 15:16:04,Lab 301 (cam 2),anomaly_suppressed_cooldown,,
2026-07-02 15:16:04,Lab 301 (cam 2),anomaly_suppressed_cooldown,,
2026-07-02 15:16:04,Lab 301 (cam 2),anomaly_suppressed_cooldown,,
2026-07-02 15:16:04,Lab 301 (cam 2),anomaly_suppressed_cooldown,,
2026-07-02 15:16:04,Lab 301 (cam 2),anomaly_suppressed_cooldown,,
2026-07-02 15:16:04,Lab 301 (cam 2),anomaly_suppressed_cooldown,,
2026-07-02 15:16:04,Lab 301 (cam 2),anomaly_suppressed_cooldown,,
2026-07-02 15:16:04,Lab 301 (cam 2),anomaly_suppressed_cooldown,,
2026-07-02 15:16:04,Lab 301 (cam 2),anomaly_suppressed_cooldown,,
2026-07-02 15:16:04,Lab 301 (cam 2),anomaly_suppressed_cooldown,,
2026-07-02 15:16:04,Lab 301 (cam 2),anomaly_suppressed_cooldown,,
2026-07-02 15:16:04,Lab 301 (cam 2),anomaly_suppressed_cooldown,,
2026-07-02 15:16:04,Lab 301 (cam 2),anomaly_suppressed_cooldown,,
2026-07-02 15:16:04,Lab 301 (cam 2),anomaly_suppressed_cooldown,,
2026-07-02 15:16:04,Lab 301 (cam 2),anomaly_suppressed_cooldown,,
2026-07-02 15:16:04,Lab 301 (cam 2),anomaly_suppressed_cooldown,,
2026-07-02 15:16:04,Lab 301 (cam 2),anomaly_suppressed_cooldown,,
2026-07-02 15:16:04,Lab 301 (cam 2),anomaly_suppressed_cooldown,,
2026-07-02 15:16:04,Lab 301 (cam 2),anomaly_suppressed_cooldown,,
2026-07-02 15:16:04,Lab 301 (cam 2),anomaly_suppressed_cooldown,,
2026-07-02 15:16:04,Lab 301 (cam 2),anomaly_suppressed_cooldown,,
2026-07-02 15:16:04,Lab 301 (cam 2),anomaly_suppressed_cooldown,,
2026-07-02 15:16:04,Lab 301 (cam 2),anomaly_suppressed_cooldown,,
2026-07-02 15:16:04,Lab 301 (cam 2),anomaly_suppressed_cooldown,,
2026-07-02 15:16:04,Lab 301 (cam 2),anomaly_suppressed_cooldown,,
2026-07-02 15:16:05,Lab 301 (cam 2),anomaly_suppressed_cooldown,,
2026-07-02 15:16:05,Lab 301 (cam 2),anomaly_suppressed_cooldown,,
2026-07-02 15:16:05,Lab 301 (cam 2),anomaly_suppressed_cooldown,,
2026-07-02 15:16:05,Lab 301 (cam 2),anomaly_suppressed_cooldown,,
2026-07-02 15:16:05,Lab 301 (cam 2),anomaly_suppressed_cooldown,,
2026-07-02 15:16:05,Lab 301 (cam 2),anomaly_suppressed_cooldown,,
2026-07-02 15:16:05,Lab 301 (cam 2),anomaly_suppressed_cooldown,,
2026-07-02 15:16:05,Lab 301 (cam 2),anomaly_suppressed_cooldown,,
2026-07-02 15:16:05,Lab 301 (cam 2),anomaly_suppressed_cooldown,,
2026-07-02 15:16:05,Lab 301 (cam 2),anomaly_suppressed_cooldown,,
2026-07-02 15:16:05,Lab 301 (cam 2),anomaly_suppressed_cooldown,,
2026-07-02 15:16:05,Lab 301 (cam 2),anomaly_suppressed_cooldown,,
2026-07-02 15:16:05,Lab 301 (cam 2),anomaly_suppressed_cooldown,,
2026-07-02 15:16:05,Lab 301 (cam 2),anomaly_suppressed_cooldown,,
2026-07-02 15:16:05,Lab 301 (cam 2),anomaly_suppressed_cooldown,,
2026-07-02 15:16:05,Lab 301 (cam 2),anomaly_suppressed_cooldown,,
2026-07-02 15:16:05,Lab 301 (cam 2),anomaly_suppressed_cooldown,,
2026-07-02 15:16:05,Lab 301 (cam 2),anomaly_suppressed_cooldown,,
2026-07-02 15:16:05,Lab 301 (cam 2),anomaly_suppressed_cooldown,,
2026-07-02 15:16:05,Lab 301 (cam 2),anomaly_suppressed_cooldown,,
2026-07-02 15:16:05,Lab 301 (cam 2),anomaly_suppressed_cooldown,,
2026-07-02 15:16:05,Lab 301 (cam 2),anomaly_suppressed_cooldown,,
2026-07-02 15:16:05,Lab 301 (cam 2),anomaly_suppressed_cooldown,,
2026-07-02 15:16:05,Lab 301 (cam 2),anomaly_suppressed_cooldown,,
2026-07-02 15:16:06,Lab 301 (cam 2),anomaly_suppressed_cooldown,,
2026-07-02 15:16:06,Lab 301 (cam 2),anomaly_suppressed_cooldown,,
2026-07-02 15:16:06,Lab 301 (cam 2),anomaly_suppressed_cooldown,,
2026-07-02 15:16:06,Lab 301 (cam 2),anomaly_suppressed_cooldown,,
2026-07-02 15:16:06,Lab 301 (cam 2),anomaly_suppressed_cooldown,,
2026-07-02 15:16:06,Lab 301 (cam 2),anomaly_suppressed_cooldown,,
2026-07-02 15:16:06,Lab 301 (cam 2),anomaly_suppressed_cooldown,,
2026-07-02 15:16:06,Lab 301 (cam 2),anomaly_suppressed_cooldown,,
2026-07-02 15:16:06,Lab 301 (cam 2),anomaly_suppressed_cooldown,,
2026-07-02 15:16:06,Lab 301 (cam 2),anomaly_suppressed_cooldown,,
2026-07-02 15:16:06,Lab 301 (cam 2),anomaly_suppressed_cooldown,,
2026-07-02 15:16:06,Lab 301 (cam 2),anomaly_suppressed_cooldown,,
2026-07-02 15:16:06,Lab 301 (cam 2),anomaly_suppressed_cooldown,,
2026-07-02 15:16:06,Lab 301 (cam 2),anomaly_suppressed_cooldown,,
2026-07-02 15:16:06,Lab 301 (cam 2),anomaly_suppressed_cooldown,,
2026-07-02 15:16:06,Lab 301 (cam 2),anomaly_suppressed_cooldown,,
2026-07-02 15:16:06,Lab 301 (cam 2),anomaly_suppressed_cooldown,,
2026-07-02 15:16:06,Lab 301 (cam 2),anomaly_suppressed_cooldown,,
2026-07-02 15:16:06,Lab 301 (cam 2),anomaly_suppressed_cooldown,,
2026-07-02 15:16:06,Lab 301 (cam 2),anomaly_suppressed_cooldown,,
2026-07-02 15:16:06,Lab 301 (cam 2),anomaly_suppressed_cooldown,,
2026-07-02 15:16:06,Lab 301 (cam 2),anomaly_suppressed_cooldown,,
2026-07-02 15:16:06,Lab 301 (cam 2),anomaly_suppressed_cooldown,,
2026-07-02 15:16:06,Lab 301 (cam 2),anomaly_suppressed_cooldown,,
2026-07-02 15:16:06,Lab 301 (cam 2),anomaly_suppressed_cooldown,,
2026-07-02 15:16:06,Lab 301 (cam 2),anomaly_suppressed_cooldown,,
2026-07-02 15:16:06,Lab 301 (cam 2),anomaly_suppressed_cooldown,,
2026-07-02 15:16:06,Lab 301 (cam 2),anomaly_suppressed_cooldown,,
2026-07-02 15:16:06,Lab 301 (cam 2),anomaly_suppressed_cooldown,,
2026-07-02 15:16:07,Lab 301 (cam 2),anomaly_suppressed_cooldown,,
2026-07-02 15:16:07,Lab 301 (cam 2),anomaly_suppressed_cooldown,,
2026-07-02 15:16:07,Lab 301 (cam 2),anomaly_suppressed_cooldown,,
2026-07-02 15:16:07,Lab 301 (cam 2),anomaly_suppressed_cooldown,,
2026-07-02 15:16:07,Lab 301 (cam 2),anomaly_suppressed_cooldown,,
2026-07-02 15:16:07,Lab 301 (cam 2),anomaly_suppressed_cooldown,,
2026-07-02 15:16:07,Lab 301 (cam 2),anomaly_suppressed_cooldown,,
2026-07-02 15:16:07,Lab 301 (cam 2),anomaly_suppressed_cooldown,,
2026-07-02 15:16:07,Lab 301 (cam 2),anomaly_suppressed_cooldown,,
2026-07-02 15:16:07,Lab 301 (cam 2),anomaly_suppressed_cooldown,,
2026-07-02 15:16:07,Lab 301 (cam 2),anomaly_suppressed_cooldown,,
2026-07-02 15:16:07,Lab 301 (cam 2),anomaly_suppressed_cooldown,,
2026-07-02 15:16:07,Lab 301 (cam 2),anomaly_suppressed_cooldown,,
2026-07-02 15:16:07,Lab 301 (cam 2),anomaly_suppressed_cooldown,,
2026-07-02 15:16:07,Lab 301 (cam 2),anomaly_suppressed_cooldown,,
2026-07-02 15:16:07,Lab 301 (cam 2),anomaly_suppressed_cooldown,,
2026-07-02 15:16:07,Lab 301 (cam 2),anomaly_suppressed_cooldown,,
2026-07-02 15:16:07,Lab 301 (cam 2),anomaly_suppressed_cooldown,,
2026-07-02 15:16:07,Lab 301 (cam 2),anomaly_suppressed_cooldown,,
2026-07-02 15:16:07,Lab 301 (cam 2),anomaly_suppressed_cooldown,,
2026-07-02 15:16:07,Lab 301 (cam 2),anomaly_suppressed_cooldown,,
2026-07-02 15:16:07,Lab 301 (cam 2),anomaly_suppressed_cooldown,,
2026-07-02 15:16:07,Lab 301 (cam 2),anomaly_suppressed_cooldown,,
2026-07-02 15:16:07,Lab 301 (cam 2),anomaly_suppressed_cooldown,,
2026-07-02 15:16:07,Lab 301 (cam 2),anomaly_suppressed_cooldown,,
2026-07-02 15:16:07,Lab 301 (cam 2),anomaly_suppressed_cooldown,,
2026-07-02 15:16:07,Lab 301 (cam 2),anomaly_suppressed_cooldown,,
2026-07-02 15:16:07,Lab 301 (cam 2),anomaly_suppressed_cooldown,,
2026-07-02 15:16:08,Lab 301 (cam 2),anomaly_suppressed_cooldown,,
2026-07-02 15:16:08,Lab 301 (cam 2),anomaly_suppressed_cooldown,,
2026-07-02 15:16:08,Lab 301 (cam 2),anomaly_suppressed_cooldown,,
2026-07-02 15:16:08,Lab 301 (cam 2),anomaly_suppressed_cooldown,,
2026-07-02 15:16:08,Lab 301 (cam 2),anomaly_suppressed_cooldown,,
2026-07-02 15:16:08,Lab 301 (cam 2),anomaly_suppressed_cooldown,,
2026-07-02 15:16:08,Lab 301 (cam 2),anomaly_suppressed_cooldown,,
2026-07-02 15:16:08,Lab 301 (cam 2),anomaly_suppressed_cooldown,,
2026-07-02 15:16:08,Lab 301 (cam 2),anomaly_suppressed_cooldown,,
2026-07-02 15:16:08,Lab 301 (cam 2),anomaly_suppressed_cooldown,,
2026-07-02 15:16:09,Lab 301 (cam 2),anomaly,,snapshots\Lab_301_(cam_2)_20260702_151609.jpg
2026-07-02 15:16:09,Lab 301 (cam 2),anomaly_suppressed_cooldown,,
2026-07-02 15:16:09,Lab 301 (cam 2),anomaly_suppressed_cooldown,,
2026-07-02 15:16:09,Lab 301 (cam 2),anomaly_suppressed_cooldown,,
2026-07-02 15:16:18,Lab 301 (cam 2),anomaly_suppressed_cooldown,,
2026-07-02 15:16:18,Lab 301 (cam 2),anomaly_suppressed_cooldown,,
2026-07-02 15:16:19,Lab 301 (cam 2),anomaly_suppressed_cooldown,,
2026-07-02 15:16:19,Lab 301 (cam 2),anomaly_suppressed_cooldown,,
2026-07-02 15:16:19,Lab 301 (cam 2),anomaly_suppressed_cooldown,,
2026-07-02 15:16:19,Lab 301 (cam 2),anomaly_suppressed_cooldown,,
2026-07-02 15:16:19,Lab 301 (cam 2),anomaly_suppressed_cooldown,,
2026-07-02 15:16:19,Lab 301 (cam 2),anomaly_suppressed_cooldown,,
2026-07-02 15:16:19,Lab 301 (cam 2),anomaly_suppressed_cooldown,,
2026-07-02 15:16:19,Lab 301 (cam 2),anomaly_suppressed_cooldown,,
2026-07-02 15:16:19,Lab 301 (cam 2),anomaly_suppressed_cooldown,,
2026-07-02 15:16:19,Lab 301 (cam 2),anomaly_suppressed_cooldown,,
2026-07-02 15:16:19,Lab 301 (cam 2),anomaly_suppressed_cooldown,,
2026-07-02 15:16:19,Lab 301 (cam 2),anomaly_suppressed_cooldown,,
2026-07-02 15:16:19,Lab 301 (cam 2),anomaly_suppressed_cooldown,,
2026-07-02 15:16:19,Lab 301 (cam 2),anomaly_suppressed_cooldown,,
2026-07-02 15:16:19,Lab 301 (cam 2),anomaly_suppressed_cooldown,,
2026-07-02 15:16:19,Lab 301 (cam 2),anomaly_suppressed_cooldown,,
2026-07-02 15:16:19,Lab 301 (cam 2),anomaly_suppressed_cooldown,,
2026-07-02 15:16:19,Lab 301 (cam 2),anomaly_suppressed_cooldown,,
2026-07-02 15:16:19,Lab 301 (cam 2),anomaly_suppressed_cooldown,,
2026-07-02 15:16:19,Lab 301 (cam 2),anomaly_suppressed_cooldown,,
2026-07-02 15:16:19,Lab 301 (cam 2),anomaly_suppressed_cooldown,,
2026-07-02 15:16:20,Lab 301 (cam 2),anomaly_suppressed_cooldown,,
2026-07-02 15:16:20,Lab 301 (cam 2),anomaly_suppressed_cooldown,,
2026-07-02 15:16:20,Lab 301 (cam 2),anomaly_suppressed_cooldown,,
2026-07-02 15:16:20,Lab 301 (cam 2),anomaly_suppressed_cooldown,,
2026-07-02 15:16:20,Lab 301 (cam 2),anomaly_suppressed_cooldown,,
2026-07-02 15:16:20,Lab 301 (cam 2),anomaly_suppressed_cooldown,,
2026-07-02 15:16:20,Lab 301 (cam 2),anomaly_suppressed_cooldown,,
2026-07-02 15:16:20,Lab 301 (cam 2),anomaly_suppressed_cooldown,,
2026-07-02 15:16:20,Lab 301 (cam 2),anomaly_suppressed_cooldown,,
2026-07-02 15:16:20,Lab 301 (cam 2),anomaly_suppressed_cooldown,,
2026-07-02 15:16:20,Lab 301 (cam 2),anomaly_suppressed_cooldown,,
2026-07-02 15:16:20,Lab 301 (cam 2),anomaly_suppressed_cooldown,,
2026-07-02 15:16:20,Lab 301 (cam 2),anomaly_suppressed_cooldown,,
2026-07-02 15:16:20,Lab 301 (cam 2),anomaly_suppressed_cooldown,,
2026-07-02 15:16:20,Lab 301 (cam 2),anomaly_suppressed_cooldown,,
2026-07-02 15:16:20,Lab 301 (cam 2),anomaly_suppressed_cooldown,,
2026-07-02 15:16:21,Lab 301 (cam 2),anomaly_suppressed_cooldown,,
2026-07-02 15:16:21,Lab 301 (cam 2),anomaly_suppressed_cooldown,,
2026-07-02 15:16:21,Lab 301 (cam 2),anomaly_suppressed_cooldown,,
2026-07-02 15:16:22,Lab 301 (cam 2),anomaly_suppressed_cooldown,,
2026-07-02 15:16:22,Lab 301 (cam 2),anomaly_suppressed_cooldown,,
2026-07-02 15:16:22,Lab 301 (cam 2),anomaly_suppressed_cooldown,,
2026-07-02 15:16:22,Lab 301 (cam 2),anomaly_suppressed_cooldown,,
2026-07-02 15:16:22,Lab 301 (cam 2),anomaly_suppressed_cooldown,,
2026-07-02 15:16:22,Lab 301 (cam 2),anomaly_suppressed_cooldown,,
2026-07-02 15:16:22,Lab 301 (cam 2),anomaly_suppressed_cooldown,,
2026-07-02 15:16:22,Lab 301 (cam 2),anomaly_suppressed_cooldown,,
2026-07-02 15:16:22,Lab 301 (cam 2),anomaly_suppressed_cooldown,,
2026-07-02 15:16:22,Lab 301 (cam 2),anomaly_suppressed_cooldown,,
2026-07-02 15:16:22,Lab 301 (cam 2),anomaly_suppressed_cooldown,,
2026-07-02 15:16:23,Lab 301 (cam 2),anomaly_suppressed_cooldown,,
2026-07-02 15:16:23,Lab 301 (cam 2),anomaly_suppressed_cooldown,,
2026-07-02 15:16:23,Lab 301 (cam 2),anomaly_suppressed_cooldown,,
2026-07-02 15:16:24,Lab 301 (cam 2),anomaly_suppressed_cooldown,,
2026-07-02 15:16:24,Lab 301 (cam 2),anomaly_suppressed_cooldown,,
2026-07-02 15:16:24,Lab 301 (cam 2),anomaly_suppressed_cooldown,,
2026-07-02 15:16:24,Lab 301 (cam 2),anomaly_suppressed_cooldown,,
2026-07-02 15:16:24,Lab 301 (cam 2),anomaly_suppressed_cooldown,,
2026-07-02 15:16:24,Lab 301 (cam 2),anomaly_suppressed_cooldown,,
2026-07-02 15:16:25,Lab 301 (cam 2),anomaly_suppressed_cooldown,,
2026-07-02 15:16:25,Lab 301 (cam 2),anomaly_suppressed_cooldown,,
2026-07-02 15:16:25,Lab 301 (cam 2),anomaly_suppressed_cooldown,,
2026-07-02 15:16:25,Lab 301 (cam 2),anomaly_suppressed_cooldown,,
2026-07-02 15:16:25,Lab 301 (cam 2),anomaly_suppressed_cooldown,,
2026-07-02 15:16:25,Lab 301 (cam 2),anomaly_suppressed_cooldown,,
2026-07-02 15:16:28,Lab 301 (cam 2),anomaly_suppressed_cooldown,,
2026-07-02 15:16:28,Lab 301 (cam 2),anomaly_suppressed_cooldown,,
2026-07-02 15:16:28,Lab 301 (cam 2),anomaly_suppressed_cooldown,,
2026-07-02 15:16:28,Lab 301 (cam 2),anomaly_suppressed_cooldown,,
2026-07-02 15:16:28,Lab 301 (cam 2),anomaly_suppressed_cooldown,,
2026-07-02 15:16:28,Lab 301 (cam 2),anomaly_suppressed_cooldown,,
2026-07-02 15:16:28,Lab 301 (cam 2),anomaly_suppressed_cooldown,,
2026-07-02 15:16:28,Lab 301 (cam 2),anomaly_suppressed_cooldown,,
2026-07-02 15:16:28,Lab 301 (cam 2),anomaly_suppressed_cooldown,,
2026-07-02 15:16:28,Lab 301 (cam 2),anomaly_suppressed_cooldown,,
2026-07-02 15:16:28,Lab 301 (cam 2),anomaly_suppressed_cooldown,,
2026-07-02 15:16:28,Lab 301 (cam 2),anomaly_suppressed_cooldown,,
2026-07-02 15:16:28,Lab 301 (cam 2),anomaly_suppressed_cooldown,,
2026-07-02 15:16:28,Lab 301 (cam 2),anomaly_suppressed_cooldown,,
2026-07-02 15:16:28,Lab 301 (cam 2),anomaly_suppressed_cooldown,,
2026-07-02 15:16:28,Lab 301 (cam 2),anomaly_suppressed_cooldown,,
2026-07-02 15:16:29,Lab 301 (cam 2),anomaly_suppressed_cooldown,,
2026-07-02 15:16:30,Lab 301 (cam 2),anomaly_suppressed_cooldown,,
2026-07-02 15:16:33,Lab 301 (cam 2),anomaly_suppressed_cooldown,,
2026-07-02 15:16:33,Lab 301 (cam 2),anomaly_suppressed_cooldown,,
2026-07-02 15:16:33,Lab 301 (cam 2),anomaly_suppressed_cooldown,,
2026-07-02 15:16:33,Lab 301 (cam 2),anomaly_suppressed_cooldown,,
2026-07-02 15:16:33,Lab 301 (cam 2),anomaly_suppressed_cooldown,,
2026-07-02 15:16:33,Lab 301 (cam 2),anomaly_suppressed_cooldown,,
2026-07-02 15:16:33,Lab 301 (cam 2),anomaly_suppressed_cooldown,,
2026-07-02 15:16:33,Lab 301 (cam 2),anomaly_suppressed_cooldown,,
2026-07-02 15:16:33,Lab 301 (cam 2),anomaly_suppressed_cooldown,,
2026-07-02 15:16:33,Lab 301 (cam 2),anomaly_suppressed_cooldown,,
2026-07-02 15:16:33,Lab 301 (cam 2),anomaly_suppressed_cooldown,,
2026-07-02 15:16:33,Lab 301 (cam 2),anomaly_suppressed_cooldown,,
2026-07-02 15:16:33,Lab 301 (cam 2),anomaly_suppressed_cooldown,,
2026-07-02 15:16:33,Lab 301 (cam 2),anomaly_suppressed_cooldown,,
2026-07-02 15:16:33,Lab 301 (cam 2),anomaly_suppressed_cooldown,,
2026-07-02 15:16:34,Lab 301 (cam 2),anomaly_suppressed_cooldown,,
2026-07-02 15:16:34,Lab 301 (cam 2),anomaly_suppressed_cooldown,,
2026-07-02 15:16:34,Lab 301 (cam 2),anomaly_suppressed_cooldown,,
2026-07-02 15:16:34,Lab 301 (cam 2),anomaly_suppressed_cooldown,,
2026-07-02 15:16:34,Lab 301 (cam 2),anomaly_suppressed_cooldown,,
2026-07-02 15:16:34,Lab 301 (cam 2),anomaly_suppressed_cooldown,,
2026-07-02 15:16:34,Lab 301 (cam 2),anomaly_suppressed_cooldown,,
2026-07-02 15:16:34,Lab 301 (cam 2),anomaly_suppressed_cooldown,,
2026-07-02 15:16:34,Lab 301 (cam 2),anomaly_suppressed_cooldown,,
2026-07-02 15:16:34,Lab 301 (cam 2),anomaly_suppressed_cooldown,,
2026-07-02 15:16:34,Lab 301 (cam 2),anomaly_suppressed_cooldown,,
2026-07-02 15:16:34,Lab 301 (cam 2),anomaly_suppressed_cooldown,,
2026-07-02 15:16:34,Lab 301 (cam 2),anomaly_suppressed_cooldown,,
2026-07-02 15:16:34,Lab 301 (cam 2),anomaly_suppressed_cooldown,,
2026-07-02 15:16:35,Lab 301 (cam 2),anomaly_suppressed_cooldown,,
2026-07-02 15:16:35,Lab 301 (cam 2),anomaly_suppressed_cooldown,,
2026-07-02 15:16:35,Lab 301 (cam 2),anomaly_suppressed_cooldown,,
2026-07-02 15:16:35,Lab 301 (cam 2),anomaly_suppressed_cooldown,,
2026-07-02 15:16:35,Lab 301 (cam 2),anomaly_suppressed_cooldown,,
2026-07-02 15:16:35,Lab 301 (cam 2),anomaly_suppressed_cooldown,,
2026-07-02 15:16:35,Lab 301 (cam 2),anomaly_suppressed_cooldown,,
2026-07-02 15:16:35,Lab 301 (cam 2),anomaly_suppressed_cooldown,,
2026-07-02 15:16:36,Lab 301 (cam 2),anomaly_suppressed_cooldown,,
2026-07-02 15:16:36,Lab 301 (cam 2),anomaly_suppressed_cooldown,,
2026-07-02 15:16:36,Lab 301 (cam 2),anomaly_suppressed_cooldown,,
2026-07-02 15:16:36,Lab 301 (cam 2),anomaly_suppressed_cooldown,,
2026-07-02 15:16:36,Lab 301 (cam 2),anomaly_suppressed_cooldown,,
2026-07-02 15:16:36,Lab 301 (cam 2),anomaly_suppressed_cooldown,,
2026-07-02 15:16:36,Lab 301 (cam 2),anomaly_suppressed_cooldown,,
2026-07-02 15:16:36,Lab 301 (cam 2),anomaly_suppressed_cooldown,,
2026-07-02 15:16:36,Lab 301 (cam 2),anomaly_suppressed_cooldown,,
2026-07-02 15:16:36,Lab 301 (cam 2),anomaly_suppressed_cooldown,,
2026-07-02 15:16:38,Lab 301 (cam 2),anomaly_suppressed_cooldown,,
2026-07-02 15:16:38,Lab 301 (cam 2),anomaly_suppressed_cooldown,,
2026-07-02 15:16:40,Lab 301 (cam 2),anomaly_suppressed_cooldown,,
2026-07-02 15:16:40,Lab 301 (cam 2),anomaly_suppressed_cooldown,,
2026-07-02 15:16:40,Lab 301 (cam 2),anomaly_suppressed_cooldown,,
2026-07-02 15:16:40,Lab 301 (cam 2),anomaly_suppressed_cooldown,,
2026-07-02 15:16:40,Lab 301 (cam 2),anomaly_suppressed_cooldown,,
2026-07-02 15:16:40,Lab 301 (cam 2),anomaly_suppressed_cooldown,,
2026-07-02 15:16:40,Lab 301 (cam 2),anomaly_suppressed_cooldown,,
2026-07-02 15:16:41,Lab 301 (cam 2),anomaly_suppressed_cooldown,,
2026-07-02 15:16:41,Lab 301 (cam 2),anomaly_suppressed_cooldown,,
2026-07-02 15:16:41,Lab 301 (cam 2),anomaly_suppressed_cooldown,,
2026-07-02 15:16:41,Lab 301 (cam 2),anomaly_suppressed_cooldown,,
2026-07-02 15:16:45,Lab 301 (cam 2),anomaly_suppressed_cooldown,,
2026-07-02 15:16:45,Lab 301 (cam 2),anomaly_suppressed_cooldown,,
2026-07-02 15:16:45,Lab 301 (cam 2),anomaly_suppressed_cooldown,,
2026-07-02 15:16:45,Lab 301 (cam 2),anomaly_suppressed_cooldown,,
2026-07-02 15:16:45,Lab 301 (cam 2),anomaly_suppressed_cooldown,,
2026-07-02 15:16:45,Lab 301 (cam 2),anomaly_suppressed_cooldown,,
2026-07-02 15:16:45,Lab 301 (cam 2),anomaly_suppressed_cooldown,,
2026-07-02 15:16:45,Lab 301 (cam 2),anomaly_suppressed_cooldown,,
2026-07-02 15:16:45,Lab 301 (cam 2),anomaly_suppressed_cooldown,,
2026-07-02 15:16:45,Lab 301 (cam 2),anomaly_suppressed_cooldown,,
2026-07-02 15:16:45,Lab 301 (cam 2),anomaly_suppressed_cooldown,,
2026-07-02 15:16:45,Lab 301 (cam 2),anomaly_suppressed_cooldown,,
2026-07-02 15:16:45,Lab 301 (cam 2),anomaly_suppressed_cooldown,,
2026-07-02 15:16:45,Lab 301 (cam 2),anomaly_suppressed_cooldown,,
2026-07-02 15:16:45,Lab 301 (cam 2),anomaly_suppressed_cooldown,,
2026-07-02 15:16:45,Lab 301 (cam 2),anomaly_suppressed_cooldown,,
2026-07-02 15:16:46,Lab 301 (cam 2),anomaly_suppressed_cooldown,,
2026-07-02 15:16:46,Lab 301 (cam 2),anomaly_suppressed_cooldown,,
2026-07-02 15:16:52,Lab 301 (cam 2),anomaly_suppressed_cooldown,,
2026-07-02 15:16:52,Lab 301 (cam 2),anomaly_suppressed_cooldown,,
2026-07-02 15:16:53,Lab 301 (cam 2),anomaly_suppressed_cooldown,,
2026-07-02 15:16:53,Lab 301 (cam 2),anomaly_suppressed_cooldown,,
2026-07-02 15:16:53,Lab 301 (cam 2),anomaly_suppressed_cooldown,,
2026-07-02 15:16:53,Lab 301 (cam 2),anomaly_suppressed_cooldown,,
2026-07-02 15:16:53,Lab 301 (cam 2),anomaly_suppressed_cooldown,,
2026-07-02 15:16:53,Lab 301 (cam 2),anomaly_suppressed_cooldown,,
2026-07-02 15:16:53,Lab 301 (cam 2),anomaly_suppressed_cooldown,,
2026-07-02 15:16:53,Lab 301 (cam 2),anomaly_suppressed_cooldown,,
2026-07-02 15:16:53,Lab 301 (cam 2),anomaly_suppressed_cooldown,,
2026-07-02 15:16:53,Lab 301 (cam 2),anomaly_suppressed_cooldown,,
2026-07-02 15:16:53,Lab 301 (cam 2),anomaly_suppressed_cooldown,,
2026-07-02 15:16:54,Lab 301 (cam 2),anomaly_suppressed_cooldown,,
2026-07-02 15:16:54,Lab 301 (cam 2),anomaly_suppressed_cooldown,,
2026-07-02 15:16:54,Lab 301 (cam 2),anomaly_suppressed_cooldown,,
2026-07-02 15:16:54,Lab 301 (cam 2),anomaly_suppressed_cooldown,,
2026-07-02 15:16:54,Lab 301 (cam 2),anomaly_suppressed_cooldown,,
2026-07-02 15:16:54,Lab 301 (cam 2),anomaly_suppressed_cooldown,,
2026-07-02 15:16:55,Lab 301 (cam 2),anomaly_suppressed_cooldown,,
2026-07-02 15:16:55,Lab 301 (cam 2),anomaly_suppressed_cooldown,,
2026-07-02 15:16:55,Lab 301 (cam 2),anomaly_suppressed_cooldown,,
2026-07-02 15:16:55,Lab 301 (cam 2),anomaly_suppressed_cooldown,,
2026-07-02 15:16:55,Lab 301 (cam 2),anomaly_suppressed_cooldown,,
2026-07-02 15:16:55,Lab 301 (cam 2),anomaly_suppressed_cooldown,,
2026-07-02 15:16:55,Lab 301 (cam 2),anomaly_suppressed_cooldown,,
2026-07-02 15:16:55,Lab 301 (cam 2),anomaly_suppressed_cooldown,,
2026-07-02 15:16:55,Lab 301 (cam 2),anomaly_suppressed_cooldown,,
2026-07-02 15:16:55,Lab 301 (cam 2),anomaly_suppressed_cooldown,,
2026-07-02 15:16:55,Lab 301 (cam 2),anomaly_suppressed_cooldown,,
2026-07-02 15:16:55,Lab 301 (cam 2),anomaly_suppressed_cooldown,,
2026-07-02 15:16:55,Lab 301 (cam 2),anomaly_suppressed_cooldown,,
2026-07-02 15:16:55,Lab 301 (cam 2),anomaly_suppressed_cooldown,,
2026-07-02 15:16:55,Lab 301 (cam 2),anomaly_suppressed_cooldown,,
2026-07-02 15:16:55,Lab 301 (cam 2),anomaly_suppressed_cooldown,,
2026-07-02 15:16:55,Lab 301 (cam 2),anomaly_suppressed_cooldown,,
2026-07-02 15:16:55,Lab 301 (cam 2),anomaly_suppressed_cooldown,,
2026-07-02 15:16:55,Lab 301 (cam 2),anomaly_suppressed_cooldown,,
2026-07-02 15:16:55,Lab 301 (cam 2),anomaly_suppressed_cooldown,,
2026-07-02 15:16:55,Lab 301 (cam 2),anomaly_suppressed_cooldown,,
2026-07-02 15:16:55,Lab 301 (cam 2),anomaly_suppressed_cooldown,,
2026-07-02 15:16:55,Lab 301 (cam 2),anomaly_suppressed_cooldown,,
2026-07-02 15:16:55,Lab 301 (cam 2),anomaly_suppressed_cooldown,,
2026-07-02 15:16:55,Lab 301 (cam 2),anomaly_suppressed_cooldown,,
2026-07-02 15:16:55,Lab 301 (cam 2),anomaly_suppressed_cooldown,,
2026-07-02 15:16:55,Lab 301 (cam 2),anomaly_suppressed_cooldown,,
2026-07-02 15:16:56,Lab 301 (cam 2),anomaly_suppressed_cooldown,,
2026-07-02 15:16:56,Lab 301 (cam 2),anomaly_suppressed_cooldown,,
2026-07-02 15:16:56,Lab 301 (cam 2),anomaly_suppressed_cooldown,,
2026-07-02 15:16:56,Lab 301 (cam 2),anomaly_suppressed_cooldown,,
2026-07-02 15:16:56,Lab 301 (cam 2),anomaly_suppressed_cooldown,,
2026-07-02 15:16:56,Lab 301 (cam 2),anomaly_suppressed_cooldown,,
2026-07-02 15:16:56,Lab 301 (cam 2),anomaly_suppressed_cooldown,,
2026-07-02 15:16:56,Lab 301 (cam 2),anomaly_suppressed_cooldown,,
2026-07-02 15:16:56,Lab 301 (cam 2),anomaly_suppressed_cooldown,,
2026-07-02 15:16:56,Lab 301 (cam 2),anomaly_suppressed_cooldown,,
2026-07-02 15:16:56,Lab 301 (cam 2),anomaly_suppressed_cooldown,,
2026-07-02 15:16:56,Lab 301 (cam 2),anomaly_suppressed_cooldown,,
2026-07-02 15:16:56,Lab 301 (cam 2),anomaly_suppressed_cooldown,,
2026-07-02 15:16:56,Lab 301 (cam 2),anomaly_suppressed_cooldown,,
2026-07-02 15:16:56,Lab 301 (cam 2),anomaly_suppressed_cooldown,,
2026-07-02 15:16:56,Lab 301 (cam 2),anomaly_suppressed_cooldown,,
2026-07-02 15:16:56,Lab 301 (cam 2),anomaly_suppressed_cooldown,,
2026-07-02 15:16:56,Lab 301 (cam 2),anomaly_suppressed_cooldown,,
2026-07-02 15:16:56,Lab 301 (cam 2),anomaly_suppressed_cooldown,,
2026-07-02 15:16:56,Lab 301 (cam 2),anomaly_suppressed_cooldown,,
2026-07-02 15:16:56,Lab 301 (cam 2),anomaly_suppressed_cooldown,,
2026-07-02 15:16:56,Lab 301 (cam 2),anomaly_suppressed_cooldown,,
2026-07-02 15:16:56,Lab 301 (cam 2),anomaly_suppressed_cooldown,,
2026-07-02 15:16:56,Lab 301 (cam 2),anomaly_suppressed_cooldown,,
2026-07-02 15:16:56,Lab 301 (cam 2),anomaly_suppressed_cooldown,,
2026-07-02 15:16:56,Lab 301 (cam 2),anomaly_suppressed_cooldown,,
2026-07-02 15:16:56,Lab 301 (cam 2),anomaly_suppressed_cooldown,,
2026-07-02 15:16:56,Lab 301 (cam 2),anomaly_suppressed_cooldown,,
2026-07-02 15:16:56,Lab 301 (cam 2),anomaly_suppressed_cooldown,,
2026-07-02 15:16:56,Lab 301 (cam 2),anomaly_suppressed_cooldown,,
2026-07-02 15:16:56,Lab 301 (cam 2),anomaly_suppressed_cooldown,,
2026-07-02 15:16:57,Lab 301 (cam 2),anomaly_suppressed_cooldown,,
2026-07-02 15:16:57,Lab 301 (cam 2),anomaly_suppressed_cooldown,,
2026-07-02 15:16:57,Lab 301 (cam 2),anomaly_suppressed_cooldown,,
2026-07-02 15:16:57,Lab 301 (cam 2),anomaly_suppressed_cooldown,,
2026-07-02 15:16:57,Lab 301 (cam 2),anomaly_suppressed_cooldown,,
2026-07-02 15:16:57,Lab 301 (cam 2),anomaly_suppressed_cooldown,,
2026-07-02 15:16:57,Lab 301 (cam 2),anomaly_suppressed_cooldown,,
2026-07-02 15:16:57,Lab 301 (cam 2),anomaly_suppressed_cooldown,,
2026-07-02 15:16:57,Lab 301 (cam 2),anomaly_suppressed_cooldown,,
2026-07-02 15:16:57,Lab 301 (cam 2),anomaly_suppressed_cooldown,,
2026-07-02 15:16:57,Lab 301 (cam 2),anomaly_suppressed_cooldown,,
2026-07-02 15:16:57,Lab 301 (cam 2),anomaly_suppressed_cooldown,,
2026-07-02 15:16:57,Lab 301 (cam 2),anomaly_suppressed_cooldown,,
2026-07-02 15:16:57,Lab 301 (cam 2),anomaly_suppressed_cooldown,,
2026-07-02 15:16:57,Lab 301 (cam 2),anomaly_suppressed_cooldown,,
2026-07-02 15:16:57,Lab 301 (cam 2),anomaly_suppressed_cooldown,,
2026-07-02 15:16:57,Lab 301 (cam 2),anomaly_suppressed_cooldown,,
2026-07-02 15:16:57,Lab 301 (cam 2),anomaly_suppressed_cooldown,,
2026-07-02 15:16:57,Lab 301 (cam 2),anomaly_suppressed_cooldown,,
2026-07-02 15:16:57,Lab 301 (cam 2),anomaly_suppressed_cooldown,,
2026-07-02 15:16:57,Lab 301 (cam 2),anomaly_suppressed_cooldown,,
2026-07-02 15:16:57,Lab 301 (cam 2),anomaly_suppressed_cooldown,,
2026-07-02 15:16:57,Lab 301 (cam 2),anomaly_suppressed_cooldown,,
2026-07-02 15:16:57,Lab 301 (cam 2),anomaly_suppressed_cooldown,,
2026-07-02 15:16:57,Lab 301 (cam 2),anomaly_suppressed_cooldown,,
2026-07-02 15:16:57,Lab 301 (cam 2),anomaly_suppressed_cooldown,,
2026-07-02 15:16:58,Lab 301 (cam 2),anomaly_suppressed_cooldown,,
2026-07-02 15:16:58,Lab 301 (cam 2),anomaly_suppressed_cooldown,,
2026-07-02 15:16:58,Lab 301 (cam 2),anomaly_suppressed_cooldown,,
2026-07-02 15:16:58,Lab 301 (cam 2),anomaly_suppressed_cooldown,,
2026-07-02 15:16:58,Lab 301 (cam 2),anomaly_suppressed_cooldown,,
2026-07-02 15:16:58,Lab 301 (cam 2),anomaly_suppressed_cooldown,,
2026-07-02 15:16:58,Lab 301 (cam 2),anomaly_suppressed_cooldown,,
2026-07-02 16:15:06,Lab 301 (cam 2),anomaly,,snapshots\Lab_301_(cam_2)_20260702_161506.jpg,,
2026-07-02 16:15:31,Lab 301 (cam 2),anomaly_suppressed_cooldown,,,,
2026-07-02 16:15:31,Lab 301 (cam 2),anomaly_suppressed_cooldown,,,,
2026-07-02 16:15:32,Lab 301 (cam 2),anomaly_suppressed_cooldown,,,,
2026-07-02 16:15:32,Lab 301 (cam 2),anomaly_suppressed_cooldown,,,,
2026-07-02 16:15:32,Lab 301 (cam 2),anomaly_suppressed_cooldown,,,,
2026-07-02 16:15:32,Lab 301 (cam 2),anomaly_suppressed_cooldown,,,,
2026-07-02 16:15:32,Lab 301 (cam 2),anomaly_suppressed_cooldown,,,,
2026-07-02 16:15:32,Lab 301 (cam 2),anomaly_suppressed_cooldown,,,,
2026-07-02 16:15:32,Lab 301 (cam 2),anomaly_suppressed_cooldown,,,,
2026-07-02 16:15:33,Lab 301 (cam 2),anomaly_suppressed_cooldown,,,,
2026-07-02 16:15:33,Lab 301 (cam 2),anomaly_suppressed_cooldown,,,,
2026-07-02 16:15:33,Lab 301 (cam 2),anomaly_suppressed_cooldown,,,,
2026-07-02 16:15:33,Lab 301 (cam 2),anomaly_suppressed_cooldown,,,,
2026-07-02 16:15:33,Lab 301 (cam 2),anomaly_suppressed_cooldown,,,,
2026-07-02 16:15:34,Lab 301 (cam 2),anomaly_suppressed_cooldown,,,,
2026-07-02 16:15:34,Lab 301 (cam 2),anomaly_suppressed_cooldown,,,,
2026-07-02 16:15:34,Lab 301 (cam 2),anomaly_suppressed_cooldown,,,,
2026-07-02 16:15:34,Lab 301 (cam 2),anomaly_suppressed_cooldown,,,,
2026-07-02 16:15:34,Lab 301 (cam 2),anomaly_suppressed_cooldown,,,,
2026-07-02 16:15:34,Lab 301 (cam 2),anomaly_suppressed_cooldown,,,,
2026-07-02 16:15:34,Lab 301 (cam 2),anomaly_suppressed_cooldown,,,,
2026-07-02 16:15:34,Lab 301 (cam 2),anomaly_suppressed_cooldown,,,,
2026-07-02 16:15:34,Lab 301 (cam 2),anomaly_suppressed_cooldown,,,,
2026-07-02 16:15:34,Lab 301 (cam 2),anomaly_suppressed_cooldown,,,,
2026-07-02 16:15:34,Lab 301 (cam 2),anomaly_suppressed_cooldown,,,,
2026-07-02 16:15:34,Lab 301 (cam 2),anomaly_suppressed_cooldown,,,,
2026-07-02 16:15:34,Lab 301 (cam 2),anomaly_suppressed_cooldown,,,,
2026-07-02 16:15:34,Lab 301 (cam 2),anomaly_suppressed_cooldown,,,,
2026-07-02 16:15:34,Lab 301 (cam 2),anomaly_suppressed_cooldown,,,,
2026-07-02 16:15:34,Lab 301 (cam 2),anomaly_suppressed_cooldown,,,,
2026-07-02 16:15:34,Lab 301 (cam 2),anomaly_suppressed_cooldown,,,,
2026-07-02 16:15:34,Lab 301 (cam 2),anomaly_suppressed_cooldown,,,,
2026-07-02 16:15:34,Lab 301 (cam 2),anomaly_suppressed_cooldown,,,,
2026-07-02 16:15:34,Lab 301 (cam 2),anomaly_suppressed_cooldown,,,,
2026-07-02 16:15:34,Lab 301 (cam 2),anomaly_suppressed_cooldown,,,,
2026-07-02 16:15:35,Lab 301 (cam 2),anomaly_suppressed_cooldown,,,,
2026-07-02 16:15:35,Lab 301 (cam 2),anomaly_suppressed_cooldown,,,,
2026-07-02 16:15:35,Lab 301 (cam 2),anomaly_suppressed_cooldown,,,,
2026-07-02 16:15:35,Lab 301 (cam 2),anomaly_suppressed_cooldown,,,,
2026-07-02 16:15:35,Lab 301 (cam 2),anomaly_suppressed_cooldown,,,,
2026-07-02 16:15:35,Lab 301 (cam 2),anomaly_suppressed_cooldown,,,,
2026-07-02 16:15:35,Lab 301 (cam 2),anomaly_suppressed_cooldown,,,,
2026-07-02 16:15:35,Lab 301 (cam 2),anomaly_suppressed_cooldown,,,,
2026-07-02 16:15:35,Lab 301 (cam 2),anomaly_suppressed_cooldown,,,,
2026-07-02 16:15:35,Lab 301 (cam 2),anomaly_suppressed_cooldown,,,,
2026-07-02 16:15:35,Lab 301 (cam 2),anomaly_suppressed_cooldown,,,,
2026-07-02 16:15:35,Lab 301 (cam 2),anomaly_suppressed_cooldown,,,,
2026-07-02 16:15:35,Lab 301 (cam 2),anomaly_suppressed_cooldown,,,,
2026-07-02 16:15:36,Lab 301 (cam 2),anomaly_suppressed_cooldown,,,,
2026-07-02 16:15:36,Lab 301 (cam 2),anomaly_suppressed_cooldown,,,,
2026-07-02 16:15:36,Lab 301 (cam 2),anomaly_suppressed_cooldown,,,,
2026-07-02 16:15:36,Lab 301 (cam 2),anomaly_suppressed_cooldown,,,,
2026-07-02 16:15:36,Lab 301 (cam 2),anomaly_suppressed_cooldown,,,,
2026-07-02 16:15:36,Lab 301 (cam 2),anomaly_suppressed_cooldown,,,,
2026-07-02 16:15:36,Lab 301 (cam 2),anomaly_suppressed_cooldown,,,,
2026-07-02 16:15:36,Lab 301 (cam 2),anomaly_suppressed_cooldown,,,,
2026-07-02 16:15:36,Lab 301 (cam 2),anomaly_suppressed_cooldown,,,,
2026-07-02 16:15:36,Lab 301 (cam 2),anomaly_suppressed_cooldown,,,,
2026-07-02 16:15:36,Lab 301 (cam 2),anomaly_suppressed_cooldown,,,,
2026-07-02 16:15:36,Lab 301 (cam 2),anomaly_suppressed_cooldown,,,,
2026-07-02 16:15:36,Lab 301 (cam 2),anomaly_suppressed_cooldown,,,,
2026-07-02 16:15:36,Lab 301 (cam 2),anomaly_suppressed_cooldown,,,,
2026-07-02 16:15:36,Lab 301 (cam 2),anomaly_suppressed_cooldown,,,,
2026-07-02 16:15:36,Lab 301 (cam 2),anomaly_suppressed_cooldown,,,,
2026-07-02 16:15:36,Lab 301 (cam 2),anomaly_suppressed_cooldown,,,,
2026-07-02 16:15:37,Lab 301 (cam 2),anomaly_suppressed_cooldown,,,,
2026-07-02 16:15:37,Lab 301 (cam 2),anomaly_suppressed_cooldown,,,,
2026-07-02 16:15:37,Lab 301 (cam 2),anomaly_suppressed_cooldown,,,,
2026-07-02 16:15:37,Lab 301 (cam 2),anomaly_suppressed_cooldown,,,,
2026-07-02 16:15:37,Lab 301 (cam 2),anomaly_suppressed_cooldown,,,,
2026-07-02 16:15:37,Lab 301 (cam 2),anomaly_suppressed_cooldown,,,,
2026-07-02 16:15:37,Lab 301 (cam 2),anomaly_suppressed_cooldown,,,,
2026-07-02 16:15:37,Lab 301 (cam 2),anomaly_suppressed_cooldown,,,,
2026-07-02 16:15:37,Lab 301 (cam 2),anomaly_suppressed_cooldown,,,,
2026-07-02 16:15:37,Lab 301 (cam 2),anomaly_suppressed_cooldown,,,,
2026-07-02 16:15:37,Lab 301 (cam 2),anomaly_suppressed_cooldown,,,,
2026-07-02 16:15:37,Lab 301 (cam 2),anomaly_suppressed_cooldown,,,,
2026-07-02 16:15:37,Lab 301 (cam 2),anomaly_suppressed_cooldown,,,,
2026-07-02 16:15:37,Lab 301 (cam 2),anomaly_suppressed_cooldown,,,,
2026-07-02 16:15:37,Lab 301 (cam 2),anomaly_suppressed_cooldown,,,,
2026-07-02 16:15:37,Lab 301 (cam 2),anomaly_suppressed_cooldown,,,,
2026-07-02 16:15:37,Lab 301 (cam 2),anomaly_suppressed_cooldown,,,,
2026-07-02 16:15:37,Lab 301 (cam 2),anomaly_suppressed_cooldown,,,,
2026-07-02 16:15:37,Lab 301 (cam 2),anomaly_suppressed_cooldown,,,,
2026-07-02 16:15:39,Lab 301 (cam 2),anomaly_suppressed_cooldown,,,,
2026-07-02 16:15:39,Lab 301 (cam 2),anomaly_suppressed_cooldown,,,,
2026-07-02 16:15:39,Lab 301 (cam 2),anomaly_suppressed_cooldown,,,,
2026-07-02 16:15:39,Lab 301 (cam 2),anomaly_suppressed_cooldown,,,,
2026-07-02 16:15:39,Lab 301 (cam 2),anomaly_suppressed_cooldown,,,,
2026-07-02 16:15:39,Lab 301 (cam 2),anomaly_suppressed_cooldown,,,,
2026-07-02 16:15:39,Lab 301 (cam 2),anomaly_suppressed_cooldown,,,,
2026-07-02 16:15:39,Lab 301 (cam 2),anomaly_suppressed_cooldown,,,,
2026-07-02 16:15:40,Lab 301 (cam 2),anomaly_suppressed_cooldown,,,,
2026-07-02 16:15:40,Lab 301 (cam 2),anomaly_suppressed_cooldown,,,,
2026-07-02 16:15:40,Lab 301 (cam 2),anomaly_suppressed_cooldown,,,,
2026-07-02 16:15:40,Lab 301 (cam 2),anomaly_suppressed_cooldown,,,,
2026-07-02 16:15:40,Lab 301 (cam 2),anomaly_suppressed_cooldown,,,,
2026-07-02 16:15:40,Lab 301 (cam 2),anomaly_suppressed_cooldown,,,,
2026-07-02 16:15:40,Lab 301 (cam 2),anomaly_suppressed_cooldown,,,,
2026-07-02 16:15:40,Lab 301 (cam 2),anomaly_suppressed_cooldown,,,,
2026-07-02 16:15:40,Lab 301 (cam 2),anomaly_suppressed_cooldown,,,,
2026-07-02 16:15:40,Lab 301 (cam 2),anomaly_suppressed_cooldown,,,,
2026-07-02 16:15:40,Lab 301 (cam 2),anomaly_suppressed_cooldown,,,,
2026-07-02 16:15:40,Lab 301 (cam 2),anomaly_suppressed_cooldown,,,,
2026-07-02 16:15:40,Lab 301 (cam 2),anomaly_suppressed_cooldown,,,,
2026-07-02 16:15:40,Lab 301 (cam 2),anomaly_suppressed_cooldown,,,,
2026-07-02 16:15:40,Lab 301 (cam 2),anomaly_suppressed_cooldown,,,,
2026-07-02 16:15:40,Lab 301 (cam 2),anomaly_suppressed_cooldown,,,,
2026-07-02 16:15:40,Lab 301 (cam 2),anomaly_suppressed_cooldown,,,,
2026-07-02 16:15:40,Lab 301 (cam 2),anomaly_suppressed_cooldown,,,,
2026-07-02 16:15:40,Lab 301 (cam 2),anomaly_suppressed_cooldown,,,,
2026-07-02 16:15:40,Lab 301 (cam 2),anomaly_suppressed_cooldown,,,,
2026-07-02 16:15:40,Lab 301 (cam 2),anomaly_suppressed_cooldown,,,,
2026-07-02 16:15:40,Lab 301 (cam 2),anomaly_suppressed_cooldown,,,,
2026-07-02 16:15:40,Lab 301 (cam 2),anomaly_suppressed_cooldown,,,,
2026-07-02 16:15:40,Lab 301 (cam 2),anomaly_suppressed_cooldown,,,,
2026-07-02 16:15:40,Lab 301 (cam 2),anomaly_suppressed_cooldown,,,,
2026-07-02 16:15:40,Lab 301 (cam 2),anomaly_suppressed_cooldown,,,,
2026-07-02 16:15:41,Lab 301 (cam 2),anomaly_suppressed_cooldown,,,,
2026-07-02 16:15:41,Lab 301 (cam 2),anomaly_suppressed_cooldown,,,,
2026-07-02 16:15:41,Lab 301 (cam 2),anomaly_suppressed_cooldown,,,,
2026-07-02 16:15:41,Lab 301 (cam 2),anomaly_suppressed_cooldown,,,,
2026-07-02 16:15:41,Lab 301 (cam 2),anomaly_suppressed_cooldown,,,,
2026-07-02 16:15:41,Lab 301 (cam 2),anomaly_suppressed_cooldown,,,,
2026-07-02 16:15:41,Lab 301 (cam 2),anomaly_suppressed_cooldown,,,,
2026-07-02 16:15:41,Lab 301 (cam 2),anomaly_suppressed_cooldown,,,,
2026-07-02 16:15:41,Lab 301 (cam 2),anomaly_suppressed_cooldown,,,,
2026-07-02 16:15:41,Lab 301 (cam 2),anomaly_suppressed_cooldown,,,,
2026-07-02 16:15:41,Lab 301 (cam 2),anomaly_suppressed_cooldown,,,,
2026-07-02 16:15:41,Lab 301 (cam 2),anomaly_suppressed_cooldown,,,,
2026-07-02 16:15:41,Lab 301 (cam 2),anomaly_suppressed_cooldown,,,,
2026-07-02 16:15:41,Lab 301 (cam 2),anomaly_suppressed_cooldown,,,,
2026-07-02 16:15:41,Lab 301 (cam 2),anomaly_suppressed_cooldown,,,,
2026-07-02 16:15:41,Lab 301 (cam 2),anomaly_suppressed_cooldown,,,,
2026-07-02 16:15:41,Lab 301 (cam 2),anomaly_suppressed_cooldown,,,,
2026-07-02 16:15:41,Lab 301 (cam 2),anomaly_suppressed_cooldown,,,,
2026-07-02 16:15:41,Lab 301 (cam 2),anomaly_suppressed_cooldown,,,,
2026-07-02 16:15:41,Lab 301 (cam 2),anomaly_suppressed_cooldown,,,,
2026-07-02 16:15:41,Lab 301 (cam 2),anomaly_suppressed_cooldown,,,,
2026-07-02 16:15:41,Lab 301 (cam 2),anomaly_suppressed_cooldown,,,,
2026-07-02 16:15:41,Lab 301 (cam 2),anomaly_suppressed_cooldown,,,,
2026-07-02 16:15:41,Lab 301 (cam 2),anomaly_suppressed_cooldown,,,,
2026-07-02 16:15:41,Lab 301 (cam 2),anomaly_suppressed_cooldown,,,,
2026-07-02 16:15:42,Lab 301 (cam 2),anomaly_suppressed_cooldown,,,,
2026-07-02 16:15:42,Lab 301 (cam 2),anomaly_suppressed_cooldown,,,,
2026-07-02 16:15:42,Lab 301 (cam 2),anomaly_suppressed_cooldown,,,,
2026-07-02 16:15:42,Lab 301 (cam 2),anomaly_suppressed_cooldown,,,,
2026-07-02 16:15:42,Lab 301 (cam 2),anomaly_suppressed_cooldown,,,,
2026-07-02 16:15:42,Lab 301 (cam 2),anomaly_suppressed_cooldown,,,,
2026-07-02 16:15:42,Lab 301 (cam 2),anomaly_suppressed_cooldown,,,,
2026-07-02 16:15:42,Lab 301 (cam 2),anomaly_suppressed_cooldown,,,,
2026-07-02 16:15:42,Lab 301 (cam 2),anomaly_suppressed_cooldown,,,,
2026-07-02 16:15:42,Lab 301 (cam 2),anomaly_suppressed_cooldown,,,,
2026-07-02 16:15:42,Lab 301 (cam 2),anomaly_suppressed_cooldown,,,,
2026-07-02 16:15:42,Lab 301 (cam 2),anomaly_suppressed_cooldown,,,,
2026-07-02 16:15:42,Lab 301 (cam 2),anomaly_suppressed_cooldown,,,,
2026-07-02 16:15:42,Lab 301 (cam 2),anomaly_suppressed_cooldown,,,,
2026-07-02 16:15:42,Lab 301 (cam 2),anomaly_suppressed_cooldown,,,,
2026-07-02 16:15:42,Lab 301 (cam 2),anomaly_suppressed_cooldown,,,,
2026-07-02 16:15:42,Lab 301 (cam 2),anomaly_suppressed_cooldown,,,,
2026-07-02 16:15:42,Lab 301 (cam 2),anomaly_suppressed_cooldown,,,,
2026-07-02 16:15:42,Lab 301 (cam 2),anomaly_suppressed_cooldown,,,,
2026-07-02 16:15:42,Lab 301 (cam 2),anomaly_suppressed_cooldown,,,,
2026-07-02 16:15:42,Lab 301 (cam 2),anomaly_suppressed_cooldown,,,,
2026-07-02 16:15:42,Lab 301 (cam 2),anomaly_suppressed_cooldown,,,,
2026-07-02 16:15:42,Lab 301 (cam 2),anomaly_suppressed_cooldown,,,,
2026-07-02 16:15:42,Lab 301 (cam 2),anomaly_suppressed_cooldown,,,,
2026-07-02 16:15:43,Lab 301 (cam 2),anomaly_suppressed_cooldown,,,,
2026-07-02 16:15:43,Lab 301 (cam 2),anomaly_suppressed_cooldown,,,,
2026-07-02 16:15:43,Lab 301 (cam 2),anomaly_suppressed_cooldown,,,,
2026-07-02 16:15:43,Lab 301 (cam 2),anomaly_suppressed_cooldown,,,,
2026-07-02 16:15:43,Lab 301 (cam 2),anomaly_suppressed_cooldown,,,,
2026-07-02 16:15:43,Lab 301 (cam 2),anomaly_suppressed_cooldown,,,,
2026-07-02 16:15:43,Lab 301 (cam 2),anomaly_suppressed_cooldown,,,,
2026-07-02 16:15:43,Lab 301 (cam 2),anomaly_suppressed_cooldown,,,,
2026-07-02 16:15:43,Lab 301 (cam 2),anomaly_suppressed_cooldown,,,,
2026-07-02 16:15:43,Lab 301 (cam 2),anomaly_suppressed_cooldown,,,,
2026-07-02 16:15:43,Lab 301 (cam 2),anomaly_suppressed_cooldown,,,,
2026-07-02 16:15:43,Lab 301 (cam 2),anomaly_suppressed_cooldown,,,,
2026-07-02 16:15:43,Lab 301 (cam 2),anomaly_suppressed_cooldown,,,,
2026-07-02 16:15:43,Lab 301 (cam 2),anomaly_suppressed_cooldown,,,,
2026-07-02 16:15:43,Lab 301 (cam 2),anomaly_suppressed_cooldown,,,,
2026-07-02 16:15:43,Lab 301 (cam 2),anomaly_suppressed_cooldown,,,,
2026-07-02 16:15:43,Lab 301 (cam 2),anomaly_suppressed_cooldown,,,,
2026-07-02 16:15:43,Lab 301 (cam 2),anomaly_suppressed_cooldown,,,,
2026-07-02 16:15:43,Lab 301 (cam 2),anomaly_suppressed_cooldown,,,,
2026-07-02 16:15:43,Lab 301 (cam 2),anomaly_suppressed_cooldown,,,,
2026-07-02 16:15:43,Lab 301 (cam 2),anomaly_suppressed_cooldown,,,,
2026-07-02 16:15:43,Lab 301 (cam 2),anomaly_suppressed_cooldown,,,,
2026-07-02 16:15:43,Lab 301 (cam 2),anomaly_suppressed_cooldown,,,,
2026-07-02 16:15:43,Lab 301 (cam 2),anomaly_suppressed_cooldown,,,,
2026-07-02 16:15:43,Lab 301 (cam 2),anomaly_suppressed_cooldown,,,,
2026-07-02 16:15:43,Lab 301 (cam 2),anomaly_suppressed_cooldown,,,,
2026-07-02 16:15:44,Lab 301 (cam 2),anomaly_suppressed_cooldown,,,,
2026-07-02 16:15:44,Lab 301 (cam 2),anomaly_suppressed_cooldown,,,,
2026-07-02 16:15:44,Lab 301 (cam 2),anomaly_suppressed_cooldown,,,,
2026-07-02 16:15:44,Lab 301 (cam 2),anomaly_suppressed_cooldown,,,,
2026-07-02 16:15:44,Lab 301 (cam 2),anomaly_suppressed_cooldown,,,,
2026-07-02 16:15:44,Lab 301 (cam 2),anomaly_suppressed_cooldown,,,,
2026-07-02 16:15:44,Lab 301 (cam 2),anomaly_suppressed_cooldown,,,,
2026-07-02 16:15:44,Lab 301 (cam 2),anomaly_suppressed_cooldown,,,,
2026-07-02 16:15:44,Lab 301 (cam 2),anomaly_suppressed_cooldown,,,,
2026-07-02 16:15:44,Lab 301 (cam 2),anomaly_suppressed_cooldown,,,,
2026-07-02 16:15:44,Lab 301 (cam 2),anomaly_suppressed_cooldown,,,,
2026-07-02 16:15:44,Lab 301 (cam 2),anomaly_suppressed_cooldown,,,,
2026-07-02 16:15:44,Lab 301 (cam 2),anomaly_suppressed_cooldown,,,,
2026-07-02 16:15:44,Lab 301 (cam 2),anomaly_suppressed_cooldown,,,,
2026-07-02 16:15:44,Lab 301 (cam 2),anomaly_suppressed_cooldown,,,,
2026-07-02 16:15:44,Lab 301 (cam 2),anomaly_suppressed_cooldown,,,,
2026-07-02 16:15:44,Lab 301 (cam 2),anomaly_suppressed_cooldown,,,,
2026-07-02 16:15:44,Lab 301 (cam 2),anomaly_suppressed_cooldown,,,,
2026-07-02 16:15:44,Lab 301 (cam 2),anomaly_suppressed_cooldown,,,,
2026-07-02 16:15:44,Lab 301 (cam 2),anomaly_suppressed_cooldown,,,,
2026-07-02 16:15:44,Lab 301 (cam 2),anomaly_suppressed_cooldown,,,,
2026-07-02 16:15:44,Lab 301 (cam 2),anomaly_suppressed_cooldown,,,,
2026-07-02 16:15:44,Lab 301 (cam 2),anomaly_suppressed_cooldown,,,,
2026-07-02 16:15:44,Lab 301 (cam 2),anomaly_suppressed_cooldown,,,,
2026-07-02 16:15:44,Lab 301 (cam 2),anomaly_suppressed_cooldown,,,,
2026-07-02 16:15:45,Lab 301 (cam 2),anomaly_suppressed_cooldown,,,,
2026-07-02 16:15:45,Lab 301 (cam 2),anomaly_suppressed_cooldown,,,,
2026-07-02 16:15:45,Lab 301 (cam 2),anomaly_suppressed_cooldown,,,,
2026-07-02 16:15:45,Lab 301 (cam 2),anomaly_suppressed_cooldown,,,,
2026-07-02 16:15:45,Lab 301 (cam 2),anomaly_suppressed_cooldown,,,,
2026-07-02 16:15:45,Lab 301 (cam 2),anomaly_suppressed_cooldown,,,,
2026-07-02 16:15:45,Lab 301 (cam 2),anomaly_suppressed_cooldown,,,,
2026-07-02 16:15:45,Lab 301 (cam 2),anomaly_suppressed_cooldown,,,,
2026-07-02 16:15:45,Lab 301 (cam 2),anomaly_suppressed_cooldown,,,,
2026-07-02 16:15:45,Lab 301 (cam 2),anomaly_suppressed_cooldown,,,,
2026-07-02 16:15:45,Lab 301 (cam 2),anomaly_suppressed_cooldown,,,,
2026-07-02 16:15:45,Lab 301 (cam 2),anomaly_suppressed_cooldown,,,,
2026-07-02 16:15:45,Lab 301 (cam 2),anomaly_suppressed_cooldown,,,,
2026-07-02 16:15:45,Lab 301 (cam 2),anomaly_suppressed_cooldown,,,,
2026-07-02 16:15:45,Lab 301 (cam 2),anomaly_suppressed_cooldown,,,,
2026-07-02 16:15:45,Lab 301 (cam 2),anomaly_suppressed_cooldown,,,,
2026-07-02 16:15:45,Lab 301 (cam 2),anomaly_suppressed_cooldown,,,,
2026-07-02 16:15:45,Lab 301 (cam 2),anomaly_suppressed_cooldown,,,,
2026-07-02 16:15:45,Lab 301 (cam 2),anomaly_suppressed_cooldown,,,,
2026-07-02 16:15:45,Lab 301 (cam 2),anomaly_suppressed_cooldown,,,,
2026-07-02 16:15:45,Lab 301 (cam 2),anomaly_suppressed_cooldown,,,,
2026-07-02 16:15:45,Lab 301 (cam 2),anomaly_suppressed_cooldown,,,,
2026-07-02 16:15:45,Lab 301 (cam 2),anomaly_suppressed_cooldown,,,,
2026-07-02 16:15:45,Lab 301 (cam 2),anomaly_suppressed_cooldown,,,,
2026-07-02 16:15:45,Lab 301 (cam 2),anomaly_suppressed_cooldown,,,,
2026-07-02 16:15:45,Lab 301 (cam 2),anomaly_suppressed_cooldown,,,,
2026-07-02 16:15:46,Lab 301 (cam 2),anomaly_suppressed_cooldown,,,,
2026-07-02 16:15:46,Lab 301 (cam 2),anomaly_suppressed_cooldown,,,,
2026-07-02 16:15:46,Lab 301 (cam 2),anomaly_suppressed_cooldown,,,,
2026-07-02 16:15:46,Lab 301 (cam 2),anomaly_suppressed_cooldown,,,,
2026-07-02 16:15:46,Lab 301 (cam 2),anomaly_suppressed_cooldown,,,,
2026-07-02 16:15:46,Lab 301 (cam 2),anomaly_suppressed_cooldown,,,,
2026-07-02 16:15:46,Lab 301 (cam 2),anomaly_suppressed_cooldown,,,,
2026-07-02 16:15:46,Lab 301 (cam 2),anomaly_suppressed_cooldown,,,,
2026-07-02 16:15:46,Lab 301 (cam 2),anomaly_suppressed_cooldown,,,,
2026-07-02 16:15:46,Lab 301 (cam 2),anomaly_suppressed_cooldown,,,,
2026-07-02 16:15:46,Lab 301 (cam 2),anomaly_suppressed_cooldown,,,,
2026-07-02 16:15:46,Lab 301 (cam 2),anomaly_suppressed_cooldown,,,,
2026-07-02 16:15:46,Lab 301 (cam 2),anomaly_suppressed_cooldown,,,,
2026-07-02 16:15:46,Lab 301 (cam 2),anomaly_suppressed_cooldown,,,,
2026-07-02 16:15:46,Lab 301 (cam 2),anomaly_suppressed_cooldown,,,,
2026-07-02 16:15:46,Lab 301 (cam 2),anomaly_suppressed_cooldown,,,,
2026-07-02 16:15:46,Lab 301 (cam 2),anomaly_suppressed_cooldown,,,,
2026-07-02 16:15:46,Lab 301 (cam 2),anomaly_suppressed_cooldown,,,,
2026-07-02 16:15:46,Lab 301 (cam 2),anomaly_suppressed_cooldown,,,,
2026-07-02 16:15:46,Lab 301 (cam 2),anomaly_suppressed_cooldown,,,,
2026-07-02 16:15:46,Lab 301 (cam 2),anomaly_suppressed_cooldown,,,,
2026-07-02 16:15:46,Lab 301 (cam 2),anomaly_suppressed_cooldown,,,,
2026-07-02 16:15:46,Lab 301 (cam 2),anomaly_suppressed_cooldown,,,,
2026-07-02 16:15:46,Lab 301 (cam 2),anomaly_suppressed_cooldown,,,,
2026-07-02 16:15:46,Lab 301 (cam 2),anomaly_suppressed_cooldown,,,,
2026-07-02 16:15:46,Lab 301 (cam 2),anomaly_suppressed_cooldown,,,,
2026-07-02 16:15:47,Lab 301 (cam 2),anomaly_suppressed_cooldown,,,,
2026-07-02 16:15:47,Lab 301 (cam 2),anomaly_suppressed_cooldown,,,,
2026-07-02 16:15:47,Lab 301 (cam 2),anomaly_suppressed_cooldown,,,,
2026-07-02 16:15:47,Lab 301 (cam 2),anomaly_suppressed_cooldown,,,,
2026-07-02 16:15:47,Lab 301 (cam 2),anomaly_suppressed_cooldown,,,,
2026-07-02 16:15:47,Lab 301 (cam 2),anomaly_suppressed_cooldown,,,,
2026-07-02 16:15:47,Lab 301 (cam 2),anomaly_suppressed_cooldown,,,,
2026-07-02 16:15:47,Lab 301 (cam 2),anomaly_suppressed_cooldown,,,,
2026-07-02 16:15:47,Lab 301 (cam 2),anomaly_suppressed_cooldown,,,,
2026-07-02 16:15:47,Lab 301 (cam 2),anomaly_suppressed_cooldown,,,,
2026-07-02 16:15:47,Lab 301 (cam 2),anomaly_suppressed_cooldown,,,,
2026-07-02 16:15:47,Lab 301 (cam 2),anomaly_suppressed_cooldown,,,,
2026-07-02 16:15:47,Lab 301 (cam 2),anomaly_suppressed_cooldown,,,,
2026-07-02 16:15:47,Lab 301 (cam 2),anomaly_suppressed_cooldown,,,,
2026-07-02 16:15:47,Lab 301 (cam 2),anomaly_suppressed_cooldown,,,,
2026-07-02 16:15:47,Lab 301 (cam 2),anomaly_suppressed_cooldown,,,,
2026-07-02 16:15:47,Lab 301 (cam 2),anomaly_suppressed_cooldown,,,,
2026-07-02 16:15:47,Lab 301 (cam 2),anomaly_suppressed_cooldown,,,,
2026-07-02 16:15:47,Lab 301 (cam 2),anomaly_suppressed_cooldown,,,,
2026-07-02 16:15:47,Lab 301 (cam 2),anomaly_suppressed_cooldown,,,,
2026-07-02 16:15:47,Lab 301 (cam 2),anomaly_suppressed_cooldown,,,,
2026-07-02 16:15:47,Lab 301 (cam 2),anomaly_suppressed_cooldown,,,,
2026-07-02 16:15:47,Lab 301 (cam 2),anomaly_suppressed_cooldown,,,,
2026-07-02 16:15:47,Lab 301 (cam 2),anomaly_suppressed_cooldown,,,,
2026-07-02 16:15:47,Lab 301 (cam 2),anomaly_suppressed_cooldown,,,,
2026-07-02 16:15:47,Lab 301 (cam 2),anomaly_suppressed_cooldown,,,,
2026-07-02 16:15:48,Lab 301 (cam 2),anomaly_suppressed_cooldown,,,,
2026-07-02 16:15:48,Lab 301 (cam 2),anomaly_suppressed_cooldown,,,,
2026-07-02 16:15:48,Lab 301 (cam 2),anomaly_suppressed_cooldown,,,,
2026-07-02 16:15:48,Lab 301 (cam 2),anomaly_suppressed_cooldown,,,,
2026-07-02 16:15:48,Lab 301 (cam 2),anomaly_suppressed_cooldown,,,,
2026-07-02 16:15:48,Lab 301 (cam 2),anomaly_suppressed_cooldown,,,,
2026-07-02 16:15:48,Lab 301 (cam 2),anomaly_suppressed_cooldown,,,,
2026-07-02 16:15:48,Lab 301 (cam 2),anomaly_suppressed_cooldown,,,,
2026-07-02 16:15:48,Lab 301 (cam 2),anomaly_suppressed_cooldown,,,,
2026-07-02 16:15:48,Lab 301 (cam 2),anomaly_suppressed_cooldown,,,,
2026-07-02 16:15:48,Lab 301 (cam 2),anomaly_suppressed_cooldown,,,,
2026-07-02 16:15:48,Lab 301 (cam 2),anomaly_suppressed_cooldown,,,,
2026-07-02 16:15:48,Lab 301 (cam 2),anomaly_suppressed_cooldown,,,,
2026-07-02 16:15:48,Lab 301 (cam 2),anomaly_suppressed_cooldown,,,,
2026-07-02 16:15:53,Lab 301 (cam 2),anomaly_suppressed_cooldown,,,,
2026-07-02 16:15:53,Lab 301 (cam 2),anomaly_suppressed_cooldown,,,,
2026-07-02 16:15:53,Lab 301 (cam 2),anomaly_suppressed_cooldown,,,,
2026-07-02 16:15:53,Lab 301 (cam 2),anomaly_suppressed_cooldown,,,,
2026-07-02 16:16:02,Lab 301 (cam 2),anomaly_suppressed_cooldown,,,,
2026-07-02 16:16:02,Lab 301 (cam 2),anomaly_suppressed_cooldown,,,,
2026-07-02 16:16:02,Lab 301 (cam 2),anomaly_suppressed_cooldown,,,,
2026-07-02 16:16:02,Lab 301 (cam 2),anomaly_suppressed_cooldown,,,,
2026-07-02 16:16:02,Lab 301 (cam 2),anomaly_suppressed_cooldown,,,,
2026-07-02 16:16:02,Lab 301 (cam 2),anomaly_suppressed_cooldown,,,,
2026-07-02 16:16:02,Lab 301 (cam 2),anomaly_suppressed_cooldown,,,,
2026-07-02 16:17:17,Lab 301 (cam 2),anomaly,,snapshots\Lab_301_(cam_2)_20260702_161717.jpg,,
2026-07-02 16:17:19,Lab 301 (cam 2),anomaly_suppressed_cooldown,,,,
2026-07-02 16:17:22,Lab 301 (cam 2),anomaly_suppressed_cooldown,,,,
2026-07-02 16:17:22,Lab 301 (cam 2),anomaly_suppressed_cooldown,,,,
2026-07-02 16:17:22,Lab 301 (cam 2),anomaly_suppressed_cooldown,,,,
2026-07-02 16:17:22,Lab 301 (cam 2),anomaly_suppressed_cooldown,,,,
2026-07-02 16:17:22,Lab 301 (cam 2),anomaly_suppressed_cooldown,,,,
2026-07-02 16:17:22,Lab 301 (cam 2),anomaly_suppressed_cooldown,,,,
2026-07-02 16:17:22,Lab 301 (cam 2),anomaly_suppressed_cooldown,,,,
2026-07-02 16:17:22,Lab 301 (cam 2),anomaly_suppressed_cooldown,,,,
2026-07-02 16:17:22,Lab 301 (cam 2),anomaly_suppressed_cooldown,,,,
2026-07-02 16:17:22,Lab 301 (cam 2),anomaly_suppressed_cooldown,,,,
2026-07-02 16:17:22,Lab 301 (cam 2),anomaly_suppressed_cooldown,,,,
2026-07-02 16:17:22,Lab 301 (cam 2),anomaly_suppressed_cooldown,,,,
2026-07-02 16:17:22,Lab 301 (cam 2),anomaly_suppressed_cooldown,,,,
2026-07-02 16:17:22,Lab 301 (cam 2),anomaly_suppressed_cooldown,,,,
2026-07-02 16:17:22,Lab 301 (cam 2),anomaly_suppressed_cooldown,,,,
2026-07-02 16:17:22,Lab 301 (cam 2),anomaly_suppressed_cooldown,,,,
2026-07-02 16:17:22,Lab 301 (cam 2),anomaly_suppressed_cooldown,,,,
2026-07-02 16:17:23,Lab 301 (cam 2),anomaly_suppressed_cooldown,,,,
2026-07-02 16:17:23,Lab 301 (cam 2),anomaly_suppressed_cooldown,,,,
2026-07-02 16:17:23,Lab 301 (cam 2),anomaly_suppressed_cooldown,,,,
2026-07-02 16:17:23,Lab 301 (cam 2),anomaly_suppressed_cooldown,,,,
2026-07-02 16:17:23,Lab 301 (cam 2),anomaly_suppressed_cooldown,,,,
2026-07-02 16:17:23,Lab 301 (cam 2),anomaly_suppressed_cooldown,,,,
2026-07-02 16:17:23,Lab 301 (cam 2),anomaly_suppressed_cooldown,,,,
2026-07-02 16:17:23,Lab 301 (cam 2),anomaly_suppressed_cooldown,,,,
2026-07-02 16:17:23,Lab 301 (cam 2),anomaly_suppressed_cooldown,,,,
2026-07-02 16:17:23,Lab 301 (cam 2),anomaly_suppressed_cooldown,,,,
2026-07-02 16:17:23,Lab 301 (cam 2),anomaly_suppressed_cooldown,,,,
2026-07-02 16:17:23,Lab 301 (cam 2),anomaly_suppressed_cooldown,,,,
2026-07-02 16:17:23,Lab 301 (cam 2),anomaly_suppressed_cooldown,,,,
2026-07-02 16:17:23,Lab 301 (cam 2),anomaly_suppressed_cooldown,,,,
2026-07-02 16:17:23,Lab 301 (cam 2),anomaly_suppressed_cooldown,,,,
2026-07-02 16:17:23,Lab 301 (cam 2),anomaly_suppressed_cooldown,,,,
2026-07-02 16:17:23,Lab 301 (cam 2),anomaly_suppressed_cooldown,,,,
2026-07-02 16:17:23,Lab 301 (cam 2),anomaly_suppressed_cooldown,,,,
2026-07-02 16:17:23,Lab 301 (cam 2),anomaly_suppressed_cooldown,,,,
2026-07-02 16:17:23,Lab 301 (cam 2),anomaly_suppressed_cooldown,,,,
2026-07-02 16:17:23,Lab 301 (cam 2),anomaly_suppressed_cooldown,,,,
2026-07-02 16:17:23,Lab 301 (cam 2),anomaly_suppressed_cooldown,,,,
2026-07-02 16:17:23,Lab 301 (cam 2),anomaly_suppressed_cooldown,,,,
2026-07-02 16:17:24,Lab 301 (cam 2),anomaly_suppressed_cooldown,,,,
2026-07-02 16:17:24,Lab 301 (cam 2),anomaly_suppressed_cooldown,,,,
2026-07-02 16:17:24,Lab 301 (cam 2),anomaly_suppressed_cooldown,,,,
2026-07-02 16:17:24,Lab 301 (cam 2),anomaly_suppressed_cooldown,,,,
2026-07-02 16:17:24,Lab 301 (cam 2),anomaly_suppressed_cooldown,,,,
2026-07-02 16:17:24,Lab 301 (cam 2),anomaly_suppressed_cooldown,,,,
2026-07-02 16:17:24,Lab 301 (cam 2),anomaly_suppressed_cooldown,,,,
2026-07-02 16:17:24,Lab 301 (cam 2),anomaly_suppressed_cooldown,,,,
2026-07-02 16:17:24,Lab 301 (cam 2),anomaly_suppressed_cooldown,,,,
2026-07-02 16:17:24,Lab 301 (cam 2),anomaly_suppressed_cooldown,,,,
2026-07-02 16:17:24,Lab 301 (cam 2),anomaly_suppressed_cooldown,,,,
2026-07-02 16:17:24,Lab 301 (cam 2),anomaly_suppressed_cooldown,,,,
2026-07-02 16:17:24,Lab 301 (cam 2),anomaly_suppressed_cooldown,,,,
2026-07-02 16:17:24,Lab 301 (cam 2),anomaly_suppressed_cooldown,,,,
2026-07-02 16:17:24,Lab 301 (cam 2),anomaly_suppressed_cooldown,,,,
2026-07-02 16:17:24,Lab 301 (cam 2),anomaly_suppressed_cooldown,,,,
2026-07-02 16:17:24,Lab 301 (cam 2),anomaly_suppressed_cooldown,,,,
2026-07-02 16:17:24,Lab 301 (cam 2),anomaly_suppressed_cooldown,,,,
2026-07-02 16:17:24,Lab 301 (cam 2),anomaly_suppressed_cooldown,,,,
2026-07-02 16:17:24,Lab 301 (cam 2),anomaly_suppressed_cooldown,,,,
2026-07-02 16:17:25,Lab 301 (cam 2),anomaly_suppressed_cooldown,,,,
2026-07-02 16:17:25,Lab 301 (cam 2),anomaly_suppressed_cooldown,,,,
2026-07-02 16:17:34,Lab 301 (cam 2),anomaly_suppressed_cooldown,,,,
2026-07-02 16:17:34,Lab 301 (cam 2),anomaly_suppressed_cooldown,,,,
2026-07-02 16:17:34,Lab 301 (cam 2),anomaly_suppressed_cooldown,,,,
2026-07-02 16:17:34,Lab 301 (cam 2),anomaly_suppressed_cooldown,,,,
2026-07-02 16:17:34,Lab 301 (cam 2),anomaly_suppressed_cooldown,,,,
2026-07-02 16:17:34,Lab 301 (cam 2),anomaly_suppressed_cooldown,,,,
2026-07-02 16:17:34,Lab 301 (cam 2),anomaly_suppressed_cooldown,,,,
2026-07-07 15:14:09,Lab 301 (cam 2),anomaly,,snapshots\Lab_301_(cam_2)_20260707_151409.jpg,,
2026-07-07 15:14:51,Lab 301 (cam 2),anomaly_suppressed_cooldown,,,,
2026-07-07 15:14:51,Lab 301 (cam 2),anomaly_suppressed_cooldown,,,,
2026-07-07 15:14:51,Lab 301 (cam 2),anomaly_suppressed_cooldown,,,,
2026-07-07 15:14:51,Lab 301 (cam 2),anomaly_suppressed_cooldown,,,,
2026-07-07 15:14:51,Lab 301 (cam 2),anomaly_suppressed_cooldown,,,,
2026-07-07 15:14:52,Lab 301 (cam 2),anomaly_suppressed_cooldown,,,,
2026-07-07 15:14:52,Lab 301 (cam 2),anomaly_suppressed_cooldown,,,,
2026-07-07 15:14:52,Lab 301 (cam 2),anomaly_suppressed_cooldown,,,,
2026-07-07 15:14:52,Lab 301 (cam 2),anomaly_suppressed_cooldown,,,,
2026-07-07 15:14:52,Lab 301 (cam 2),anomaly_suppressed_cooldown,,,,
2026-07-07 15:14:52,Lab 301 (cam 2),anomaly_suppressed_cooldown,,,,
2026-07-07 15:14:52,Lab 301 (cam 2),anomaly_suppressed_cooldown,,,,
2026-07-07 15:14:52,Lab 301 (cam 2),anomaly_suppressed_cooldown,,,,
2026-07-07 15:14:52,Lab 301 (cam 2),anomaly_suppressed_cooldown,,,,
2026-07-07 15:14:52,Lab 301 (cam 2),anomaly_suppressed_cooldown,,,,
2026-07-07 15:14:52,Lab 301 (cam 2),anomaly_suppressed_cooldown,,,,
2026-07-07 15:14:52,Lab 301 (cam 2),anomaly_suppressed_cooldown,,,,
2026-07-07 15:14:52,Lab 301 (cam 2),anomaly_suppressed_cooldown,,,,
2026-07-07 15:14:52,Lab 301 (cam 2),anomaly_suppressed_cooldown,,,,
2026-07-07 15:14:52,Lab 301 (cam 2),anomaly_suppressed_cooldown,,,,
2026-07-07 15:14:52,Lab 301 (cam 2),anomaly_suppressed_cooldown,,,,
2026-07-07 15:14:52,Lab 301 (cam 2),anomaly_suppressed_cooldown,,,,
2026-07-07 15:14:52,Lab 301 (cam 2),anomaly_suppressed_cooldown,,,,
2026-07-07 15:14:52,Lab 301 (cam 2),anomaly_suppressed_cooldown,,,,
2026-07-07 15:14:52,Lab 301 (cam 2),anomaly_suppressed_cooldown,,,,
2026-07-07 15:14:52,Lab 301 (cam 2),anomaly_suppressed_cooldown,,,,
2026-07-07 15:14:52,Lab 301 (cam 2),anomaly_suppressed_cooldown,,,,
2026-07-07 15:14:53,Lab 301 (cam 2),anomaly_suppressed_cooldown,,,,
2026-07-07 15:14:53,Lab 301 (cam 2),anomaly_suppressed_cooldown,,,,
2026-07-07 15:14:53,Lab 301 (cam 2),anomaly_suppressed_cooldown,,,,
2026-07-07 15:14:53,Lab 301 (cam 2),anomaly_suppressed_cooldown,,,,
2026-07-07 15:14:53,Lab 301 (cam 2),anomaly_suppressed_cooldown,,,,
2026-07-07 15:14:53,Lab 301 (cam 2),anomaly_suppressed_cooldown,,,,
2026-07-07 15:14:53,Lab 301 (cam 2),anomaly_suppressed_cooldown,,,,
2026-07-07 15:14:53,Lab 301 (cam 2),anomaly_suppressed_cooldown,,,,
2026-07-07 15:14:53,Lab 301 (cam 2),anomaly_suppressed_cooldown,,,,
2026-07-07 15:14:53,Lab 301 (cam 2),anomaly_suppressed_cooldown,,,,
2026-07-07 15:14:53,Lab 301 (cam 2),anomaly_suppressed_cooldown,,,,
2026-07-07 15:14:53,Lab 301 (cam 2),anomaly_suppressed_cooldown,,,,
2026-07-07 15:14:53,Lab 301 (cam 2),anomaly_suppressed_cooldown,,,,
2026-07-07 15:14:53,Lab 301 (cam 2),anomaly_suppressed_cooldown,,,,
2026-07-07 15:14:53,Lab 301 (cam 2),anomaly_suppressed_cooldown,,,,
2026-07-07 15:14:55,Lab 301 (cam 2),anomaly_suppressed_cooldown,,,,
2026-07-07 15:14:55,Lab 301 (cam 2),anomaly_suppressed_cooldown,,,,
2026-07-07 15:14:55,Lab 301 (cam 2),anomaly_suppressed_cooldown,,,,
2026-07-07 15:14:55,Lab 301 (cam 2),anomaly_suppressed_cooldown,,,,
2026-07-07 15:14:55,Lab 301 (cam 2),anomaly_suppressed_cooldown,,,,
2026-07-07 15:14:55,Lab 301 (cam 2),anomaly_suppressed_cooldown,,,,
2026-07-07 15:14:55,Lab 301 (cam 2),anomaly_suppressed_cooldown,,,,
2026-07-07 15:14:55,Lab 301 (cam 2),anomaly_suppressed_cooldown,,,,
2026-07-07 15:14:55,Lab 301 (cam 2),anomaly_suppressed_cooldown,,,,
2026-07-07 15:14:55,Lab 301 (cam 2),anomaly_suppressed_cooldown,,,,
2026-07-07 15:14:55,Lab 301 (cam 2),anomaly_suppressed_cooldown,,,,
2026-07-07 15:14:55,Lab 301 (cam 2),anomaly_suppressed_cooldown,,,,
2026-07-07 15:14:55,Lab 301 (cam 2),anomaly_suppressed_cooldown,,,,
2026-07-07 15:14:55,Lab 301 (cam 2),anomaly_suppressed_cooldown,,,,
2026-07-07 15:14:55,Lab 301 (cam 2),anomaly_suppressed_cooldown,,,,
2026-07-07 15:14:55,Lab 301 (cam 2),anomaly_suppressed_cooldown,,,,
2026-07-07 15:14:55,Lab 301 (cam 2),anomaly_suppressed_cooldown,,,,
2026-07-07 15:14:55,Lab 301 (cam 2),anomaly_suppressed_cooldown,,,,
2026-07-07 15:14:55,Lab 301 (cam 2),anomaly_suppressed_cooldown,,,,
2026-07-07 15:14:55,Lab 301 (cam 2),anomaly_suppressed_cooldown,,,,
2026-07-07 15:14:56,Lab 301 (cam 2),anomaly_suppressed_cooldown,,,,
2026-07-07 15:14:56,Lab 301 (cam 2),anomaly_suppressed_cooldown,,,,
2026-07-07 15:14:56,Lab 301 (cam 2),anomaly_suppressed_cooldown,,,,
2026-07-07 15:14:56,Lab 301 (cam 2),anomaly_suppressed_cooldown,,,,
2026-07-07 15:14:56,Lab 301 (cam 2),anomaly_suppressed_cooldown,,,,
2026-07-07 15:14:56,Lab 301 (cam 2),anomaly_suppressed_cooldown,,,,
2026-07-07 15:14:56,Lab 301 (cam 2),anomaly_suppressed_cooldown,,,,
2026-07-07 15:14:56,Lab 301 (cam 2),anomaly_suppressed_cooldown,,,,
2026-07-07 15:14:56,Lab 301 (cam 2),anomaly_suppressed_cooldown,,,,
2026-07-07 15:14:56,Lab 301 (cam 2),anomaly_suppressed_cooldown,,,,
2026-07-07 15:14:56,Lab 301 (cam 2),anomaly_suppressed_cooldown,,,,
2026-07-07 15:14:56,Lab 301 (cam 2),anomaly_suppressed_cooldown,,,,
2026-07-07 15:14:56,Lab 301 (cam 2),anomaly_suppressed_cooldown,,,,
2026-07-07 15:14:56,Lab 301 (cam 2),anomaly_suppressed_cooldown,,,,
2026-07-07 15:14:56,Lab 301 (cam 2),anomaly_suppressed_cooldown,,,,
2026-07-07 15:14:56,Lab 301 (cam 2),anomaly_suppressed_cooldown,,,,
2026-07-07 15:14:56,Lab 301 (cam 2),anomaly_suppressed_cooldown,,,,
2026-07-07 15:14:56,Lab 301 (cam 2),anomaly_suppressed_cooldown,,,,
2026-07-07 15:14:56,Lab 301 (cam 2),anomaly_suppressed_cooldown,,,,
2026-07-07 15:14:56,Lab 301 (cam 2),anomaly_suppressed_cooldown,,,,
2026-07-07 15:14:56,Lab 301 (cam 2),anomaly_suppressed_cooldown,,,,
2026-07-07 15:14:56,Lab 301 (cam 2),anomaly_suppressed_cooldown,,,,
2026-07-07 15:14:56,Lab 301 (cam 2),anomaly_suppressed_cooldown,,,,
2026-07-07 15:14:56,Lab 301 (cam 2),anomaly_suppressed_cooldown,,,,
2026-07-07 15:14:56,Lab 301 (cam 2),anomaly_suppressed_cooldown,,,,
2026-07-07 15:14:56,Lab 301 (cam 2),anomaly_suppressed_cooldown,,,,
2026-07-07 15:14:56,Lab 301 (cam 2),anomaly_suppressed_cooldown,,,,
2026-07-07 15:14:56,Lab 301 (cam 2),anomaly_suppressed_cooldown,,,,
2026-07-07 15:14:57,Lab 301 (cam 2),anomaly_suppressed_cooldown,,,,
2026-07-07 15:14:57,Lab 301 (cam 2),anomaly_suppressed_cooldown,,,,
2026-07-07 15:14:57,Lab 301 (cam 2),anomaly_suppressed_cooldown,,,,
2026-07-07 15:14:57,Lab 301 (cam 2),anomaly_suppressed_cooldown,,,,
2026-07-07 15:14:57,Lab 301 (cam 2),anomaly_suppressed_cooldown,,,,
2026-07-07 15:14:57,Lab 301 (cam 2),anomaly_suppressed_cooldown,,,,
2026-07-07 15:14:57,Lab 301 (cam 2),anomaly_suppressed_cooldown,,,,
2026-07-07 15:14:57,Lab 301 (cam 2),anomaly_suppressed_cooldown,,,,
2026-07-07 15:14:57,Lab 301 (cam 2),anomaly_suppressed_cooldown,,,,
2026-07-07 15:14:58,Lab 301 (cam 2),anomaly_suppressed_cooldown,,,,
2026-07-07 15:14:58,Lab 301 (cam 2),anomaly_suppressed_cooldown,,,,
2026-07-07 15:14:58,Lab 301 (cam 2),anomaly_suppressed_cooldown,,,,
2026-07-07 15:14:58,Lab 301 (cam 2),anomaly_suppressed_cooldown,,,,
2026-07-07 15:14:58,Lab 301 (cam 2),anomaly_suppressed_cooldown,,,,
2026-07-07 15:14:58,Lab 301 (cam 2),anomaly_suppressed_cooldown,,,,
2026-07-07 15:14:58,Lab 301 (cam 2),anomaly_suppressed_cooldown,,,,
2026-07-07 15:14:58,Lab 301 (cam 2),anomaly_suppressed_cooldown,,,,
2026-07-07 15:14:58,Lab 301 (cam 2),anomaly_suppressed_cooldown,,,,
2026-07-07 15:14:58,Lab 301 (cam 2),anomaly_suppressed_cooldown,,,,
2026-07-07 15:14:58,Lab 301 (cam 2),anomaly_suppressed_cooldown,,,,
2026-07-07 15:14:58,Lab 301 (cam 2),anomaly_suppressed_cooldown,,,,
2026-07-07 15:14:58,Lab 301 (cam 2),anomaly_suppressed_cooldown,,,,
2026-07-07 15:14:58,Lab 301 (cam 2),anomaly_suppressed_cooldown,,,,
2026-07-07 15:14:58,Lab 301 (cam 2),anomaly_suppressed_cooldown,,,,
2026-07-07 15:14:58,Lab 301 (cam 2),anomaly_suppressed_cooldown,,,,
2026-07-07 15:14:58,Lab 301 (cam 2),anomaly_suppressed_cooldown,,,,
2026-07-07 15:14:58,Lab 301 (cam 2),anomaly_suppressed_cooldown,,,,
2026-07-07 15:14:58,Lab 301 (cam 2),anomaly_suppressed_cooldown,,,,
2026-07-07 15:14:58,Lab 301 (cam 2),anomaly_suppressed_cooldown,,,,
2026-07-07 15:14:58,Lab 301 (cam 2),anomaly_suppressed_cooldown,,,,
2026-07-07 15:14:58,Lab 301 (cam 2),anomaly_suppressed_cooldown,,,,
2026-07-07 15:14:59,Lab 301 (cam 2),anomaly_suppressed_cooldown,,,,
2026-07-07 15:14:59,Lab 301 (cam 2),anomaly_suppressed_cooldown,,,,
2026-07-07 15:14:59,Lab 301 (cam 2),anomaly_suppressed_cooldown,,,,
2026-07-07 15:14:59,Lab 301 (cam 2),anomaly_suppressed_cooldown,,,,
2026-07-07 15:14:59,Lab 301 (cam 2),anomaly_suppressed_cooldown,,,,
2026-07-07 15:14:59,Lab 301 (cam 2),anomaly_suppressed_cooldown,,,,
2026-07-07 15:15:00,Lab 301 (cam 1),camera_offline,,,,
2026-07-07 15:15:00,Lab 301 (cam 2),anomaly_suppressed_cooldown,,,,
2026-07-07 15:15:01,Lab 301 (cam 2),anomaly_suppressed_cooldown,,,,
2026-07-07 15:15:01,Lab 301 (cam 2),anomaly_suppressed_cooldown,,,,
2026-07-07 15:15:01,Lab 301 (cam 2),anomaly_suppressed_cooldown,,,,
2026-07-07 15:15:01,Lab 301 (cam 2),anomaly_suppressed_cooldown,,,,
2026-07-07 15:15:01,Lab 301 (cam 2),anomaly_suppressed_cooldown,,,,
2026-07-07 15:15:01,Lab 301 (cam 2),anomaly_suppressed_cooldown,,,,
2026-07-07 15:15:01,Lab 301 (cam 2),anomaly_suppressed_cooldown,,,,
2026-07-07 15:15:01,Lab 301 (cam 2),anomaly_suppressed_cooldown,,,,
2026-07-07 15:15:01,Lab 301 (cam 2),anomaly_suppressed_cooldown,,,,
2026-07-07 15:15:01,Lab 301 (cam 2),anomaly_suppressed_cooldown,,,,
2026-07-07 15:15:01,Lab 301 (cam 2),anomaly_suppressed_cooldown,,,,
2026-07-07 15:15:01,Lab 301 (cam 2),anomaly_suppressed_cooldown,,,,
2026-07-07 15:15:01,Lab 301 (cam 2),anomaly_suppressed_cooldown,,,,
2026-07-07 15:15:01,Lab 301 (cam 2),anomaly_suppressed_cooldown,,,,
2026-07-07 15:15:01,Lab 301 (cam 2),anomaly_suppressed_cooldown,,,,
2026-07-07 15:15:01,Lab 301 (cam 2),anomaly_suppressed_cooldown,,,,
2026-07-07 15:15:01,Lab 301 (cam 2),anomaly_suppressed_cooldown,,,,
2026-07-07 15:15:01,Lab 301 (cam 2),anomaly_suppressed_cooldown,,,,
2026-07-07 15:15:01,Lab 301 (cam 2),anomaly_suppressed_cooldown,,,,
2026-07-07 15:15:01,Lab 301 (cam 2),anomaly_suppressed_cooldown,,,,
2026-07-07 15:15:01,Lab 301 (cam 2),anomaly_suppressed_cooldown,,,,
2026-07-07 15:15:01,Lab 301 (cam 2),anomaly_suppressed_cooldown,,,,
2026-07-07 15:15:01,Lab 301 (cam 2),anomaly_suppressed_cooldown,,,,
2026-07-07 15:15:03,Lab 301 (cam 2),anomaly_suppressed_cooldown,,,,
2026-07-07 15:15:03,Lab 301 (cam 2),anomaly_suppressed_cooldown,,,,
2026-07-07 15:15:03,Lab 301 (cam 2),anomaly_suppressed_cooldown,,,,
2026-07-07 15:15:03,Lab 301 (cam 2),anomaly_suppressed_cooldown,,,,
2026-07-07 15:15:03,Lab 301 (cam 2),anomaly_suppressed_cooldown,,,,
2026-07-07 15:15:03,Lab 301 (cam 2),anomaly_suppressed_cooldown,,,,
2026-07-07 15:15:03,Lab 301 (cam 2),anomaly_suppressed_cooldown,,,,
2026-07-07 15:15:03,Lab 301 (cam 2),anomaly_suppressed_cooldown,,,,
2026-07-07 15:15:03,Lab 301 (cam 2),anomaly_suppressed_cooldown,,,,
2026-07-07 15:15:03,Lab 301 (cam 2),anomaly_suppressed_cooldown,,,,
2026-07-07 15:15:03,Lab 301 (cam 2),anomaly_suppressed_cooldown,,,,
2026-07-07 15:15:03,Lab 301 (cam 2),anomaly_suppressed_cooldown,,,,
2026-07-07 15:15:03,Lab 301 (cam 2),anomaly_suppressed_cooldown,,,,
2026-07-07 15:15:03,Lab 301 (cam 2),anomaly_suppressed_cooldown,,,,
2026-07-07 15:15:03,Lab 301 (cam 2),anomaly_suppressed_cooldown,,,,
2026-07-07 15:15:03,Lab 301 (cam 2),anomaly_suppressed_cooldown,,,,
2026-07-07 15:15:04,Lab 301 (cam 2),anomaly_suppressed_cooldown,,,,
2026-07-07 15:15:04,Lab 301 (cam 2),anomaly_suppressed_cooldown,,,,
2026-07-07 15:15:04,Lab 301 (cam 2),anomaly_suppressed_cooldown,,,,
2026-07-07 15:15:04,Lab 301 (cam 2),anomaly_suppressed_cooldown,,,,
2026-07-07 15:15:04,Lab 301 (cam 2),anomaly_suppressed_cooldown,,,,
2026-07-07 15:15:04,Lab 301 (cam 2),anomaly_suppressed_cooldown,,,,
2026-07-07 15:15:04,Lab 301 (cam 2),anomaly_suppressed_cooldown,,,,
2026-07-07 15:15:04,Lab 301 (cam 2),anomaly_suppressed_cooldown,,,,
2026-07-07 15:15:04,Lab 301 (cam 2),anomaly_suppressed_cooldown,,,,
2026-07-07 15:15:04,Lab 301 (cam 2),anomaly_suppressed_cooldown,,,,
2026-07-07 15:15:04,Lab 301 (cam 2),anomaly_suppressed_cooldown,,,,
2026-07-07 15:15:04,Lab 301 (cam 2),anomaly_suppressed_cooldown,,,,
2026-07-07 15:15:04,Lab 301 (cam 2),anomaly_suppressed_cooldown,,,,
2026-07-07 15:15:04,Lab 301 (cam 2),anomaly_suppressed_cooldown,,,,
2026-07-07 15:15:04,Lab 301 (cam 2),anomaly_suppressed_cooldown,,,,
2026-07-07 15:15:04,Lab 301 (cam 2),anomaly_suppressed_cooldown,,,,
2026-07-07 15:15:04,Lab 301 (cam 2),anomaly_suppressed_cooldown,,,,
2026-07-07 15:15:04,Lab 301 (cam 2),anomaly_suppressed_cooldown,,,,
2026-07-07 15:15:04,Lab 301 (cam 2),anomaly_suppressed_cooldown,,,,
2026-07-07 15:15:05,Lab 301 (cam 2),anomaly_suppressed_cooldown,,,,
2026-07-07 15:15:05,Lab 301 (cam 2),anomaly_suppressed_cooldown,,,,
2026-07-07 15:15:05,Lab 301 (cam 2),anomaly_suppressed_cooldown,,,,
2026-07-07 15:15:05,Lab 301 (cam 2),anomaly_suppressed_cooldown,,,,
2026-07-07 15:15:05,Lab 301 (cam 2),anomaly_suppressed_cooldown,,,,
2026-07-07 15:15:05,Lab 301 (cam 2),anomaly_suppressed_cooldown,,,,
2026-07-07 15:15:05,Lab 301 (cam 2),anomaly_suppressed_cooldown,,,,
2026-07-07 15:15:05,Lab 301 (cam 2),anomaly_suppressed_cooldown,,,,
2026-07-07 15:15:05,Lab 301 (cam 2),anomaly_suppressed_cooldown,,,,
2026-07-07 15:15:05,Lab 301 (cam 2),anomaly_suppressed_cooldown,,,,
2026-07-07 15:15:05,Lab 301 (cam 2),anomaly_suppressed_cooldown,,,,
2026-07-07 15:15:05,Lab 301 (cam 2),anomaly_suppressed_cooldown,,,,
2026-07-07 15:15:05,Lab 301 (cam 2),anomaly_suppressed_cooldown,,,,
2026-07-07 15:15:05,Lab 301 (cam 2),anomaly_suppressed_cooldown,,,,
2026-07-07 15:15:05,Lab 301 (cam 2),anomaly_suppressed_cooldown,,,,
2026-07-07 15:15:05,Lab 301 (cam 2),anomaly_suppressed_cooldown,,,,
2026-07-07 15:15:05,Lab 301 (cam 2),anomaly_suppressed_cooldown,,,,
2026-07-07 15:15:05,Lab 301 (cam 2),anomaly_suppressed_cooldown,,,,
2026-07-07 15:15:05,Lab 301 (cam 2),anomaly_suppressed_cooldown,,,,
2026-07-07 15:15:05,Lab 301 (cam 2),anomaly_suppressed_cooldown,,,,
2026-07-07 15:15:05,Lab 301 (cam 2),anomaly_suppressed_cooldown,,,,
2026-07-07 15:15:06,Lab 301 (cam 2),anomaly_suppressed_cooldown,,,,
2026-07-07 15:15:06,Lab 301 (cam 2),anomaly_suppressed_cooldown,,,,
2026-07-07 15:15:06,Lab 301 (cam 2),anomaly_suppressed_cooldown,,,,
2026-07-07 15:15:06,Lab 301 (cam 2),anomaly_suppressed_cooldown,,,,
2026-07-07 15:15:06,Lab 301 (cam 2),anomaly_suppressed_cooldown,,,,
2026-07-07 15:15:06,Lab 301 (cam 2),anomaly_suppressed_cooldown,,,,
2026-07-07 15:15:06,Lab 301 (cam 2),anomaly_suppressed_cooldown,,,,
2026-07-07 15:15:06,Lab 301 (cam 2),anomaly_suppressed_cooldown,,,,
2026-07-07 15:15:06,Lab 301 (cam 2),anomaly_suppressed_cooldown,,,,
2026-07-07 15:15:07,Lab 301 (cam 2),anomaly_suppressed_cooldown,,,,
2026-07-07 15:15:07,Lab 301 (cam 2),anomaly_suppressed_cooldown,,,,
2026-07-07 15:15:08,Lab 301 (cam 2),anomaly_suppressed_cooldown,,,,
2026-07-07 15:15:08,Lab 301 (cam 2),anomaly_suppressed_cooldown,,,,
2026-07-07 15:15:08,Lab 301 (cam 2),anomaly_suppressed_cooldown,,,,
2026-07-07 15:15:08,Lab 301 (cam 2),anomaly_suppressed_cooldown,,,,
2026-07-07 15:15:08,Lab 301 (cam 2),anomaly_suppressed_cooldown,,,,
2026-07-07 15:15:08,Lab 301 (cam 2),anomaly_suppressed_cooldown,,,,
2026-07-07 15:15:08,Lab 301 (cam 2),anomaly_suppressed_cooldown,,,,
2026-07-07 15:15:09,Lab 301 (cam 2),anomaly_suppressed_cooldown,,,,
2026-07-07 15:15:09,Lab 301 (cam 2),anomaly_suppressed_cooldown,,,,
2026-07-07 15:15:09,Lab 301 (cam 2),anomaly_suppressed_cooldown,,,,
2026-07-07 15:15:09,Lab 301 (cam 2),anomaly_suppressed_cooldown,,,,
2026-07-07 15:15:09,Lab 301 (cam 2),anomaly_suppressed_cooldown,,,,
2026-07-07 15:15:09,Lab 301 (cam 2),anomaly_suppressed_cooldown,,,,
2026-07-07 15:15:09,Lab 301 (cam 2),anomaly_suppressed_cooldown,,,,
2026-07-07 15:15:09,Lab 301 (cam 2),anomaly_suppressed_cooldown,,,,
2026-07-07 15:15:09,Lab 301 (cam 2),anomaly_suppressed_cooldown,,,,
2026-07-07 15:15:10,Lab 301 (cam 2),anomaly_suppressed_cooldown,,,,
2026-07-07 15:15:10,Lab 301 (cam 2),anomaly_suppressed_cooldown,,,,
2026-07-07 15:15:10,Lab 301 (cam 2),anomaly_suppressed_cooldown,,,,
2026-07-07 15:15:10,Lab 301 (cam 2),anomaly_suppressed_cooldown,,,,
2026-07-07 15:15:10,Lab 301 (cam 2),anomaly_suppressed_cooldown,,,,
2026-07-07 15:15:10,Lab 301 (cam 2),anomaly_suppressed_cooldown,,,,
2026-07-07 15:15:10,Lab 301 (cam 2),anomaly_suppressed_cooldown,,,,
2026-07-07 15:15:10,Lab 301 (cam 2),anomaly_suppressed_cooldown,,,,
2026-07-07 15:15:10,Lab 301 (cam 2),anomaly_suppressed_cooldown,,,,
2026-07-07 15:15:10,Lab 301 (cam 2),anomaly_suppressed_cooldown,,,,
2026-07-07 15:15:10,Lab 301 (cam 2),anomaly_suppressed_cooldown,,,,
2026-07-07 15:15:10,Lab 301 (cam 2),anomaly_suppressed_cooldown,,,,
2026-07-07 15:15:10,Lab 301 (cam 2),anomaly_suppressed_cooldown,,,,
2026-07-07 15:15:10,Lab 301 (cam 2),anomaly_suppressed_cooldown,,,,
2026-07-07 15:15:10,Lab 301 (cam 2),anomaly_suppressed_cooldown,,,,
2026-07-07 15:15:10,Lab 301 (cam 2),anomaly_suppressed_cooldown,,,,
2026-07-07 15:15:10,Lab 301 (cam 2),anomaly_suppressed_cooldown,,,,
2026-07-07 15:15:10,Lab 301 (cam 2),anomaly_suppressed_cooldown,,,,
2026-07-07 15:15:10,Lab 301 (cam 2),anomaly_suppressed_cooldown,,,,
2026-07-07 15:15:10,Lab 301 (cam 2),anomaly_suppressed_cooldown,,,,
2026-07-07 15:15:10,Lab 301 (cam 2),anomaly_suppressed_cooldown,,,,
2026-07-07 15:15:10,Lab 301 (cam 2),anomaly_suppressed_cooldown,,,,
2026-07-07 15:15:10,Lab 301 (cam 2),anomaly_suppressed_cooldown,,,,
2026-07-07 15:15:10,Lab 301 (cam 2),anomaly_suppressed_cooldown,,,,
2026-07-07 15:15:10,Lab 301 (cam 2),anomaly_suppressed_cooldown,,,,
2026-07-07 15:15:10,Lab 301 (cam 2),anomaly_suppressed_cooldown,,,,
2026-07-07 15:15:10,Lab 301 (cam 2),anomaly_suppressed_cooldown,,,,
2026-07-07 15:15:10,Lab 301 (cam 2),anomaly_suppressed_cooldown,,,,
2026-07-07 15:15:11,Lab 301 (cam 2),anomaly_suppressed_cooldown,,,,
2026-07-07 15:15:11,Lab 301 (cam 2),anomaly_suppressed_cooldown,,,,
2026-07-07 15:15:11,Lab 301 (cam 2),anomaly_suppressed_cooldown,,,,
2026-07-07 15:15:11,Lab 301 (cam 2),anomaly_suppressed_cooldown,,,,
2026-07-07 15:15:11,Lab 301 (cam 2),anomaly_suppressed_cooldown,,,,
2026-07-07 15:15:11,Lab 301 (cam 2),anomaly_suppressed_cooldown,,,,
2026-07-07 15:15:11,Lab 301 (cam 2),anomaly_suppressed_cooldown,,,,
2026-07-07 15:15:11,Lab 301 (cam 2),anomaly_suppressed_cooldown,,,,
2026-07-07 15:15:11,Lab 301 (cam 2),anomaly_suppressed_cooldown,,,,
2026-07-07 15:15:11,Lab 301 (cam 2),anomaly_suppressed_cooldown,,,,
2026-07-07 15:15:11,Lab 301 (cam 2),anomaly_suppressed_cooldown,,,,
2026-07-07 15:15:11,Lab 301 (cam 2),anomaly_suppressed_cooldown,,,,
2026-07-07 15:15:11,Lab 301 (cam 2),anomaly_suppressed_cooldown,,,,
2026-07-07 15:15:11,Lab 301 (cam 2),anomaly_suppressed_cooldown,,,,
2026-07-07 15:15:11,Lab 301 (cam 2),anomaly_suppressed_cooldown,,,,
2026-07-07 15:15:11,Lab 301 (cam 2),anomaly_suppressed_cooldown,,,,
2026-07-07 15:15:11,Lab 301 (cam 2),anomaly_suppressed_cooldown,,,,
2026-07-07 15:15:11,Lab 301 (cam 2),anomaly_suppressed_cooldown,,,,
2026-07-07 15:15:11,Lab 301 (cam 2),anomaly_suppressed_cooldown,,,,
2026-07-07 15:15:11,Lab 301 (cam 2),anomaly_suppressed_cooldown,,,,
2026-07-07 15:15:11,Lab 301 (cam 2),anomaly_suppressed_cooldown,,,,
2026-07-07 15:15:11,Lab 301 (cam 2),anomaly_suppressed_cooldown,,,,
2026-07-07 15:15:11,Lab 301 (cam 2),anomaly_suppressed_cooldown,,,,
2026-07-07 15:15:11,Lab 301 (cam 2),anomaly_suppressed_cooldown,,,,
2026-07-07 15:15:11,Lab 301 (cam 2),anomaly_suppressed_cooldown,,,,
2026-07-07 15:15:11,Lab 301 (cam 2),anomaly_suppressed_cooldown,,,,
2026-07-07 15:15:14,Lab 301 (cam 2),anomaly_suppressed_cooldown,,,,
2026-07-07 15:15:14,Lab 301 (cam 2),anomaly_suppressed_cooldown,,,,
2026-07-07 15:15:14,Lab 301 (cam 2),anomaly_suppressed_cooldown,,,,
2026-07-07 15:15:14,Lab 301 (cam 2),anomaly_suppressed_cooldown,,,,
2026-07-07 15:15:14,Lab 301 (cam 2),anomaly_suppressed_cooldown,,,,
2026-07-07 15:15:14,Lab 301 (cam 2),anomaly_suppressed_cooldown,,,,
2026-07-07 15:15:14,Lab 301 (cam 2),anomaly_suppressed_cooldown,,,,
2026-07-07 15:15:14,Lab 301 (cam 2),anomaly_suppressed_cooldown,,,,
2026-07-07 15:15:14,Lab 301 (cam 2),anomaly_suppressed_cooldown,,,,
2026-07-07 15:15:14,Lab 301 (cam 2),anomaly_suppressed_cooldown,,,,
2026-07-07 15:15:15,Lab 301 (cam 2),anomaly_suppressed_cooldown,,,,
2026-07-07 15:15:15,Lab 301 (cam 2),anomaly_suppressed_cooldown,,,,
2026-07-07 15:15:15,Lab 301 (cam 2),anomaly_suppressed_cooldown,,,,
2026-07-07 15:15:15,Lab 301 (cam 2),anomaly_suppressed_cooldown,,,,
2026-07-07 15:15:15,Lab 301 (cam 2),anomaly_suppressed_cooldown,,,,
2026-07-07 15:15:15,Lab 301 (cam 2),anomaly_suppressed_cooldown,,,,
2026-07-07 15:15:15,Lab 301 (cam 2),anomaly_suppressed_cooldown,,,,
2026-07-07 15:15:15,Lab 301 (cam 2),anomaly_suppressed_cooldown,,,,
2026-07-07 15:15:15,Lab 301 (cam 2),anomaly_suppressed_cooldown,,,,
2026-07-07 15:15:15,Lab 301 (cam 2),anomaly_suppressed_cooldown,,,,
2026-07-07 15:15:15,Lab 301 (cam 2),anomaly_suppressed_cooldown,,,,
2026-07-07 15:15:15,Lab 301 (cam 2),anomaly_suppressed_cooldown,,,,
2026-07-07 15:15:15,Lab 301 (cam 2),anomaly_suppressed_cooldown,,,,
2026-07-07 15:15:15,Lab 301 (cam 2),anomaly_suppressed_cooldown,,,,
2026-07-07 15:15:15,Lab 301 (cam 2),anomaly_suppressed_cooldown,,,,
2026-07-07 15:15:15,Lab 301 (cam 2),anomaly_suppressed_cooldown,,,,
2026-07-07 15:15:15,Lab 301 (cam 2),anomaly_suppressed_cooldown,,,,
2026-07-07 15:15:15,Lab 301 (cam 2),anomaly_suppressed_cooldown,,,,
2026-07-07 15:15:15,Lab 301 (cam 2),anomaly_suppressed_cooldown,,,,
2026-07-07 15:15:15,Lab 301 (cam 2),anomaly_suppressed_cooldown,,,,
2026-07-07 15:15:15,Lab 301 (cam 2),anomaly_suppressed_cooldown,,,,
2026-07-07 15:15:15,Lab 301 (cam 2),anomaly_suppressed_cooldown,,,,
2026-07-07 15:15:15,Lab 301 (cam 2),anomaly_suppressed_cooldown,,,,
2026-07-07 15:15:15,Lab 301 (cam 2),anomaly_suppressed_cooldown,,,,
2026-07-07 15:15:15,Lab 301 (cam 2),anomaly_suppressed_cooldown,,,,
2026-07-07 15:15:15,Lab 301 (cam 2),anomaly_suppressed_cooldown,,,,
2026-07-07 15:15:15,Lab 301 (cam 2),anomaly_suppressed_cooldown,,,,
2026-07-07 15:15:15,Lab 301 (cam 2),anomaly_suppressed_cooldown,,,,
2026-07-07 15:15:15,Lab 301 (cam 2),anomaly_suppressed_cooldown,,,,
2026-07-07 15:15:15,Lab 301 (cam 2),anomaly_suppressed_cooldown,,,,
2026-07-07 15:15:15,Lab 301 (cam 2),anomaly_suppressed_cooldown,,,,
2026-07-07 15:15:16,Lab 301 (cam 2),anomaly_suppressed_cooldown,,,,
2026-07-07 15:15:16,Lab 301 (cam 2),anomaly_suppressed_cooldown,,,,
2026-07-07 15:15:16,Lab 301 (cam 2),anomaly_suppressed_cooldown,,,,
2026-07-07 15:15:16,Lab 301 (cam 2),anomaly_suppressed_cooldown,,,,
2026-07-07 15:15:16,Lab 301 (cam 2),anomaly_suppressed_cooldown,,,,
2026-07-07 15:15:16,Lab 301 (cam 2),anomaly_suppressed_cooldown,,,,
2026-07-07 15:15:16,Lab 301 (cam 2),anomaly_suppressed_cooldown,,,,
2026-07-07 15:15:16,Lab 301 (cam 2),anomaly_suppressed_cooldown,,,,
2026-07-07 15:15:16,Lab 301 (cam 2),anomaly_suppressed_cooldown,,,,
2026-07-07 15:15:16,Lab 301 (cam 2),anomaly_suppressed_cooldown,,,,
2026-07-07 15:15:16,Lab 301 (cam 2),anomaly_suppressed_cooldown,,,,
2026-07-07 15:15:16,Lab 301 (cam 2),anomaly_suppressed_cooldown,,,,
2026-07-07 15:15:16,Lab 301 (cam 2),anomaly_suppressed_cooldown,,,,
2026-07-07 15:15:16,Lab 301 (cam 2),anomaly_suppressed_cooldown,,,,
2026-07-07 15:15:16,Lab 301 (cam 2),anomaly_suppressed_cooldown,,,,
2026-07-07 15:15:16,Lab 301 (cam 2),anomaly_suppressed_cooldown,,,,
2026-07-07 15:15:16,Lab 301 (cam 2),anomaly_suppressed_cooldown,,,,
2026-07-07 15:15:16,Lab 301 (cam 2),anomaly_suppressed_cooldown,,,,
2026-07-07 15:15:16,Lab 301 (cam 2),anomaly_suppressed_cooldown,,,,
2026-07-07 15:15:16,Lab 301 (cam 2),anomaly_suppressed_cooldown,,,,
2026-07-07 15:15:16,Lab 301 (cam 2),anomaly_suppressed_cooldown,,,,
2026-07-07 15:15:16,Lab 301 (cam 2),anomaly_suppressed_cooldown,,,,
2026-07-07 15:15:16,Lab 301 (cam 2),anomaly_suppressed_cooldown,,,,
2026-07-07 15:15:16,Lab 301 (cam 2),anomaly_suppressed_cooldown,,,,
2026-07-07 15:15:16,Lab 301 (cam 2),anomaly_suppressed_cooldown,,,,
2026-07-07 15:15:16,Lab 301 (cam 2),anomaly_suppressed_cooldown,,,,
2026-07-07 15:15:16,Lab 301 (cam 2),anomaly_suppressed_cooldown,,,,
2026-07-07 15:15:16,Lab 301 (cam 2),anomaly_suppressed_cooldown,,,,
2026-07-07 15:15:16,Lab 301 (cam 2),anomaly_suppressed_cooldown,,,,
2026-07-07 15:15:16,Lab 301 (cam 2),anomaly_suppressed_cooldown,,,,
2026-07-07 15:15:17,Lab 301 (cam 2),anomaly_suppressed_cooldown,,,,
2026-07-07 15:15:17,Lab 301 (cam 2),anomaly_suppressed_cooldown,,,,
2026-07-07 15:15:17,Lab 301 (cam 2),anomaly_suppressed_cooldown,,,,
2026-07-07 15:15:17,Lab 301 (cam 2),anomaly_suppressed_cooldown,,,,
2026-07-07 15:15:17,Lab 301 (cam 2),anomaly_suppressed_cooldown,,,,
2026-07-07 15:15:17,Lab 301 (cam 2),anomaly_suppressed_cooldown,,,,
2026-07-07 15:15:17,Lab 301 (cam 2),anomaly_suppressed_cooldown,,,,
2026-07-07 15:15:17,Lab 301 (cam 2),anomaly_suppressed_cooldown,,,,
2026-07-07 15:15:17,Lab 301 (cam 2),anomaly_suppressed_cooldown,,,,
2026-07-07 15:15:17,Lab 301 (cam 2),anomaly_suppressed_cooldown,,,,
2026-07-07 15:15:17,Lab 301 (cam 2),anomaly_suppressed_cooldown,,,,
2026-07-07 15:15:17,Lab 301 (cam 2),anomaly_suppressed_cooldown,,,,
2026-07-07 15:15:17,Lab 301 (cam 2),anomaly_suppressed_cooldown,,,,
2026-07-07 15:15:17,Lab 301 (cam 2),anomaly_suppressed_cooldown,,,,
2026-07-07 15:15:17,Lab 301 (cam 2),anomaly_suppressed_cooldown,,,,
2026-07-07 15:15:17,Lab 301 (cam 2),anomaly_suppressed_cooldown,,,,
2026-07-07 15:15:17,Lab 301 (cam 2),anomaly_suppressed_cooldown,,,,
2026-07-07 15:15:17,Lab 301 (cam 2),anomaly_suppressed_cooldown,,,,
2026-07-07 15:15:17,Lab 301 (cam 2),anomaly_suppressed_cooldown,,,,
2026-07-07 15:15:17,Lab 301 (cam 2),anomaly_suppressed_cooldown,,,,
2026-07-07 15:15:17,Lab 301 (cam 2),anomaly_suppressed_cooldown,,,,
2026-07-07 15:15:17,Lab 301 (cam 2),anomaly_suppressed_cooldown,,,,
2026-07-07 15:15:17,Lab 301 (cam 2),anomaly_suppressed_cooldown,,,,
2026-07-07 15:15:17,Lab 301 (cam 2),anomaly_suppressed_cooldown,,,,
2026-07-07 15:15:17,Lab 301 (cam 2),anomaly_suppressed_cooldown,,,,
2026-07-07 15:15:17,Lab 301 (cam 2),anomaly_suppressed_cooldown,,,,
2026-07-07 15:15:17,Lab 301 (cam 2),anomaly_suppressed_cooldown,,,,
2026-07-07 15:15:17,Lab 301 (cam 2),anomaly_suppressed_cooldown,,,,
2026-07-07 15:15:17,Lab 301 (cam 2),anomaly_suppressed_cooldown,,,,
2026-07-07 15:15:18,Lab 301 (cam 2),anomaly_suppressed_cooldown,,,,
2026-07-07 15:15:18,Lab 301 (cam 2),anomaly_suppressed_cooldown,,,,
2026-07-07 15:15:18,Lab 301 (cam 2),anomaly_suppressed_cooldown,,,,
2026-07-07 15:15:18,Lab 301 (cam 2),anomaly_suppressed_cooldown,,,,
2026-07-07 15:15:18,Lab 301 (cam 2),anomaly_suppressed_cooldown,,,,
2026-07-07 15:15:18,Lab 301 (cam 2),anomaly_suppressed_cooldown,,,,
2026-07-07 15:15:18,Lab 301 (cam 2),anomaly_suppressed_cooldown,,,,
2026-07-07 15:15:18,Lab 301 (cam 2),anomaly_suppressed_cooldown,,,,
2026-07-07 15:15:18,Lab 301 (cam 2),anomaly_suppressed_cooldown,,,,
2026-07-07 15:15:18,Lab 301 (cam 2),anomaly_suppressed_cooldown,,,,
2026-07-07 15:15:18,Lab 301 (cam 2),anomaly_suppressed_cooldown,,,,
2026-07-07 15:15:18,Lab 301 (cam 2),anomaly_suppressed_cooldown,,,,
2026-07-07 15:15:18,Lab 301 (cam 2),anomaly_suppressed_cooldown,,,,
2026-07-07 15:15:18,Lab 301 (cam 2),anomaly_suppressed_cooldown,,,,
2026-07-07 15:15:18,Lab 301 (cam 2),anomaly_suppressed_cooldown,,,,
2026-07-07 15:15:18,Lab 301 (cam 2),anomaly_suppressed_cooldown,,,,
2026-07-07 15:15:18,Lab 301 (cam 2),anomaly_suppressed_cooldown,,,,
2026-07-07 15:15:18,Lab 301 (cam 2),anomaly_suppressed_cooldown,,,,
2026-07-07 15:15:18,Lab 301 (cam 2),anomaly_suppressed_cooldown,,,,
2026-07-07 15:15:19,Lab 301 (cam 2),anomaly_suppressed_cooldown,,,,
2026-07-07 15:15:19,Lab 301 (cam 2),anomaly_suppressed_cooldown,,,,
2026-07-07 15:15:19,Lab 301 (cam 2),anomaly_suppressed_cooldown,,,,
2026-07-07 15:15:19,Lab 301 (cam 2),anomaly_suppressed_cooldown,,,,
2026-07-07 15:15:19,Lab 301 (cam 2),anomaly_suppressed_cooldown,,,,
2026-07-07 15:15:19,Lab 301 (cam 2),anomaly_suppressed_cooldown,,,,
2026-07-07 15:15:19,Lab 301 (cam 2),anomaly_suppressed_cooldown,,,,
2026-07-07 15:15:19,Lab 301 (cam 2),anomaly_suppressed_cooldown,,,,
2026-07-07 15:15:19,Lab 301 (cam 2),anomaly_suppressed_cooldown,,,,
2026-07-07 15:15:19,Lab 301 (cam 2),anomaly_suppressed_cooldown,,,,
2026-07-07 15:15:19,Lab 301 (cam 2),anomaly_suppressed_cooldown,,,,
2026-07-07 15:15:20,Lab 301 (cam 2),anomaly_suppressed_cooldown,,,,
2026-07-07 15:15:20,Lab 301 (cam 2),anomaly_suppressed_cooldown,,,,
2026-07-07 15:15:20,Lab 301 (cam 2),anomaly_suppressed_cooldown,,,,
2026-07-07 15:15:20,Lab 301 (cam 2),anomaly_suppressed_cooldown,,,,
2026-07-07 15:15:20,Lab 301 (cam 2),anomaly_suppressed_cooldown,,,,
2026-07-07 15:15:20,Lab 301 (cam 2),anomaly_suppressed_cooldown,,,,
2026-07-07 15:15:20,Lab 301 (cam 2),anomaly_suppressed_cooldown,,,,
2026-07-07 15:15:20,Lab 301 (cam 2),anomaly_suppressed_cooldown,,,,
2026-07-07 15:15:20,Lab 301 (cam 2),anomaly_suppressed_cooldown,,,,
2026-07-07 15:15:20,Lab 301 (cam 2),anomaly_suppressed_cooldown,,,,
2026-07-07 15:15:20,Lab 301 (cam 2),anomaly_suppressed_cooldown,,,,
2026-07-07 15:15:20,Lab 301 (cam 2),anomaly_suppressed_cooldown,,,,
2026-07-07 15:15:20,Lab 301 (cam 2),anomaly_suppressed_cooldown,,,,
2026-07-07 15:15:20,Lab 301 (cam 2),anomaly_suppressed_cooldown,,,,
2026-07-07 15:15:21,Lab 301 (cam 2),anomaly_suppressed_cooldown,,,,
2026-07-07 15:15:21,Lab 301 (cam 2),anomaly_suppressed_cooldown,,,,
2026-07-07 15:15:21,Lab 301 (cam 2),anomaly_suppressed_cooldown,,,,
2026-07-07 15:15:21,Lab 301 (cam 2),anomaly_suppressed_cooldown,,,,
2026-07-07 15:15:21,Lab 301 (cam 2),anomaly_suppressed_cooldown,,,,
2026-07-07 15:15:21,Lab 301 (cam 2),anomaly_suppressed_cooldown,,,,
2026-07-07 15:15:21,Lab 301 (cam 2),anomaly_suppressed_cooldown,,,,
2026-07-07 15:15:21,Lab 301 (cam 2),anomaly_suppressed_cooldown,,,,
2026-07-07 15:15:21,Lab 301 (cam 2),anomaly_suppressed_cooldown,,,,
2026-07-07 15:15:21,Lab 301 (cam 2),anomaly_suppressed_cooldown,,,,
2026-07-07 15:15:21,Lab 301 (cam 2),anomaly_suppressed_cooldown,,,,
2026-07-07 15:15:21,Lab 301 (cam 2),anomaly_suppressed_cooldown,,,,
2026-07-07 15:15:21,Lab 301 (cam 2),anomaly_suppressed_cooldown,,,,
2026-07-07 15:15:21,Lab 301 (cam 2),anomaly_suppressed_cooldown,,,,
2026-07-07 15:15:21,Lab 301 (cam 2),anomaly_suppressed_cooldown,,,,
2026-07-07 15:15:21,Lab 301 (cam 2),anomaly_suppressed_cooldown,,,,
2026-07-07 15:15:21,Lab 301 (cam 2),anomaly_suppressed_cooldown,,,,
2026-07-07 15:15:21,Lab 301 (cam 2),anomaly_suppressed_cooldown,,,,
2026-07-07 15:15:21,Lab 301 (cam 2),anomaly_suppressed_cooldown,,,,
2026-07-07 15:15:21,Lab 301 (cam 2),anomaly_suppressed_cooldown,,,,
2026-07-07 15:15:21,Lab 301 (cam 2),anomaly_suppressed_cooldown,,,,
2026-07-07 15:15:21,Lab 301 (cam 2),anomaly_suppressed_cooldown,,,,
2026-07-07 15:15:21,Lab 301 (cam 2),anomaly_suppressed_cooldown,,,,
2026-07-07 15:15:21,Lab 301 (cam 2),anomaly_suppressed_cooldown,,,,
2026-07-07 15:15:22,Lab 301 (cam 2),anomaly_suppressed_cooldown,,,,
2026-07-07 15:15:22,Lab 301 (cam 2),anomaly_suppressed_cooldown,,,,
2026-07-07 15:15:22,Lab 301 (cam 2),anomaly_suppressed_cooldown,,,,
2026-07-07 15:15:22,Lab 301 (cam 2),anomaly_suppressed_cooldown,,,,
2026-07-07 15:15:22,Lab 301 (cam 2),anomaly_suppressed_cooldown,,,,
2026-07-07 15:15:22,Lab 301 (cam 2),anomaly_suppressed_cooldown,,,,
2026-07-07 15:15:22,Lab 301 (cam 2),anomaly_suppressed_cooldown,,,,
2026-07-07 15:15:22,Lab 301 (cam 2),anomaly_suppressed_cooldown,,,,
2026-07-07 15:15:22,Lab 301 (cam 2),anomaly_suppressed_cooldown,,,,
2026-07-07 15:15:22,Lab 301 (cam 2),anomaly_suppressed_cooldown,,,,
2026-07-07 15:15:22,Lab 301 (cam 2),anomaly_suppressed_cooldown,,,,
2026-07-07 15:15:22,Lab 301 (cam 2),anomaly_suppressed_cooldown,,,,
2026-07-07 15:15:22,Lab 301 (cam 2),anomaly_suppressed_cooldown,,,,
2026-07-07 15:15:22,Lab 301 (cam 2),anomaly_suppressed_cooldown,,,,
2026-07-07 15:15:22,Lab 301 (cam 2),anomaly_suppressed_cooldown,,,,
2026-07-07 15:15:23,Lab 301 (cam 2),anomaly_suppressed_cooldown,,,,
2026-07-07 15:15:23,Lab 301 (cam 2),anomaly_suppressed_cooldown,,,,
2026-07-07 15:15:23,Lab 301 (cam 2),anomaly_suppressed_cooldown,,,,
2026-07-07 15:15:23,Lab 301 (cam 2),anomaly_suppressed_cooldown,,,,
2026-07-07 15:15:23,Lab 301 (cam 2),anomaly_suppressed_cooldown,,,,
2026-07-07 15:15:23,Lab 301 (cam 2),anomaly_suppressed_cooldown,,,,
2026-07-07 15:15:23,Lab 301 (cam 2),anomaly_suppressed_cooldown,,,,
2026-07-07 15:15:23,Lab 301 (cam 2),anomaly_suppressed_cooldown,,,,
2026-07-07 15:15:23,Lab 301 (cam 2),anomaly_suppressed_cooldown,,,,
2026-07-07 15:15:23,Lab 301 (cam 2),anomaly_suppressed_cooldown,,,,
2026-07-07 15:15:23,Lab 301 (cam 2),anomaly_suppressed_cooldown,,,,
2026-07-07 15:15:23,Lab 301 (cam 2),anomaly_suppressed_cooldown,,,,
2026-07-07 15:15:23,Lab 301 (cam 2),anomaly_suppressed_cooldown,,,,
2026-07-07 15:15:23,Lab 301 (cam 2),anomaly_suppressed_cooldown,,,,
2026-07-07 15:15:24,Lab 301 (cam 2),anomaly_suppressed_cooldown,,,,
2026-07-07 15:15:24,Lab 301 (cam 2),anomaly_suppressed_cooldown,,,,
2026-07-07 15:15:25,Lab 301 (cam 2),anomaly_suppressed_cooldown,,,,
2026-07-07 15:15:25,Lab 301 (cam 2),anomaly_suppressed_cooldown,,,,
2026-07-07 15:15:25,Lab 301 (cam 2),anomaly_suppressed_cooldown,,,,
2026-07-07 15:15:25,Lab 301 (cam 2),anomaly_suppressed_cooldown,,,,
2026-07-07 15:15:25,Lab 301 (cam 2),anomaly_suppressed_cooldown,,,,
2026-07-07 15:15:25,Lab 301 (cam 2),anomaly_suppressed_cooldown,,,,
2026-07-07 15:15:25,Lab 301 (cam 2),anomaly_suppressed_cooldown,,,,
2026-07-07 15:15:25,Lab 301 (cam 2),anomaly_suppressed_cooldown,,,,
2026-07-07 15:15:25,Lab 301 (cam 2),anomaly_suppressed_cooldown,,,,
2026-07-07 15:15:27,Lab 301 (cam 2),anomaly_suppressed_cooldown,,,,
2026-07-07 15:15:27,Lab 301 (cam 2),anomaly_suppressed_cooldown,,,,
2026-07-07 15:15:27,Lab 301 (cam 2),anomaly_suppressed_cooldown,,,,
2026-07-07 15:15:27,Lab 301 (cam 2),anomaly_suppressed_cooldown,,,,
2026-07-07 15:15:27,Lab 301 (cam 2),anomaly_suppressed_cooldown,,,,
2026-07-07 15:15:27,Lab 301 (cam 2),anomaly_suppressed_cooldown,,,,
2026-07-07 15:15:27,Lab 301 (cam 2),anomaly_suppressed_cooldown,,,,
2026-07-07 15:15:27,Lab 301 (cam 2),anomaly_suppressed_cooldown,,,,
2026-07-07 15:15:27,Lab 301 (cam 2),anomaly_suppressed_cooldown,,,,
2026-07-07 15:15:27,Lab 301 (cam 2),anomaly_suppressed_cooldown,,,,
2026-07-07 15:15:27,Lab 301 (cam 2),anomaly_suppressed_cooldown,,,,
2026-07-07 15:15:27,Lab 301 (cam 2),anomaly_suppressed_cooldown,,,,
2026-07-07 15:15:27,Lab 301 (cam 2),anomaly_suppressed_cooldown,,,,
2026-07-07 15:15:27,Lab 301 (cam 2),anomaly_suppressed_cooldown,,,,
2026-07-07 15:15:27,Lab 301 (cam 2),anomaly_suppressed_cooldown,,,,
2026-07-07 15:15:27,Lab 301 (cam 2),anomaly_suppressed_cooldown,,,,
2026-07-07 15:15:27,Lab 301 (cam 2),anomaly_suppressed_cooldown,,,,
2026-07-07 15:15:27,Lab 301 (cam 2),anomaly_suppressed_cooldown,,,,
2026-07-07 15:15:27,Lab 301 (cam 2),anomaly_suppressed_cooldown,,,,
2026-07-07 15:15:27,Lab 301 (cam 2),anomaly_suppressed_cooldown,,,,
2026-07-07 15:15:27,Lab 301 (cam 2),anomaly_suppressed_cooldown,,,,
2026-07-07 15:15:27,Lab 301 (cam 2),anomaly_suppressed_cooldown,,,,
2026-07-07 15:15:27,Lab 301 (cam 2),anomaly_suppressed_cooldown,,,,
2026-07-07 15:15:27,Lab 301 (cam 2),anomaly_suppressed_cooldown,,,,
2026-07-07 15:15:28,Lab 301 (cam 2),anomaly_suppressed_cooldown,,,,
2026-07-07 15:15:28,Lab 301 (cam 2),anomaly_suppressed_cooldown,,,,
2026-07-07 15:15:28,Lab 301 (cam 2),anomaly_suppressed_cooldown,,,,
2026-07-07 15:15:28,Lab 301 (cam 2),anomaly_suppressed_cooldown,,,,
2026-07-07 15:15:28,Lab 301 (cam 2),anomaly_suppressed_cooldown,,,,
2026-07-07 15:15:28,Lab 301 (cam 2),anomaly_suppressed_cooldown,,,,
2026-07-07 15:15:28,Lab 301 (cam 2),anomaly_suppressed_cooldown,,,,
2026-07-07 15:15:28,Lab 301 (cam 2),anomaly_suppressed_cooldown,,,,
2026-07-07 15:15:28,Lab 301 (cam 2),anomaly_suppressed_cooldown,,,,
2026-07-07 15:15:28,Lab 301 (cam 2),anomaly_suppressed_cooldown,,,,
2026-07-07 15:15:28,Lab 301 (cam 2),anomaly_suppressed_cooldown,,,,
2026-07-07 15:15:28,Lab 301 (cam 2),anomaly_suppressed_cooldown,,,,
2026-07-07 15:15:28,Lab 301 (cam 2),anomaly_suppressed_cooldown,,,,
2026-07-07 15:15:28,Lab 301 (cam 2),anomaly_suppressed_cooldown,,,,
2026-07-07 15:15:28,Lab 301 (cam 2),anomaly_suppressed_cooldown,,,,
2026-07-07 15:15:28,Lab 301 (cam 2),anomaly_suppressed_cooldown,,,,
2026-07-07 15:15:28,Lab 301 (cam 2),anomaly_suppressed_cooldown,,,,
2026-07-07 15:15:28,Lab 301 (cam 2),anomaly_suppressed_cooldown,,,,
2026-07-07 15:15:28,Lab 301 (cam 2),anomaly_suppressed_cooldown,,,,
2026-07-07 15:15:28,Lab 301 (cam 2),anomaly_suppressed_cooldown,,,,
2026-07-07 15:15:28,Lab 301 (cam 2),anomaly_suppressed_cooldown,,,,
2026-07-07 15:15:29,Lab 301 (cam 2),anomaly_suppressed_cooldown,,,,
2026-07-07 15:15:29,Lab 301 (cam 2),anomaly_suppressed_cooldown,,,,
2026-07-07 15:15:29,Lab 301 (cam 2),anomaly_suppressed_cooldown,,,,
2026-07-07 15:15:29,Lab 301 (cam 2),anomaly_suppressed_cooldown,,,,
2026-07-07 15:15:29,Lab 301 (cam 2),anomaly_suppressed_cooldown,,,,
2026-07-07 15:15:29,Lab 301 (cam 2),anomaly_suppressed_cooldown,,,,
2026-07-07 15:15:29,Lab 301 (cam 2),anomaly_suppressed_cooldown,,,,
2026-07-07 15:15:29,Lab 301 (cam 2),anomaly_suppressed_cooldown,,,,
2026-07-07 15:15:29,Lab 301 (cam 2),anomaly_suppressed_cooldown,,,,
2026-07-07 15:15:29,Lab 301 (cam 2),anomaly_suppressed_cooldown,,,,
2026-07-07 15:15:29,Lab 301 (cam 2),anomaly_suppressed_cooldown,,,,
2026-07-07 15:15:29,Lab 301 (cam 2),anomaly_suppressed_cooldown,,,,
2026-07-07 15:15:29,Lab 301 (cam 2),anomaly_suppressed_cooldown,,,,
2026-07-07 15:15:29,Lab 301 (cam 2),anomaly_suppressed_cooldown,,,,
2026-07-07 15:15:29,Lab 301 (cam 2),anomaly_suppressed_cooldown,,,,
2026-07-07 15:15:30,Lab 301 (cam 2),anomaly_suppressed_cooldown,,,,
2026-07-07 15:15:30,Lab 301 (cam 2),anomaly_suppressed_cooldown,,,,
2026-07-07 15:15:30,Lab 301 (cam 2),anomaly_suppressed_cooldown,,,,
2026-07-07 15:15:30,Lab 301 (cam 2),anomaly_suppressed_cooldown,,,,
2026-07-07 15:15:31,Lab 301 (cam 2),anomaly_suppressed_cooldown,,,,
2026-07-07 15:15:31,Lab 301 (cam 2),anomaly_suppressed_cooldown,,,,
2026-07-07 15:15:31,Lab 301 (cam 2),anomaly_suppressed_cooldown,,,,
2026-07-07 15:15:31,Lab 301 (cam 2),anomaly_suppressed_cooldown,,,,
2026-07-07 15:15:31,Lab 301 (cam 2),anomaly_suppressed_cooldown,,,,
2026-07-07 15:15:31,Lab 301 (cam 2),anomaly_suppressed_cooldown,,,,
2026-07-07 15:15:31,Lab 301 (cam 2),anomaly_suppressed_cooldown,,,,
2026-07-07 15:15:31,Lab 301 (cam 2),anomaly_suppressed_cooldown,,,,
2026-07-07 15:15:31,Lab 301 (cam 2),anomaly_suppressed_cooldown,,,,
2026-07-07 15:15:31,Lab 301 (cam 2),anomaly_suppressed_cooldown,,,,
2026-07-07 15:15:31,Lab 301 (cam 2),anomaly_suppressed_cooldown,,,,
2026-07-07 15:15:31,Lab 301 (cam 2),anomaly_suppressed_cooldown,,,,
2026-07-07 15:15:31,Lab 301 (cam 2),anomaly_suppressed_cooldown,,,,
2026-07-07 15:15:31,Lab 301 (cam 2),anomaly_suppressed_cooldown,,,,
2026-07-07 15:15:31,Lab 301 (cam 2),anomaly_suppressed_cooldown,,,,
2026-07-07 15:15:31,Lab 301 (cam 2),anomaly_suppressed_cooldown,,,,
2026-07-07 15:15:31,Lab 301 (cam 2),anomaly_suppressed_cooldown,,,,
2026-07-07 15:15:31,Lab 301 (cam 2),anomaly_suppressed_cooldown,,,,
2026-07-07 15:15:32,Lab 301 (cam 2),anomaly_suppressed_cooldown,,,,
2026-07-07 15:15:32,Lab 301 (cam 2),anomaly_suppressed_cooldown,,,,
2026-07-07 15:15:32,Lab 301 (cam 2),anomaly_suppressed_cooldown,,,,
2026-07-07 15:15:32,Lab 301 (cam 2),anomaly_suppressed_cooldown,,,,
2026-07-07 15:15:32,Lab 301 (cam 2),anomaly_suppressed_cooldown,,,,
2026-07-07 15:15:32,Lab 301 (cam 2),anomaly_suppressed_cooldown,,,,
2026-07-07 15:15:32,Lab 301 (cam 2),anomaly_suppressed_cooldown,,,,
2026-07-07 15:15:32,Lab 301 (cam 2),anomaly_suppressed_cooldown,,,,
2026-07-07 15:15:32,Lab 301 (cam 2),anomaly_suppressed_cooldown,,,,
2026-07-07 15:15:32,Lab 301 (cam 2),anomaly_suppressed_cooldown,,,,
2026-07-07 15:15:32,Lab 301 (cam 2),anomaly_suppressed_cooldown,,,,
2026-07-07 15:15:32,Lab 301 (cam 2),anomaly_suppressed_cooldown,,,,
2026-07-07 15:15:32,Lab 301 (cam 2),anomaly_suppressed_cooldown,,,,
2026-07-07 15:15:33,Lab 301 (cam 2),anomaly_suppressed_cooldown,,,,
2026-07-07 15:15:33,Lab 301 (cam 2),anomaly_suppressed_cooldown,,,,
2026-07-07 15:15:34,Lab 301 (cam 2),anomaly_suppressed_cooldown,,,,
2026-07-07 15:15:34,Lab 301 (cam 2),anomaly_suppressed_cooldown,,,,
2026-07-07 15:15:34,Lab 301 (cam 2),anomaly_suppressed_cooldown,,,,
2026-07-07 15:15:34,Lab 301 (cam 2),anomaly_suppressed_cooldown,,,,
2026-07-07 15:15:34,Lab 301 (cam 2),anomaly_suppressed_cooldown,,,,
2026-07-07 15:15:34,Lab 301 (cam 2),anomaly_suppressed_cooldown,,,,
2026-07-07 15:15:34,Lab 301 (cam 2),anomaly_suppressed_cooldown,,,,
2026-07-07 15:15:34,Lab 301 (cam 2),anomaly_suppressed_cooldown,,,,
2026-07-07 15:15:34,Lab 301 (cam 2),anomaly_suppressed_cooldown,,,,
2026-07-07 15:15:34,Lab 301 (cam 2),anomaly_suppressed_cooldown,,,,
2026-07-07 15:15:34,Lab 301 (cam 2),anomaly_suppressed_cooldown,,,,
2026-07-07 15:15:35,Lab 301 (cam 2),anomaly_suppressed_cooldown,,,,
2026-07-07 15:15:35,Lab 301 (cam 2),anomaly_suppressed_cooldown,,,,
2026-07-07 15:15:35,Lab 301 (cam 2),anomaly_suppressed_cooldown,,,,
2026-07-07 15:15:35,Lab 301 (cam 2),anomaly_suppressed_cooldown,,,,
2026-07-07 15:15:35,Lab 301 (cam 2),anomaly_suppressed_cooldown,,,,
2026-07-07 15:15:35,Lab 301 (cam 2),anomaly_suppressed_cooldown,,,,
2026-07-07 15:15:35,Lab 301 (cam 2),anomaly_suppressed_cooldown,,,,
2026-07-07 15:15:35,Lab 301 (cam 2),anomaly_suppressed_cooldown,,,,
2026-07-07 15:15:35,Lab 301 (cam 2),anomaly_suppressed_cooldown,,,,
2026-07-07 15:15:35,Lab 301 (cam 2),anomaly_suppressed_cooldown,,,,
2026-07-07 15:15:35,Lab 301 (cam 2),anomaly_suppressed_cooldown,,,,
2026-07-07 15:15:35,Lab 301 (cam 2),anomaly_suppressed_cooldown,,,,
2026-07-07 15:15:35,Lab 301 (cam 2),anomaly_suppressed_cooldown,,,,
2026-07-07 15:15:35,Lab 301 (cam 2),anomaly_suppressed_cooldown,,,,
2026-07-07 15:15:35,Lab 301 (cam 2),anomaly_suppressed_cooldown,,,,
2026-07-07 15:15:35,Lab 301 (cam 2),anomaly_suppressed_cooldown,,,,
2026-07-07 15:15:35,Lab 301 (cam 2),anomaly_suppressed_cooldown,,,,
2026-07-07 15:15:35,Lab 301 (cam 2),anomaly_suppressed_cooldown,,,,
2026-07-07 15:15:35,Lab 301 (cam 2),anomaly_suppressed_cooldown,,,,
2026-07-07 15:15:35,Lab 301 (cam 2),anomaly_suppressed_cooldown,,,,
2026-07-07 15:15:35,Lab 301 (cam 2),anomaly_suppressed_cooldown,,,,
2026-07-07 15:15:35,Lab 301 (cam 2),anomaly_suppressed_cooldown,,,,
2026-07-07 15:15:35,Lab 301 (cam 2),anomaly_suppressed_cooldown,,,,
2026-07-07 15:15:35,Lab 301 (cam 2),anomaly_suppressed_cooldown,,,,
2026-07-07 15:15:35,Lab 301 (cam 2),anomaly_suppressed_cooldown,,,,
2026-07-07 15:15:35,Lab 301 (cam 2),anomaly_suppressed_cooldown,,,,
2026-07-07 15:15:35,Lab 301 (cam 2),anomaly_suppressed_cooldown,,,,
2026-07-07 15:15:35,Lab 301 (cam 2),anomaly_suppressed_cooldown,,,,
2026-07-07 15:15:36,Lab 301 (cam 2),anomaly_suppressed_cooldown,,,,
2026-07-07 15:15:36,Lab 301 (cam 2),anomaly_suppressed_cooldown,,,,
2026-07-07 15:15:36,Lab 301 (cam 2),anomaly_suppressed_cooldown,,,,
2026-07-07 15:15:36,Lab 301 (cam 2),anomaly_suppressed_cooldown,,,,
2026-07-07 15:15:36,Lab 301 (cam 2),anomaly_suppressed_cooldown,,,,
2026-07-07 15:15:36,Lab 301 (cam 2),anomaly_suppressed_cooldown,,,,
2026-07-07 15:15:36,Lab 301 (cam 2),anomaly_suppressed_cooldown,,,,
2026-07-07 15:15:36,Lab 301 (cam 2),anomaly_suppressed_cooldown,,,,
2026-07-07 15:15:36,Lab 301 (cam 2),anomaly_suppressed_cooldown,,,,
2026-07-07 15:15:36,Lab 301 (cam 2),anomaly_suppressed_cooldown,,,,
2026-07-07 15:15:36,Lab 301 (cam 2),anomaly_suppressed_cooldown,,,,
2026-07-07 15:15:36,Lab 301 (cam 2),anomaly_suppressed_cooldown,,,,
2026-07-07 15:15:36,Lab 301 (cam 2),anomaly_suppressed_cooldown,,,,
2026-07-07 15:15:36,Lab 301 (cam 2),anomaly_suppressed_cooldown,,,,
2026-07-07 15:15:44,Lab 301 (cam 2),anomaly_suppressed_cooldown,,,,
2026-07-07 15:15:44,Lab 301 (cam 2),anomaly_suppressed_cooldown,,,,
2026-07-07 15:15:44,Lab 301 (cam 2),anomaly_suppressed_cooldown,,,,
2026-07-07 15:15:44,Lab 301 (cam 2),anomaly_suppressed_cooldown,,,,
2026-07-07 15:15:44,Lab 301 (cam 2),anomaly_suppressed_cooldown,,,,
2026-07-07 15:15:44,Lab 301 (cam 2),anomaly_suppressed_cooldown,,,,
2026-07-07 15:15:44,Lab 301 (cam 2),anomaly_suppressed_cooldown,,,,
2026-07-07 15:15:44,Lab 301 (cam 2),anomaly_suppressed_cooldown,,,,
2026-07-07 15:15:45,Lab 301 (cam 2),anomaly_suppressed_cooldown,,,,
2026-07-07 15:15:45,Lab 301 (cam 2),anomaly_suppressed_cooldown,,,,
2026-07-07 15:15:45,Lab 301 (cam 2),anomaly_suppressed_cooldown,,,,
2026-07-07 15:15:45,Lab 301 (cam 2),anomaly_suppressed_cooldown,,,,
2026-07-07 15:15:45,Lab 301 (cam 2),anomaly_suppressed_cooldown,,,,
2026-07-07 15:15:45,Lab 301 (cam 2),anomaly_suppressed_cooldown,,,,
2026-07-07 15:15:45,Lab 301 (cam 2),anomaly_suppressed_cooldown,,,,
2026-07-07 15:15:45,Lab 301 (cam 2),anomaly_suppressed_cooldown,,,,
2026-07-07 15:15:45,Lab 301 (cam 2),anomaly_suppressed_cooldown,,,,
2026-07-07 15:15:45,Lab 301 (cam 2),anomaly_suppressed_cooldown,,,,
2026-07-07 15:15:45,Lab 301 (cam 2),anomaly_suppressed_cooldown,,,,
2026-07-07 15:15:45,Lab 301 (cam 2),anomaly_suppressed_cooldown,,,,
2026-07-07 15:15:45,Lab 301 (cam 2),anomaly_suppressed_cooldown,,,,
2026-07-07 15:15:45,Lab 301 (cam 2),anomaly_suppressed_cooldown,,,,
2026-07-07 15:15:45,Lab 301 (cam 2),anomaly_suppressed_cooldown,,,,
2026-07-07 15:15:45,Lab 301 (cam 2),anomaly_suppressed_cooldown,,,,
2026-07-07 15:15:45,Lab 301 (cam 2),anomaly_suppressed_cooldown,,,,
2026-07-07 15:15:45,Lab 301 (cam 2),anomaly_suppressed_cooldown,,,,
2026-07-07 15:15:45,Lab 301 (cam 2),anomaly_suppressed_cooldown,,,,
2026-07-07 15:15:46,Lab 301 (cam 2),anomaly_suppressed_cooldown,,,,
2026-07-07 15:15:46,Lab 301 (cam 2),anomaly_suppressed_cooldown,,,,
2026-07-07 15:15:46,Lab 301 (cam 2),anomaly_suppressed_cooldown,,,,
2026-07-07 15:15:46,Lab 301 (cam 2),anomaly_suppressed_cooldown,,,,
2026-07-07 15:15:46,Lab 301 (cam 2),anomaly_suppressed_cooldown,,,,
2026-07-07 15:15:46,Lab 301 (cam 2),anomaly_suppressed_cooldown,,,,
2026-07-07 15:15:46,Lab 301 (cam 2),anomaly_suppressed_cooldown,,,,
2026-07-07 15:15:46,Lab 301 (cam 2),anomaly_suppressed_cooldown,,,,
2026-07-07 15:15:46,Lab 301 (cam 2),anomaly_suppressed_cooldown,,,,
2026-07-07 15:15:46,Lab 301 (cam 2),anomaly_suppressed_cooldown,,,,
2026-07-07 15:15:46,Lab 301 (cam 2),anomaly_suppressed_cooldown,,,,
2026-07-07 15:15:46,Lab 301 (cam 2),anomaly_suppressed_cooldown,,,,
2026-07-07 15:15:46,Lab 301 (cam 2),anomaly_suppressed_cooldown,,,,
2026-07-07 15:15:46,Lab 301 (cam 2),anomaly_suppressed_cooldown,,,,
2026-07-07 15:15:46,Lab 301 (cam 2),anomaly_suppressed_cooldown,,,,
2026-07-07 15:15:46,Lab 301 (cam 2),anomaly_suppressed_cooldown,,,,
2026-07-07 15:15:46,Lab 301 (cam 2),anomaly_suppressed_cooldown,,,,
2026-07-07 15:15:46,Lab 301 (cam 2),anomaly_suppressed_cooldown,,,,
2026-07-07 15:15:46,Lab 301 (cam 2),anomaly_suppressed_cooldown,,,,
2026-07-07 15:15:46,Lab 301 (cam 2),anomaly_suppressed_cooldown,,,,
2026-07-07 15:15:46,Lab 301 (cam 2),anomaly_suppressed_cooldown,,,,
2026-07-07 15:15:46,Lab 301 (cam 2),anomaly_suppressed_cooldown,,,,
2026-07-07 15:15:46,Lab 301 (cam 2),anomaly_suppressed_cooldown,,,,
2026-07-07 15:15:46,Lab 301 (cam 2),anomaly_suppressed_cooldown,,,,
2026-07-07 15:15:46,Lab 301 (cam 2),anomaly_suppressed_cooldown,,,,
2026-07-07 15:15:46,Lab 301 (cam 2),anomaly_suppressed_cooldown,,,,
2026-07-07 15:15:46,Lab 301 (cam 2),anomaly_suppressed_cooldown,,,,
2026-07-07 15:15:47,Lab 301 (cam 2),anomaly_suppressed_cooldown,,,,
2026-07-07 15:15:47,Lab 301 (cam 2),anomaly_suppressed_cooldown,,,,
2026-07-07 15:15:47,Lab 301 (cam 2),anomaly_suppressed_cooldown,,,,
2026-07-07 15:15:47,Lab 301 (cam 2),anomaly_suppressed_cooldown,,,,
2026-07-07 15:15:47,Lab 301 (cam 2),anomaly_suppressed_cooldown,,,,
2026-07-07 15:15:47,Lab 301 (cam 2),anomaly_suppressed_cooldown,,,,
2026-07-07 15:15:47,Lab 301 (cam 2),anomaly_suppressed_cooldown,,,,
2026-07-07 15:15:47,Lab 301 (cam 2),anomaly_suppressed_cooldown,,,,
2026-07-07 15:15:47,Lab 301 (cam 2),anomaly_suppressed_cooldown,,,,
2026-07-07 15:15:47,Lab 301 (cam 2),anomaly_suppressed_cooldown,,,,
2026-07-07 15:15:47,Lab 301 (cam 2),anomaly_suppressed_cooldown,,,,
2026-07-07 15:15:47,Lab 301 (cam 2),anomaly_suppressed_cooldown,,,,
2026-07-07 15:15:47,Lab 301 (cam 2),anomaly_suppressed_cooldown,,,,
2026-07-07 15:15:47,Lab 301 (cam 2),anomaly_suppressed_cooldown,,,,
2026-07-07 15:15:47,Lab 301 (cam 2),anomaly_suppressed_cooldown,,,,
2026-07-07 15:15:47,Lab 301 (cam 2),anomaly_suppressed_cooldown,,,,
2026-07-07 15:15:47,Lab 301 (cam 2),anomaly_suppressed_cooldown,,,,
2026-07-07 15:15:47,Lab 301 (cam 2),anomaly_suppressed_cooldown,,,,
2026-07-07 15:15:48,Lab 301 (cam 2),anomaly_suppressed_cooldown,,,,
2026-07-07 15:15:48,Lab 301 (cam 2),anomaly_suppressed_cooldown,,,,
2026-07-07 15:15:48,Lab 301 (cam 2),anomaly_suppressed_cooldown,,,,
2026-07-07 15:15:48,Lab 301 (cam 2),anomaly_suppressed_cooldown,,,,
2026-07-07 15:15:48,Lab 301 (cam 2),anomaly_suppressed_cooldown,,,,
2026-07-07 15:15:48,Lab 301 (cam 2),anomaly_suppressed_cooldown,,,,
2026-07-07 15:15:48,Lab 301 (cam 2),anomaly_suppressed_cooldown,,,,
2026-07-07 15:15:48,Lab 301 (cam 2),anomaly_suppressed_cooldown,,,,
2026-07-07 15:15:48,Lab 301 (cam 2),anomaly_suppressed_cooldown,,,,
2026-07-07 15:15:48,Lab 301 (cam 2),anomaly_suppressed_cooldown,,,,
2026-07-07 15:15:48,Lab 301 (cam 2),anomaly_suppressed_cooldown,,,,
2026-07-07 15:15:48,Lab 301 (cam 2),anomaly_suppressed_cooldown,,,,
2026-07-07 15:15:49,Lab 301 (cam 2),anomaly_suppressed_cooldown,,,,
2026-07-07 15:15:49,Lab 301 (cam 2),anomaly_suppressed_cooldown,,,,
2026-07-07 15:15:49,Lab 301 (cam 2),anomaly_suppressed_cooldown,,,,
2026-07-07 15:15:49,Lab 301 (cam 2),anomaly_suppressed_cooldown,,,,
2026-07-07 15:15:49,Lab 301 (cam 2),anomaly_suppressed_cooldown,,,,
2026-07-07 15:15:50,Lab 301 (cam 2),anomaly_suppressed_cooldown,,,,
2026-07-07 15:15:50,Lab 301 (cam 2),anomaly_suppressed_cooldown,,,,
2026-07-07 15:15:50,Lab 301 (cam 2),anomaly_suppressed_cooldown,,,,
2026-07-07 15:15:50,Lab 301 (cam 2),anomaly_suppressed_cooldown,,,,
2026-07-07 15:15:50,Lab 301 (cam 2),anomaly_suppressed_cooldown,,,,
2026-07-07 15:15:50,Lab 301 (cam 2),anomaly_suppressed_cooldown,,,,
2026-07-07 15:15:50,Lab 301 (cam 2),anomaly_suppressed_cooldown,,,,
2026-07-07 15:15:50,Lab 301 (cam 2),anomaly_suppressed_cooldown,,,,
2026-07-07 15:15:50,Lab 301 (cam 2),anomaly_suppressed_cooldown,,,,
2026-07-07 15:15:50,Lab 301 (cam 2),anomaly_suppressed_cooldown,,,,
2026-07-07 15:15:50,Lab 301 (cam 2),anomaly_suppressed_cooldown,,,,
2026-07-07 15:15:50,Lab 301 (cam 2),anomaly_suppressed_cooldown,,,,
2026-07-07 15:15:50,Lab 301 (cam 2),anomaly_suppressed_cooldown,,,,
2026-07-07 15:15:50,Lab 301 (cam 2),anomaly_suppressed_cooldown,,,,
2026-07-07 15:15:50,Lab 301 (cam 2),anomaly_suppressed_cooldown,,,,
2026-07-07 15:15:50,Lab 301 (cam 2),anomaly_suppressed_cooldown,,,,
2026-07-07 15:15:50,Lab 301 (cam 2),anomaly_suppressed_cooldown,,,,
2026-07-07 15:15:50,Lab 301 (cam 2),anomaly_suppressed_cooldown,,,,
2026-07-07 15:15:50,Lab 301 (cam 2),anomaly_suppressed_cooldown,,,,
2026-07-07 15:15:51,Lab 301 (cam 2),anomaly_suppressed_cooldown,,,,
2026-07-07 15:15:51,Lab 301 (cam 2),anomaly_suppressed_cooldown,,,,
2026-07-07 15:15:51,Lab 301 (cam 2),anomaly_suppressed_cooldown,,,,
2026-07-07 15:15:51,Lab 301 (cam 2),anomaly_suppressed_cooldown,,,,
2026-07-07 15:15:51,Lab 301 (cam 2),anomaly_suppressed_cooldown,,,,
2026-07-07 15:15:51,Lab 301 (cam 2),anomaly_suppressed_cooldown,,,,
2026-07-07 15:15:51,Lab 301 (cam 2),anomaly_suppressed_cooldown,,,,
2026-07-07 15:15:51,Lab 301 (cam 2),anomaly_suppressed_cooldown,,,,
2026-07-07 15:15:51,Lab 301 (cam 2),anomaly_suppressed_cooldown,,,,
2026-07-07 15:15:51,Lab 301 (cam 2),anomaly_suppressed_cooldown,,,,
2026-07-07 15:15:51,Lab 301 (cam 2),anomaly_suppressed_cooldown,,,,
2026-07-07 15:15:52,Lab 301 (cam 2),anomaly_suppressed_cooldown,,,,
2026-07-07 15:15:52,Lab 301 (cam 2),anomaly_suppressed_cooldown,,,,
2026-07-07 15:15:52,Lab 301 (cam 2),anomaly_suppressed_cooldown,,,,
2026-07-07 15:15:52,Lab 301 (cam 2),anomaly_suppressed_cooldown,,,,
2026-07-07 15:15:52,Lab 301 (cam 2),anomaly_suppressed_cooldown,,,,
2026-07-07 15:15:52,Lab 301 (cam 2),anomaly_suppressed_cooldown,,,,
2026-07-07 15:15:52,Lab 301 (cam 2),anomaly_suppressed_cooldown,,,,
2026-07-07 15:15:52,Lab 301 (cam 2),anomaly_suppressed_cooldown,,,,
2026-07-07 15:15:52,Lab 301 (cam 2),anomaly_suppressed_cooldown,,,,
2026-07-07 15:15:52,Lab 301 (cam 2),anomaly_suppressed_cooldown,,,,
2026-07-07 15:15:52,Lab 301 (cam 2),anomaly_suppressed_cooldown,,,,
2026-07-07 15:15:53,Lab 301 (cam 2),anomaly_suppressed_cooldown,,,,
2026-07-07 15:15:53,Lab 301 (cam 2),anomaly_suppressed_cooldown,,,,
2026-07-07 15:15:53,Lab 301 (cam 2),anomaly_suppressed_cooldown,,,,
2026-07-07 15:15:53,Lab 301 (cam 2),anomaly_suppressed_cooldown,,,,
2026-07-07 15:15:53,Lab 301 (cam 2),anomaly_suppressed_cooldown,,,,
2026-07-07 15:15:53,Lab 301 (cam 2),anomaly_suppressed_cooldown,,,,
2026-07-07 15:15:53,Lab 301 (cam 2),anomaly_suppressed_cooldown,,,,
2026-07-07 15:15:53,Lab 301 (cam 2),anomaly_suppressed_cooldown,,,,
2026-07-07 15:15:53,Lab 301 (cam 2),anomaly_suppressed_cooldown,,,,
2026-07-07 15:15:53,Lab 301 (cam 2),anomaly_suppressed_cooldown,,,,
2026-07-07 15:15:53,Lab 301 (cam 2),anomaly_suppressed_cooldown,,,,
2026-07-07 15:15:53,Lab 301 (cam 2),anomaly_suppressed_cooldown,,,,
2026-07-07 15:15:53,Lab 301 (cam 2),anomaly_suppressed_cooldown,,,,
2026-07-07 15:15:53,Lab 301 (cam 2),anomaly_suppressed_cooldown,,,,
2026-07-07 15:15:53,Lab 301 (cam 2),anomaly_suppressed_cooldown,,,,
2026-07-07 15:15:53,Lab 301 (cam 2),anomaly_suppressed_cooldown,,,,
2026-07-07 15:15:53,Lab 301 (cam 2),anomaly_suppressed_cooldown,,,,
2026-07-07 15:15:53,Lab 301 (cam 2),anomaly_suppressed_cooldown,,,,
2026-07-07 15:15:53,Lab 301 (cam 2),anomaly_suppressed_cooldown,,,,
2026-07-07 15:15:53,Lab 301 (cam 2),anomaly_suppressed_cooldown,,,,
2026-07-07 15:15:53,Lab 301 (cam 2),anomaly_suppressed_cooldown,,,,
2026-07-07 15:15:54,Lab 301 (cam 2),anomaly_suppressed_cooldown,,,,
2026-07-07 15:15:55,Lab 301 (cam 2),anomaly_suppressed_cooldown,,,,
2026-07-07 15:15:55,Lab 301 (cam 2),anomaly_suppressed_cooldown,,,,
2026-07-07 15:15:55,Lab 301 (cam 2),anomaly_suppressed_cooldown,,,,
2026-07-07 15:15:55,Lab 301 (cam 2),anomaly_suppressed_cooldown,,,,
2026-07-07 15:15:55,Lab 301 (cam 2),anomaly_suppressed_cooldown,,,,
2026-07-07 15:15:55,Lab 301 (cam 2),anomaly_suppressed_cooldown,,,,
2026-07-07 15:15:55,Lab 301 (cam 2),anomaly_suppressed_cooldown,,,,
2026-07-07 15:15:55,Lab 301 (cam 2),anomaly_suppressed_cooldown,,,,
2026-07-07 15:15:55,Lab 301 (cam 2),anomaly_suppressed_cooldown,,,,
2026-07-07 15:15:55,Lab 301 (cam 2),anomaly_suppressed_cooldown,,,,
2026-07-07 15:15:55,Lab 301 (cam 2),anomaly_suppressed_cooldown,,,,
2026-07-07 15:15:55,Lab 301 (cam 2),anomaly_suppressed_cooldown,,,,
2026-07-07 15:15:55,Lab 301 (cam 2),anomaly_suppressed_cooldown,,,,
2026-07-07 15:15:55,Lab 301 (cam 2),anomaly_suppressed_cooldown,,,,
2026-07-07 15:15:55,Lab 301 (cam 2),anomaly_suppressed_cooldown,,,,
2026-07-07 15:15:55,Lab 301 (cam 2),anomaly_suppressed_cooldown,,,,
2026-07-07 15:15:55,Lab 301 (cam 2),anomaly_suppressed_cooldown,,,,
2026-07-07 15:15:55,Lab 301 (cam 2),anomaly_suppressed_cooldown,,,,
2026-07-07 15:15:55,Lab 301 (cam 2),anomaly_suppressed_cooldown,,,,
2026-07-07 15:15:55,Lab 301 (cam 2),anomaly_suppressed_cooldown,,,,
2026-07-07 15:15:55,Lab 301 (cam 2),anomaly_suppressed_cooldown,,,,
2026-07-07 15:15:55,Lab 301 (cam 2),anomaly_suppressed_cooldown,,,,
2026-07-07 15:15:55,Lab 301 (cam 2),anomaly_suppressed_cooldown,,,,
2026-07-07 15:15:55,Lab 301 (cam 2),anomaly_suppressed_cooldown,,,,
2026-07-07 15:15:55,Lab 301 (cam 2),anomaly_suppressed_cooldown,,,,
2026-07-07 15:15:55,Lab 301 (cam 2),anomaly_suppressed_cooldown,,,,
2026-07-07 15:15:55,Lab 301 (cam 2),anomaly_suppressed_cooldown,,,,
2026-07-07 15:15:55,Lab 301 (cam 2),anomaly_suppressed_cooldown,,,,
2026-07-07 15:15:55,Lab 301 (cam 2),anomaly_suppressed_cooldown,,,,
2026-07-07 15:15:56,Lab 301 (cam 2),anomaly_suppressed_cooldown,,,,
2026-07-07 15:15:56,Lab 301 (cam 2),anomaly_suppressed_cooldown,,,,
2026-07-07 15:15:56,Lab 301 (cam 2),anomaly_suppressed_cooldown,,,,
2026-07-07 15:15:56,Lab 301 (cam 2),anomaly_suppressed_cooldown,,,,
2026-07-07 15:15:56,Lab 301 (cam 2),anomaly_suppressed_cooldown,,,,
2026-07-07 15:15:56,Lab 301 (cam 2),anomaly_suppressed_cooldown,,,,
2026-07-07 15:15:56,Lab 301 (cam 2),anomaly_suppressed_cooldown,,,,
2026-07-07 15:15:56,Lab 301 (cam 2),anomaly_suppressed_cooldown,,,,
2026-07-07 15:15:56,Lab 301 (cam 2),anomaly_suppressed_cooldown,,,,
2026-07-07 15:15:56,Lab 301 (cam 2),anomaly_suppressed_cooldown,,,,
2026-07-07 15:15:56,Lab 301 (cam 2),anomaly_suppressed_cooldown,,,,
2026-07-07 15:15:56,Lab 301 (cam 2),anomaly_suppressed_cooldown,,,,
2026-07-07 15:15:56,Lab 301 (cam 2),anomaly_suppressed_cooldown,,,,
2026-07-07 15:15:56,Lab 301 (cam 2),anomaly_suppressed_cooldown,,,,
2026-07-07 15:15:56,Lab 301 (cam 2),anomaly_suppressed_cooldown,,,,
2026-07-07 15:15:56,Lab 301 (cam 2),anomaly_suppressed_cooldown,,,,
2026-07-07 15:15:56,Lab 301 (cam 2),anomaly_suppressed_cooldown,,,,
2026-07-07 15:15:56,Lab 301 (cam 2),anomaly_suppressed_cooldown,,,,
2026-07-07 15:15:56,Lab 301 (cam 2),anomaly_suppressed_cooldown,,,,
2026-07-07 15:15:56,Lab 301 (cam 2),anomaly_suppressed_cooldown,,,,
2026-07-07 15:15:56,Lab 301 (cam 2),anomaly_suppressed_cooldown,,,,
2026-07-07 15:15:56,Lab 301 (cam 2),anomaly_suppressed_cooldown,,,,
2026-07-07 15:15:56,Lab 301 (cam 2),anomaly_suppressed_cooldown,,,,
2026-07-07 15:15:56,Lab 301 (cam 2),anomaly_suppressed_cooldown,,,,
2026-07-07 15:15:56,Lab 301 (cam 2),anomaly_suppressed_cooldown,,,,
2026-07-07 15:15:56,Lab 301 (cam 2),anomaly_suppressed_cooldown,,,,
2026-07-07 15:15:57,Lab 301 (cam 2),anomaly_suppressed_cooldown,,,,
2026-07-07 15:15:57,Lab 301 (cam 2),anomaly_suppressed_cooldown,,,,
2026-07-07 15:15:57,Lab 301 (cam 2),anomaly_suppressed_cooldown,,,,
2026-07-07 15:15:57,Lab 301 (cam 2),anomaly_suppressed_cooldown,,,,
2026-07-07 15:15:57,Lab 301 (cam 2),anomaly_suppressed_cooldown,,,,
2026-07-07 15:15:57,Lab 301 (cam 2),anomaly_suppressed_cooldown,,,,
2026-07-07 15:15:57,Lab 301 (cam 2),anomaly_suppressed_cooldown,,,,
2026-07-07 15:15:57,Lab 301 (cam 2),anomaly_suppressed_cooldown,,,,
2026-07-07 15:15:57,Lab 301 (cam 2),anomaly_suppressed_cooldown,,,,
2026-07-07 15:15:57,Lab 301 (cam 2),anomaly_suppressed_cooldown,,,,
2026-07-07 15:15:57,Lab 301 (cam 2),anomaly_suppressed_cooldown,,,,
2026-07-07 15:15:57,Lab 301 (cam 2),anomaly_suppressed_cooldown,,,,
2026-07-07 15:15:57,Lab 301 (cam 2),anomaly_suppressed_cooldown,,,,
2026-07-07 15:15:59,Lab 301 (cam 2),anomaly_suppressed_cooldown,,,,
2026-07-07 15:15:59,Lab 301 (cam 2),anomaly_suppressed_cooldown,,,,
2026-07-07 15:16:00,Lab 301 (cam 2),anomaly_suppressed_cooldown,,,,
2026-07-07 15:16:00,Lab 301 (cam 2),anomaly_suppressed_cooldown,,,,
2026-07-07 15:16:00,Lab 301 (cam 2),anomaly_suppressed_cooldown,,,,
2026-07-07 15:16:00,Lab 301 (cam 2),anomaly_suppressed_cooldown,,,,
2026-07-07 15:16:00,Lab 301 (cam 2),anomaly_suppressed_cooldown,,,,
2026-07-07 15:16:00,Lab 301 (cam 2),anomaly_suppressed_cooldown,,,,
2026-07-07 15:16:00,Lab 301 (cam 2),anomaly_suppressed_cooldown,,,,
2026-07-07 15:16:00,Lab 301 (cam 2),anomaly_suppressed_cooldown,,,,
2026-07-07 15:16:01,Lab 301 (cam 2),anomaly_suppressed_cooldown,,,,
2026-07-07 15:16:01,Lab 301 (cam 2),anomaly_suppressed_cooldown,,,,
2026-07-07 15:16:01,Lab 301 (cam 2),anomaly_suppressed_cooldown,,,,
2026-07-07 15:16:01,Lab 301 (cam 2),anomaly_suppressed_cooldown,,,,
2026-07-07 15:16:01,Lab 301 (cam 2),anomaly_suppressed_cooldown,,,,
2026-07-07 15:16:01,Lab 301 (cam 2),anomaly_suppressed_cooldown,,,,
2026-07-07 15:16:01,Lab 301 (cam 2),anomaly_suppressed_cooldown,,,,
2026-07-07 15:16:01,Lab 301 (cam 2),anomaly_suppressed_cooldown,,,,
2026-07-07 15:16:01,Lab 301 (cam 2),anomaly_suppressed_cooldown,,,,
2026-07-07 15:16:01,Lab 301 (cam 2),anomaly_suppressed_cooldown,,,,
2026-07-07 15:16:01,Lab 301 (cam 2),anomaly_suppressed_cooldown,,,,
2026-07-07 15:16:01,Lab 301 (cam 2),anomaly_suppressed_cooldown,,,,
2026-07-07 15:16:01,Lab 301 (cam 2),anomaly_suppressed_cooldown,,,,
2026-07-07 15:16:01,Lab 301 (cam 2),anomaly_suppressed_cooldown,,,,
2026-07-07 15:16:01,Lab 301 (cam 2),anomaly_suppressed_cooldown,,,,
2026-07-07 15:16:01,Lab 301 (cam 2),anomaly_suppressed_cooldown,,,,
2026-07-07 15:16:01,Lab 301 (cam 2),anomaly_suppressed_cooldown,,,,
2026-07-07 15:16:01,Lab 301 (cam 2),anomaly_suppressed_cooldown,,,,
2026-07-07 15:16:01,Lab 301 (cam 2),anomaly_suppressed_cooldown,,,,
2026-07-07 15:16:01,Lab 301 (cam 2),anomaly_suppressed_cooldown,,,,
2026-07-07 15:16:01,Lab 301 (cam 2),anomaly_suppressed_cooldown,,,,
2026-07-07 15:16:01,Lab 301 (cam 2),anomaly_suppressed_cooldown,,,,
2026-07-07 15:16:01,Lab 301 (cam 2),anomaly_suppressed_cooldown,,,,
2026-07-07 15:16:01,Lab 301 (cam 2),anomaly_suppressed_cooldown,,,,
2026-07-07 15:16:02,Lab 301 (cam 2),anomaly_suppressed_cooldown,,,,
2026-07-07 15:16:02,Lab 301 (cam 2),anomaly_suppressed_cooldown,,,,
2026-07-07 15:16:02,Lab 301 (cam 2),anomaly_suppressed_cooldown,,,,
2026-07-07 15:16:02,Lab 301 (cam 2),anomaly_suppressed_cooldown,,,,
2026-07-07 15:16:02,Lab 301 (cam 2),anomaly_suppressed_cooldown,,,,
2026-07-07 15:16:02,Lab 301 (cam 2),anomaly_suppressed_cooldown,,,,
2026-07-07 15:16:02,Lab 301 (cam 2),anomaly_suppressed_cooldown,,,,
2026-07-07 15:16:02,Lab 301 (cam 2),anomaly_suppressed_cooldown,,,,
2026-07-07 15:16:02,Lab 301 (cam 2),anomaly_suppressed_cooldown,,,,
2026-07-07 15:16:09,Lab 301 (cam 2),anomaly_suppressed_cooldown,,,,
2026-07-07 15:16:09,Lab 301 (cam 2),anomaly_suppressed_cooldown,,,,
2026-07-07 15:16:09,Lab 301 (cam 2),anomaly_suppressed_cooldown,,,,
2026-07-07 15:16:09,Lab 301 (cam 2),anomaly_suppressed_cooldown,,,,
2026-07-07 15:16:09,Lab 301 (cam 2),anomaly_suppressed_cooldown,,,,
2026-07-07 15:16:09,Lab 301 (cam 2),anomaly_suppressed_cooldown,,,,
2026-07-07 15:16:09,Lab 301 (cam 2),anomaly_suppressed_cooldown,,,,
2026-07-07 15:16:09,Lab 301 (cam 2),anomaly_suppressed_cooldown,,,,
2026-07-07 15:16:09,Lab 301 (cam 2),anomaly_suppressed_cooldown,,,,
2026-07-07 15:16:09,Lab 301 (cam 2),anomaly_suppressed_cooldown,,,,
2026-07-07 15:16:09,Lab 301 (cam 2),anomaly_suppressed_cooldown,,,,
2026-07-07 15:16:09,Lab 301 (cam 2),anomaly_suppressed_cooldown,,,,
2026-07-07 15:16:09,Lab 301 (cam 2),anomaly_suppressed_cooldown,,,,
2026-07-07 15:16:09,Lab 301 (cam 2),anomaly_suppressed_cooldown,,,,
2026-07-07 15:16:10,Lab 301 (cam 2),anomaly_suppressed_cooldown,,,,
2026-07-07 15:16:10,Lab 301 (cam 2),anomaly_suppressed_cooldown,,,,
2026-07-07 15:16:10,Lab 301 (cam 2),anomaly_suppressed_cooldown,,,,
2026-07-07 15:16:10,Lab 301 (cam 2),anomaly_suppressed_cooldown,,,,
2026-07-07 15:16:10,Lab 301 (cam 2),anomaly_suppressed_cooldown,,,,
2026-07-07 15:16:10,Lab 301 (cam 2),anomaly_suppressed_cooldown,,,,
2026-07-07 15:16:10,Lab 301 (cam 2),anomaly_suppressed_cooldown,,,,
2026-07-07 15:16:10,Lab 301 (cam 2),anomaly_suppressed_cooldown,,,,
2026-07-07 15:16:10,Lab 301 (cam 2),anomaly_suppressed_cooldown,,,,
2026-07-07 15:16:10,Lab 301 (cam 2),anomaly_suppressed_cooldown,,,,
2026-07-07 15:16:10,Lab 301 (cam 2),anomaly_suppressed_cooldown,,,,
2026-07-07 15:16:10,Lab 301 (cam 2),anomaly_suppressed_cooldown,,,,
2026-07-07 15:16:10,Lab 301 (cam 2),anomaly_suppressed_cooldown,,,,
2026-07-07 15:16:10,Lab 301 (cam 2),anomaly_suppressed_cooldown,,,,
2026-07-07 15:16:10,Lab 301 (cam 2),anomaly_suppressed_cooldown,,,,
2026-07-07 15:16:10,Lab 301 (cam 2),anomaly_suppressed_cooldown,,,,
2026-07-07 15:16:10,Lab 301 (cam 2),anomaly_suppressed_cooldown,,,,
2026-07-07 15:16:10,Lab 301 (cam 2),anomaly_suppressed_cooldown,,,,
2026-07-07 15:16:10,Lab 301 (cam 2),anomaly_suppressed_cooldown,,,,
2026-07-07 15:16:10,Lab 301 (cam 2),anomaly_suppressed_cooldown,,,,
2026-07-07 15:16:10,Lab 301 (cam 2),anomaly_suppressed_cooldown,,,,
2026-07-07 15:16:10,Lab 301 (cam 2),anomaly_suppressed_cooldown,,,,
2026-07-07 15:16:10,Lab 301 (cam 2),anomaly_suppressed_cooldown,,,,
2026-07-07 15:16:10,Lab 301 (cam 2),anomaly_suppressed_cooldown,,,,
2026-07-07 15:16:10,Lab 301 (cam 2),anomaly_suppressed_cooldown,,,,
2026-07-07 15:16:10,Lab 301 (cam 2),anomaly_suppressed_cooldown,,,,
2026-07-07 15:16:10,Lab 301 (cam 2),anomaly_suppressed_cooldown,,,,
2026-07-07 15:16:10,Lab 301 (cam 2),anomaly_suppressed_cooldown,,,,
2026-07-07 15:16:11,Lab 301 (cam 2),anomaly_suppressed_cooldown,,,,
2026-07-07 15:16:11,Lab 301 (cam 2),anomaly_suppressed_cooldown,,,,
2026-07-07 15:16:11,Lab 301 (cam 2),anomaly_suppressed_cooldown,,,,
2026-07-07 15:16:11,Lab 301 (cam 2),anomaly_suppressed_cooldown,,,,
2026-07-07 15:16:11,Lab 301 (cam 2),anomaly_suppressed_cooldown,,,,
2026-07-07 15:16:11,Lab 301 (cam 2),anomaly_suppressed_cooldown,,,,
2026-07-07 15:16:11,Lab 301 (cam 2),anomaly_suppressed_cooldown,,,,
2026-07-07 15:16:11,Lab 301 (cam 2),anomaly_suppressed_cooldown,,,,
2026-07-07 15:16:11,Lab 301 (cam 2),anomaly_suppressed_cooldown,,,,
2026-07-07 15:16:11,Lab 301 (cam 2),anomaly_suppressed_cooldown,,,,
2026-07-07 15:16:11,Lab 301 (cam 2),anomaly_suppressed_cooldown,,,,
2026-07-07 15:16:11,Lab 301 (cam 2),anomaly_suppressed_cooldown,,,,
2026-07-07 15:16:11,Lab 301 (cam 2),anomaly_suppressed_cooldown,,,,
2026-07-07 15:16:11,Lab 301 (cam 2),anomaly_suppressed_cooldown,,,,
2026-07-07 15:16:11,Lab 301 (cam 2),anomaly_suppressed_cooldown,,,,
2026-07-07 15:16:11,Lab 301 (cam 2),anomaly_suppressed_cooldown,,,,
2026-07-07 15:16:11,Lab 301 (cam 2),anomaly_suppressed_cooldown,,,,
2026-07-07 15:16:11,Lab 301 (cam 2),anomaly_suppressed_cooldown,,,,
2026-07-07 15:16:11,Lab 301 (cam 2),anomaly_suppressed_cooldown,,,,
2026-07-07 15:16:11,Lab 301 (cam 2),anomaly_suppressed_cooldown,,,,
2026-07-07 15:16:11,Lab 301 (cam 2),anomaly_suppressed_cooldown,,,,
2026-07-07 15:16:11,Lab 301 (cam 2),anomaly_suppressed_cooldown,,,,
2026-07-07 15:16:11,Lab 301 (cam 2),anomaly_suppressed_cooldown,,,,
2026-07-07 15:16:11,Lab 301 (cam 2),anomaly_suppressed_cooldown,,,,
2026-07-07 15:16:11,Lab 301 (cam 2),anomaly_suppressed_cooldown,,,,
2026-07-07 15:16:11,Lab 301 (cam 2),anomaly_suppressed_cooldown,,,,
2026-07-07 15:16:11,Lab 301 (cam 2),anomaly_suppressed_cooldown,,,,
2026-07-07 15:16:11,Lab 301 (cam 2),anomaly_suppressed_cooldown,,,,
2026-07-07 15:16:11,Lab 301 (cam 2),anomaly_suppressed_cooldown,,,,
2026-07-07 15:16:11,Lab 301 (cam 2),anomaly_suppressed_cooldown,,,,
2026-07-07 15:16:12,Lab 301 (cam 2),anomaly_suppressed_cooldown,,,,
2026-07-07 15:16:12,Lab 301 (cam 2),anomaly_suppressed_cooldown,,,,
2026-07-07 15:16:12,Lab 301 (cam 2),anomaly_suppressed_cooldown,,,,
2026-07-07 15:16:12,Lab 301 (cam 2),anomaly_suppressed_cooldown,,,,
2026-07-07 15:16:12,Lab 301 (cam 2),anomaly_suppressed_cooldown,,,,
2026-07-07 15:16:12,Lab 301 (cam 2),anomaly_suppressed_cooldown,,,,
2026-07-07 15:16:12,Lab 301 (cam 2),anomaly_suppressed_cooldown,,,,
2026-07-07 15:16:12,Lab 301 (cam 2),anomaly_suppressed_cooldown,,,,
2026-07-07 15:16:12,Lab 301 (cam 2),anomaly_suppressed_cooldown,,,,
2026-07-07 15:16:12,Lab 301 (cam 2),anomaly_suppressed_cooldown,,,,
2026-07-07 15:16:12,Lab 301 (cam 2),anomaly_suppressed_cooldown,,,,
2026-07-07 15:16:12,Lab 301 (cam 2),anomaly_suppressed_cooldown,,,,
2026-07-07 15:16:12,Lab 301 (cam 2),anomaly_suppressed_cooldown,,,,
2026-07-07 15:16:12,Lab 301 (cam 2),anomaly_suppressed_cooldown,,,,
2026-07-07 15:16:12,Lab 301 (cam 2),anomaly_suppressed_cooldown,,,,
2026-07-07 15:16:12,Lab 301 (cam 2),anomaly_suppressed_cooldown,,,,
2026-07-07 15:16:12,Lab 301 (cam 2),anomaly_suppressed_cooldown,,,,
2026-07-07 15:16:12,Lab 301 (cam 2),anomaly_suppressed_cooldown,,,,
2026-07-07 15:16:12,Lab 301 (cam 2),anomaly_suppressed_cooldown,,,,
2026-07-07 15:16:12,Lab 301 (cam 2),anomaly_suppressed_cooldown,,,,
2026-07-07 15:16:12,Lab 301 (cam 2),anomaly_suppressed_cooldown,,,,
2026-07-07 15:16:12,Lab 301 (cam 2),anomaly_suppressed_cooldown,,,,
2026-07-07 15:16:12,Lab 301 (cam 2),anomaly_suppressed_cooldown,,,,
2026-07-07 15:16:12,Lab 301 (cam 2),anomaly_suppressed_cooldown,,,,
2026-07-07 15:16:12,Lab 301 (cam 2),anomaly_suppressed_cooldown,,,,
2026-07-07 15:16:12,Lab 301 (cam 2),anomaly_suppressed_cooldown,,,,
2026-07-07 15:16:12,Lab 301 (cam 2),anomaly_suppressed_cooldown,,,,
2026-07-07 15:16:12,Lab 301 (cam 2),anomaly_suppressed_cooldown,,,,
2026-07-07 15:16:12,Lab 301 (cam 2),anomaly_suppressed_cooldown,,,,
2026-07-07 15:16:12,Lab 301 (cam 2),anomaly_suppressed_cooldown,,,,
2026-07-07 15:16:12,Lab 301 (cam 2),anomaly_suppressed_cooldown,,,,
2026-07-07 15:16:13,Lab 301 (cam 2),anomaly_suppressed_cooldown,,,,
2026-07-07 15:16:13,Lab 301 (cam 2),anomaly_suppressed_cooldown,,,,
2026-07-07 15:16:13,Lab 301 (cam 2),anomaly_suppressed_cooldown,,,,
2026-07-07 15:16:13,Lab 301 (cam 2),anomaly_suppressed_cooldown,,,,
2026-07-07 15:16:13,Lab 301 (cam 2),anomaly_suppressed_cooldown,,,,
2026-07-07 15:16:13,Lab 301 (cam 2),anomaly_suppressed_cooldown,,,,
2026-07-07 15:16:13,Lab 301 (cam 2),anomaly_suppressed_cooldown,,,,
2026-07-07 15:16:13,Lab 301 (cam 2),anomaly_suppressed_cooldown,,,,
2026-07-07 15:16:13,Lab 301 (cam 2),anomaly_suppressed_cooldown,,,,
2026-07-07 15:16:13,Lab 301 (cam 2),anomaly_suppressed_cooldown,,,,
2026-07-07 15:16:13,Lab 301 (cam 2),anomaly_suppressed_cooldown,,,,
2026-07-07 15:16:13,Lab 301 (cam 2),anomaly_suppressed_cooldown,,,,
2026-07-07 15:16:13,Lab 301 (cam 2),anomaly_suppressed_cooldown,,,,
2026-07-07 15:16:13,Lab 301 (cam 2),anomaly_suppressed_cooldown,,,,
2026-07-07 15:16:13,Lab 301 (cam 2),anomaly_suppressed_cooldown,,,,
2026-07-07 15:16:13,Lab 301 (cam 2),anomaly_suppressed_cooldown,,,,
2026-07-07 15:16:13,Lab 301 (cam 2),anomaly_suppressed_cooldown,,,,
2026-07-07 15:16:13,Lab 301 (cam 2),anomaly_suppressed_cooldown,,,,
2026-07-07 15:16:13,Lab 301 (cam 2),anomaly_suppressed_cooldown,,,,
2026-07-07 15:16:13,Lab 301 (cam 2),anomaly_suppressed_cooldown,,,,
2026-07-07 15:16:13,Lab 301 (cam 2),anomaly_suppressed_cooldown,,,,
2026-07-07 15:16:13,Lab 301 (cam 2),anomaly_suppressed_cooldown,,,,
2026-07-07 15:16:13,Lab 301 (cam 2),anomaly_suppressed_cooldown,,,,
2026-07-07 15:16:13,Lab 301 (cam 2),anomaly_suppressed_cooldown,,,,
2026-07-07 15:16:13,Lab 301 (cam 2),anomaly_suppressed_cooldown,,,,
2026-07-07 15:16:13,Lab 301 (cam 2),anomaly_suppressed_cooldown,,,,
2026-07-07 15:16:13,Lab 301 (cam 2),anomaly_suppressed_cooldown,,,,
2026-07-07 15:16:13,Lab 301 (cam 2),anomaly_suppressed_cooldown,,,,
2026-07-07 15:16:13,Lab 301 (cam 2),anomaly_suppressed_cooldown,,,,
2026-07-07 15:16:14,Lab 301 (cam 2),anomaly_suppressed_cooldown,,,,
2026-07-07 15:16:14,Lab 301 (cam 2),anomaly_suppressed_cooldown,,,,
2026-07-07 15:16:14,Lab 301 (cam 2),anomaly_suppressed_cooldown,,,,
2026-07-07 15:16:14,Lab 301 (cam 2),anomaly_suppressed_cooldown,,,,
2026-07-07 15:16:14,Lab 301 (cam 2),anomaly_suppressed_cooldown,,,,
2026-07-07 15:16:14,Lab 301 (cam 2),anomaly_suppressed_cooldown,,,,
2026-07-07 15:16:14,Lab 301 (cam 2),anomaly_suppressed_cooldown,,,,
2026-07-07 15:16:14,Lab 301 (cam 2),anomaly_suppressed_cooldown,,,,
2026-07-07 15:16:15,Lab 301 (cam 2),anomaly_suppressed_cooldown,,,,
2026-07-07 15:16:15,Lab 301 (cam 2),anomaly_suppressed_cooldown,,,,
2026-07-07 15:16:15,Lab 301 (cam 2),anomaly_suppressed_cooldown,,,,
2026-07-07 15:16:15,Lab 301 (cam 2),anomaly_suppressed_cooldown,,,,
2026-07-07 15:16:15,Lab 301 (cam 2),anomaly_suppressed_cooldown,,,,
2026-07-07 15:16:15,Lab 301 (cam 2),anomaly_suppressed_cooldown,,,,
2026-07-07 15:16:15,Lab 301 (cam 2),anomaly_suppressed_cooldown,,,,
2026-07-07 15:16:15,Lab 301 (cam 2),anomaly_suppressed_cooldown,,,,
2026-07-07 15:16:15,Lab 301 (cam 2),anomaly_suppressed_cooldown,,,,
2026-07-07 15:16:15,Lab 301 (cam 2),anomaly_suppressed_cooldown,,,,
2026-07-07 15:16:15,Lab 301 (cam 2),anomaly_suppressed_cooldown,,,,
2026-07-07 15:16:15,Lab 301 (cam 2),anomaly_suppressed_cooldown,,,,
2026-07-07 15:16:15,Lab 301 (cam 2),anomaly_suppressed_cooldown,,,,
2026-07-07 15:16:15,Lab 301 (cam 2),anomaly_suppressed_cooldown,,,,
2026-07-07 15:16:15,Lab 301 (cam 2),anomaly_suppressed_cooldown,,,,
2026-07-07 15:16:16,Lab 301 (cam 2),anomaly_suppressed_cooldown,,,,
2026-07-07 15:16:16,Lab 301 (cam 2),anomaly_suppressed_cooldown,,,,
2026-07-07 15:16:16,Lab 301 (cam 2),anomaly_suppressed_cooldown,,,,
2026-07-07 15:16:16,Lab 301 (cam 2),anomaly_suppressed_cooldown,,,,
2026-07-07 15:16:16,Lab 301 (cam 2),anomaly_suppressed_cooldown,,,,
2026-07-07 15:16:16,Lab 301 (cam 2),anomaly_suppressed_cooldown,,,,
2026-07-07 15:16:16,Lab 301 (cam 2),anomaly_suppressed_cooldown,,,,
2026-07-07 15:16:16,Lab 301 (cam 2),anomaly_suppressed_cooldown,,,,
2026-07-07 15:16:16,Lab 301 (cam 2),anomaly_suppressed_cooldown,,,,
2026-07-07 15:16:16,Lab 301 (cam 2),anomaly_suppressed_cooldown,,,,
2026-07-07 15:16:16,Lab 301 (cam 2),anomaly_suppressed_cooldown,,,,
2026-07-07 15:16:16,Lab 301 (cam 2),anomaly_suppressed_cooldown,,,,
2026-07-07 15:16:16,Lab 301 (cam 2),anomaly_suppressed_cooldown,,,,
2026-07-07 15:16:16,Lab 301 (cam 2),anomaly_suppressed_cooldown,,,,
2026-07-07 15:16:16,Lab 301 (cam 2),anomaly_suppressed_cooldown,,,,
2026-07-07 15:16:16,Lab 301 (cam 2),anomaly_suppressed_cooldown,,,,
2026-07-07 15:16:16,Lab 301 (cam 2),anomaly_suppressed_cooldown,,,,
2026-07-07 15:16:16,Lab 301 (cam 2),anomaly_suppressed_cooldown,,,,
2026-07-07 15:16:16,Lab 301 (cam 2),anomaly_suppressed_cooldown,,,,
2026-07-07 15:16:16,Lab 301 (cam 2),anomaly_suppressed_cooldown,,,,
2026-07-07 15:16:16,Lab 301 (cam 2),anomaly_suppressed_cooldown,,,,
2026-07-07 15:16:16,Lab 301 (cam 2),anomaly_suppressed_cooldown,,,,
2026-07-07 15:16:16,Lab 301 (cam 2),anomaly_suppressed_cooldown,,,,
2026-07-07 15:16:16,Lab 301 (cam 2),anomaly_suppressed_cooldown,,,,
2026-07-07 15:16:16,Lab 301 (cam 2),anomaly_suppressed_cooldown,,,,
2026-07-07 15:16:16,Lab 301 (cam 2),anomaly_suppressed_cooldown,,,,
2026-07-07 15:16:16,Lab 301 (cam 2),anomaly_suppressed_cooldown,,,,
2026-07-07 15:16:17,Lab 301 (cam 2),anomaly_suppressed_cooldown,,,,
2026-07-07 15:16:17,Lab 301 (cam 2),anomaly_suppressed_cooldown,,,,
2026-07-07 15:16:17,Lab 301 (cam 2),anomaly_suppressed_cooldown,,,,
2026-07-07 15:16:17,Lab 301 (cam 2),anomaly_suppressed_cooldown,,,,
2026-07-07 15:16:17,Lab 301 (cam 2),anomaly_suppressed_cooldown,,,,
2026-07-07 15:16:17,Lab 301 (cam 2),anomaly_suppressed_cooldown,,,,
2026-07-07 15:16:17,Lab 301 (cam 2),anomaly_suppressed_cooldown,,,,
2026-07-07 15:16:17,Lab 301 (cam 2),anomaly_suppressed_cooldown,,,,
2026-07-07 15:16:17,Lab 301 (cam 2),anomaly_suppressed_cooldown,,,,
2026-07-07 15:16:17,Lab 301 (cam 2),anomaly_suppressed_cooldown,,,,
2026-07-07 15:16:17,Lab 301 (cam 2),anomaly_suppressed_cooldown,,,,
2026-07-07 15:16:17,Lab 301 (cam 2),anomaly_suppressed_cooldown,,,,
2026-07-07 15:16:17,Lab 301 (cam 2),anomaly_suppressed_cooldown,,,,
2026-07-07 15:16:17,Lab 301 (cam 2),anomaly_suppressed_cooldown,,,,
2026-07-07 15:16:17,Lab 301 (cam 2),anomaly_suppressed_cooldown,,,,
2026-07-07 15:16:17,Lab 301 (cam 2),anomaly_suppressed_cooldown,,,,
2026-07-07 15:16:17,Lab 301 (cam 2),anomaly_suppressed_cooldown,,,,
2026-07-07 15:16:17,Lab 301 (cam 2),anomaly_suppressed_cooldown,,,,
2026-07-07 15:16:17,Lab 301 (cam 2),anomaly_suppressed_cooldown,,,,
2026-07-07 15:16:17,Lab 301 (cam 2),anomaly_suppressed_cooldown,,,,
2026-07-07 15:16:17,Lab 301 (cam 2),anomaly_suppressed_cooldown,,,,
2026-07-07 15:16:17,Lab 301 (cam 2),anomaly_suppressed_cooldown,,,,
2026-07-07 15:16:17,Lab 301 (cam 2),anomaly_suppressed_cooldown,,,,
2026-07-07 15:16:17,Lab 301 (cam 2),anomaly_suppressed_cooldown,,,,
2026-07-07 15:16:17,Lab 301 (cam 2),anomaly_suppressed_cooldown,,,,
2026-07-07 15:16:30,Lab 301 (cam 2),anomaly_suppressed_cooldown,,,,
2026-07-07 15:16:30,Lab 301 (cam 2),anomaly_suppressed_cooldown,,,,
2026-07-07 15:16:30,Lab 301 (cam 2),anomaly_suppressed_cooldown,,,,
2026-07-07 15:16:30,Lab 301 (cam 2),anomaly_suppressed_cooldown,,,,
2026-07-07 15:16:30,Lab 301 (cam 2),anomaly_suppressed_cooldown,,,,
2026-07-07 15:16:31,Lab 301 (cam 2),anomaly_suppressed_cooldown,,,,
2026-07-07 15:16:31,Lab 301 (cam 2),anomaly_suppressed_cooldown,,,,
2026-07-07 15:16:31,Lab 301 (cam 2),anomaly_suppressed_cooldown,,,,
2026-07-07 15:16:31,Lab 301 (cam 2),anomaly_suppressed_cooldown,,,,
2026-07-07 15:16:31,Lab 301 (cam 2),anomaly_suppressed_cooldown,,,,
2026-07-07 15:16:31,Lab 301 (cam 2),anomaly_suppressed_cooldown,,,,
2026-07-07 15:16:31,Lab 301 (cam 2),anomaly_suppressed_cooldown,,,,
2026-07-07 15:16:31,Lab 301 (cam 2),anomaly_suppressed_cooldown,,,,
2026-07-07 15:16:31,Lab 301 (cam 2),anomaly_suppressed_cooldown,,,,
2026-07-07 15:16:31,Lab 301 (cam 2),anomaly_suppressed_cooldown,,,,
2026-07-07 15:16:31,Lab 301 (cam 2),anomaly_suppressed_cooldown,,,,
2026-07-07 15:16:31,Lab 301 (cam 2),anomaly_suppressed_cooldown,,,,
2026-07-07 15:16:31,Lab 301 (cam 2),anomaly_suppressed_cooldown,,,,
2026-07-07 15:16:31,Lab 301 (cam 2),anomaly_suppressed_cooldown,,,,
2026-07-07 15:16:31,Lab 301 (cam 2),anomaly_suppressed_cooldown,,,,
2026-07-07 15:16:31,Lab 301 (cam 2),anomaly_suppressed_cooldown,,,,
2026-07-07 15:16:31,Lab 301 (cam 2),anomaly_suppressed_cooldown,,,,
2026-07-07 15:16:31,Lab 301 (cam 2),anomaly_suppressed_cooldown,,,,
2026-07-07 15:16:31,Lab 301 (cam 2),anomaly_suppressed_cooldown,,,,
2026-07-07 15:16:31,Lab 301 (cam 2),anomaly_suppressed_cooldown,,,,
2026-07-07 15:16:31,Lab 301 (cam 2),anomaly_suppressed_cooldown,,,,
2026-07-07 15:16:31,Lab 301 (cam 2),anomaly_suppressed_cooldown,,,,
2026-07-07 15:16:31,Lab 301 (cam 2),anomaly_suppressed_cooldown,,,,
2026-07-07 15:16:31,Lab 301 (cam 2),anomaly_suppressed_cooldown,,,,
2026-07-07 15:16:31,Lab 301 (cam 2),anomaly_suppressed_cooldown,,,,
2026-07-07 15:16:31,Lab 301 (cam 2),anomaly_suppressed_cooldown,,,,
2026-07-07 15:16:31,Lab 301 (cam 2),anomaly_suppressed_cooldown,,,,
2026-07-07 15:16:31,Lab 301 (cam 2),anomaly_suppressed_cooldown,,,,
2026-07-07 15:16:32,Lab 301 (cam 2),anomaly_suppressed_cooldown,,,,
2026-07-07 15:16:32,Lab 301 (cam 2),anomaly_suppressed_cooldown,,,,
2026-07-07 15:16:32,Lab 301 (cam 2),anomaly_suppressed_cooldown,,,,
2026-07-07 15:16:32,Lab 301 (cam 2),anomaly_suppressed_cooldown,,,,
2026-07-07 15:16:32,Lab 301 (cam 2),anomaly_suppressed_cooldown,,,,
2026-07-07 15:16:32,Lab 301 (cam 2),anomaly_suppressed_cooldown,,,,
2026-07-07 15:16:32,Lab 301 (cam 2),anomaly_suppressed_cooldown,,,,
2026-07-07 15:16:32,Lab 301 (cam 2),anomaly_suppressed_cooldown,,,,
2026-07-07 15:16:32,Lab 301 (cam 2),anomaly_suppressed_cooldown,,,,
2026-07-07 15:16:32,Lab 301 (cam 2),anomaly_suppressed_cooldown,,,,
2026-07-07 15:16:32,Lab 301 (cam 2),anomaly_suppressed_cooldown,,,,
2026-07-07 15:16:32,Lab 301 (cam 2),anomaly_suppressed_cooldown,,,,
2026-07-07 15:16:32,Lab 301 (cam 2),anomaly_suppressed_cooldown,,,,
2026-07-07 15:16:32,Lab 301 (cam 2),anomaly_suppressed_cooldown,,,,
2026-07-07 15:16:32,Lab 301 (cam 2),anomaly_suppressed_cooldown,,,,
2026-07-07 15:16:32,Lab 301 (cam 2),anomaly_suppressed_cooldown,,,,
2026-07-07 15:16:32,Lab 301 (cam 2),anomaly_suppressed_cooldown,,,,
2026-07-07 15:16:32,Lab 301 (cam 2),anomaly_suppressed_cooldown,,,,
2026-07-07 15:16:32,Lab 301 (cam 2),anomaly_suppressed_cooldown,,,,
2026-07-07 15:16:32,Lab 301 (cam 2),anomaly_suppressed_cooldown,,,,
2026-07-07 15:16:32,Lab 301 (cam 2),anomaly_suppressed_cooldown,,,,
2026-07-07 15:16:32,Lab 301 (cam 2),anomaly_suppressed_cooldown,,,,
2026-07-07 15:16:32,Lab 301 (cam 2),anomaly_suppressed_cooldown,,,,
2026-07-07 15:16:32,Lab 301 (cam 2),anomaly_suppressed_cooldown,,,,
2026-07-07 15:16:32,Lab 301 (cam 2),anomaly_suppressed_cooldown,,,,
2026-07-07 15:16:32,Lab 301 (cam 2),anomaly_suppressed_cooldown,,,,
2026-07-07 15:16:32,Lab 301 (cam 2),anomaly_suppressed_cooldown,,,,
2026-07-07 15:16:33,Lab 301 (cam 2),anomaly_suppressed_cooldown,,,,
2026-07-07 15:16:33,Lab 301 (cam 2),anomaly_suppressed_cooldown,,,,
2026-07-07 15:16:33,Lab 301 (cam 2),anomaly_suppressed_cooldown,,,,
2026-07-07 15:16:33,Lab 301 (cam 2),anomaly_suppressed_cooldown,,,,
2026-07-07 15:17:42,Lab 301 (cam 2),anomaly,,snapshots\Lab_301_(cam_2)_20260707_151742.jpg,,
2026-07-07 15:17:42,Lab 301 (cam 2),anomaly_suppressed_cooldown,,,,
2026-07-07 15:17:42,Lab 301 (cam 2),anomaly_suppressed_cooldown,,,,
2026-07-07 15:17:42,Lab 301 (cam 2),anomaly_suppressed_cooldown,,,,
2026-07-07 15:17:42,Lab 301 (cam 2),anomaly_suppressed_cooldown,,,,
2026-07-07 15:17:42,Lab 301 (cam 2),anomaly_suppressed_cooldown,,,,
2026-07-07 15:17:42,Lab 301 (cam 2),anomaly_suppressed_cooldown,,,,
2026-07-07 15:17:42,Lab 301 (cam 2),anomaly_suppressed_cooldown,,,,
2026-07-07 15:17:42,Lab 301 (cam 2),anomaly_suppressed_cooldown,,,,
2026-07-07 15:17:42,Lab 301 (cam 2),anomaly_suppressed_cooldown,,,,
2026-07-07 15:17:42,Lab 301 (cam 2),anomaly_suppressed_cooldown,,,,
2026-07-07 15:17:42,Lab 301 (cam 2),anomaly_suppressed_cooldown,,,,
2026-07-07 15:17:42,Lab 301 (cam 2),anomaly_suppressed_cooldown,,,,
2026-07-07 15:17:42,Lab 301 (cam 2),anomaly_suppressed_cooldown,,,,
2026-07-07 15:17:42,Lab 301 (cam 2),anomaly_suppressed_cooldown,,,,
2026-07-07 15:17:42,Lab 301 (cam 2),anomaly_suppressed_cooldown,,,,
2026-07-07 15:17:42,Lab 301 (cam 2),anomaly_suppressed_cooldown,,,,
2026-07-07 15:17:43,Lab 301 (cam 2),anomaly_suppressed_cooldown,,,,
2026-07-07 15:17:43,Lab 301 (cam 2),anomaly_suppressed_cooldown,,,,
2026-07-07 15:17:43,Lab 301 (cam 2),anomaly_suppressed_cooldown,,,,
2026-07-07 15:17:43,Lab 301 (cam 2),anomaly_suppressed_cooldown,,,,
2026-07-07 15:17:43,Lab 301 (cam 2),anomaly_suppressed_cooldown,,,,
2026-07-07 15:17:43,Lab 301 (cam 2),anomaly_suppressed_cooldown,,,,
2026-07-07 15:17:43,Lab 301 (cam 2),anomaly_suppressed_cooldown,,,,
2026-07-07 15:17:43,Lab 301 (cam 2),anomaly_suppressed_cooldown,,,,
2026-07-07 15:17:43,Lab 301 (cam 2),anomaly_suppressed_cooldown,,,,
2026-07-07 15:17:43,Lab 301 (cam 2),anomaly_suppressed_cooldown,,,,
2026-07-07 15:17:43,Lab 301 (cam 2),anomaly_suppressed_cooldown,,,,
2026-07-07 15:17:43,Lab 301 (cam 2),anomaly_suppressed_cooldown,,,,
2026-07-07 15:17:43,Lab 301 (cam 2),anomaly_suppressed_cooldown,,,,
2026-07-07 15:17:43,Lab 301 (cam 2),anomaly_suppressed_cooldown,,,,
2026-07-07 15:17:43,Lab 301 (cam 2),anomaly_suppressed_cooldown,,,,
2026-07-07 15:17:43,Lab 301 (cam 2),anomaly_suppressed_cooldown,,,,
2026-07-07 15:17:43,Lab 301 (cam 2),anomaly_suppressed_cooldown,,,,
2026-07-07 15:17:43,Lab 301 (cam 2),anomaly_suppressed_cooldown,,,,
2026-07-07 15:17:43,Lab 301 (cam 2),anomaly_suppressed_cooldown,,,,
2026-07-07 15:17:43,Lab 301 (cam 2),anomaly_suppressed_cooldown,,,,
2026-07-07 15:17:43,Lab 301 (cam 2),anomaly_suppressed_cooldown,,,,
2026-07-07 15:17:43,Lab 301 (cam 2),anomaly_suppressed_cooldown,,,,
2026-07-07 15:17:43,Lab 301 (cam 2),anomaly_suppressed_cooldown,,,,
2026-07-07 15:17:43,Lab 301 (cam 2),anomaly_suppressed_cooldown,,,,
2026-07-07 15:17:43,Lab 301 (cam 2),anomaly_suppressed_cooldown,,,,
2026-07-07 15:17:43,Lab 301 (cam 2),anomaly_suppressed_cooldown,,,,
2026-07-07 15:17:43,Lab 301 (cam 2),anomaly_suppressed_cooldown,,,,
2026-07-07 15:17:43,Lab 301 (cam 2),anomaly_suppressed_cooldown,,,,
2026-07-07 15:17:44,Lab 301 (cam 2),anomaly_suppressed_cooldown,,,,
2026-07-07 15:17:44,Lab 301 (cam 2),anomaly_suppressed_cooldown,,,,
2026-07-07 15:17:44,Lab 301 (cam 2),anomaly_suppressed_cooldown,,,,
2026-07-07 15:17:44,Lab 301 (cam 2),anomaly_suppressed_cooldown,,,,
2026-07-07 15:17:44,Lab 301 (cam 2),anomaly_suppressed_cooldown,,,,
2026-07-07 15:17:44,Lab 301 (cam 2),anomaly_suppressed_cooldown,,,,
2026-07-07 15:17:44,Lab 301 (cam 2),anomaly_suppressed_cooldown,,,,
2026-07-07 15:17:44,Lab 301 (cam 2),anomaly_suppressed_cooldown,,,,
2026-07-07 15:17:44,Lab 301 (cam 2),anomaly_suppressed_cooldown,,,,
2026-07-07 15:17:44,Lab 301 (cam 2),anomaly_suppressed_cooldown,,,,
2026-07-07 15:17:44,Lab 301 (cam 2),anomaly_suppressed_cooldown,,,,
2026-07-07 15:17:48,Lab 301 (cam 2),anomaly_suppressed_cooldown,,,,
2026-07-07 15:17:48,Lab 301 (cam 2),anomaly_suppressed_cooldown,,,,
2026-07-07 15:17:48,Lab 301 (cam 2),anomaly_suppressed_cooldown,,,,
2026-07-07 15:17:48,Lab 301 (cam 2),anomaly_suppressed_cooldown,,,,
2026-07-07 15:17:48,Lab 301 (cam 2),anomaly_suppressed_cooldown,,,,
2026-07-07 15:17:48,Lab 301 (cam 2),anomaly_suppressed_cooldown,,,,
2026-07-07 15:17:48,Lab 301 (cam 2),anomaly_suppressed_cooldown,,,,
2026-07-07 15:17:48,Lab 301 (cam 2),anomaly_suppressed_cooldown,,,,
2026-07-07 15:17:48,Lab 301 (cam 2),anomaly_suppressed_cooldown,,,,
2026-07-07 15:17:48,Lab 301 (cam 2),anomaly_suppressed_cooldown,,,,
2026-07-07 15:17:48,Lab 301 (cam 2),anomaly_suppressed_cooldown,,,,
2026-07-07 15:17:48,Lab 301 (cam 2),anomaly_suppressed_cooldown,,,,
2026-07-07 15:17:48,Lab 301 (cam 2),anomaly_suppressed_cooldown,,,,
2026-07-07 15:17:48,Lab 301 (cam 2),anomaly_suppressed_cooldown,,,,
2026-07-07 15:17:48,Lab 301 (cam 2),anomaly_suppressed_cooldown,,,,
2026-07-07 15:17:48,Lab 301 (cam 2),anomaly_suppressed_cooldown,,,,
2026-07-07 15:17:48,Lab 301 (cam 2),anomaly_suppressed_cooldown,,,,
2026-07-07 15:17:48,Lab 301 (cam 2),anomaly_suppressed_cooldown,,,,
2026-07-07 15:17:48,Lab 301 (cam 2),anomaly_suppressed_cooldown,,,,
2026-07-07 15:17:48,Lab 301 (cam 2),anomaly_suppressed_cooldown,,,,
2026-07-07 15:17:48,Lab 301 (cam 2),anomaly_suppressed_cooldown,,,,
2026-07-07 15:17:49,Lab 301 (cam 2),anomaly_suppressed_cooldown,,,,
2026-07-07 15:17:49,Lab 301 (cam 2),anomaly_suppressed_cooldown,,,,
2026-07-07 15:17:49,Lab 301 (cam 2),anomaly_suppressed_cooldown,,,,
2026-07-07 15:17:49,Lab 301 (cam 2),anomaly_suppressed_cooldown,,,,
2026-07-07 15:17:49,Lab 301 (cam 2),anomaly_suppressed_cooldown,,,,
2026-07-07 15:17:49,Lab 301 (cam 2),anomaly_suppressed_cooldown,,,,
2026-07-07 15:17:49,Lab 301 (cam 2),anomaly_suppressed_cooldown,,,,
2026-07-07 15:17:49,Lab 301 (cam 2),anomaly_suppressed_cooldown,,,,
2026-07-07 15:17:49,Lab 301 (cam 2),anomaly_suppressed_cooldown,,,,
2026-07-07 15:17:49,Lab 301 (cam 2),anomaly_suppressed_cooldown,,,,
2026-07-07 15:17:49,Lab 301 (cam 2),anomaly_suppressed_cooldown,,,,
2026-07-07 15:17:49,Lab 301 (cam 2),anomaly_suppressed_cooldown,,,,
2026-07-07 15:17:49,Lab 301 (cam 2),anomaly_suppressed_cooldown,,,,
2026-07-07 15:17:49,Lab 301 (cam 2),anomaly_suppressed_cooldown,,,,
2026-07-07 15:17:49,Lab 301 (cam 2),anomaly_suppressed_cooldown,,,,
2026-07-07 15:17:49,Lab 301 (cam 2),anomaly_suppressed_cooldown,,,,
2026-07-07 15:17:49,Lab 301 (cam 2),anomaly_suppressed_cooldown,,,,
2026-07-07 15:17:50,Lab 301 (cam 2),anomaly_suppressed_cooldown,,,,
2026-07-07 15:17:50,Lab 301 (cam 2),anomaly_suppressed_cooldown,,,,
2026-07-07 15:17:50,Lab 301 (cam 2),anomaly_suppressed_cooldown,,,,
2026-07-07 15:17:50,Lab 301 (cam 2),anomaly_suppressed_cooldown,,,,
2026-07-07 15:17:50,Lab 301 (cam 2),anomaly_suppressed_cooldown,,,,
2026-07-07 15:17:50,Lab 301 (cam 2),anomaly_suppressed_cooldown,,,,
2026-07-07 15:17:50,Lab 301 (cam 2),anomaly_suppressed_cooldown,,,,
2026-07-07 15:17:50,Lab 301 (cam 2),anomaly_suppressed_cooldown,,,,
2026-07-07 15:17:50,Lab 301 (cam 2),anomaly_suppressed_cooldown,,,,
2026-07-07 15:17:50,Lab 301 (cam 2),anomaly_suppressed_cooldown,,,,
2026-07-07 15:17:50,Lab 301 (cam 2),anomaly_suppressed_cooldown,,,,
2026-07-07 15:17:50,Lab 301 (cam 2),anomaly_suppressed_cooldown,,,,
2026-07-07 15:17:50,Lab 301 (cam 2),anomaly_suppressed_cooldown,,,,
2026-07-07 15:17:50,Lab 301 (cam 2),anomaly_suppressed_cooldown,,,,
2026-07-07 15:17:50,Lab 301 (cam 2),anomaly_suppressed_cooldown,,,,
2026-07-07 15:17:50,Lab 301 (cam 2),anomaly_suppressed_cooldown,,,,
2026-07-07 15:17:50,Lab 301 (cam 2),anomaly_suppressed_cooldown,,,,
2026-07-07 15:17:50,Lab 301 (cam 2),anomaly_suppressed_cooldown,,,,
2026-07-07 15:17:50,Lab 301 (cam 2),anomaly_suppressed_cooldown,,,,
2026-07-07 15:17:50,Lab 301 (cam 2),anomaly_suppressed_cooldown,,,,
2026-07-07 15:17:50,Lab 301 (cam 2),anomaly_suppressed_cooldown,,,,
2026-07-07 15:17:50,Lab 301 (cam 2),anomaly_suppressed_cooldown,,,,
2026-07-07 15:17:50,Lab 301 (cam 2),anomaly_suppressed_cooldown,,,,
2026-07-07 15:17:50,Lab 301 (cam 2),anomaly_suppressed_cooldown,,,,
2026-07-07 15:17:50,Lab 301 (cam 2),anomaly_suppressed_cooldown,,,,
2026-07-07 15:17:50,Lab 301 (cam 2),anomaly_suppressed_cooldown,,,,
2026-07-07 15:17:50,Lab 301 (cam 2),anomaly_suppressed_cooldown,,,,
2026-07-07 15:17:50,Lab 301 (cam 2),anomaly_suppressed_cooldown,,,,
2026-07-07 15:17:50,Lab 301 (cam 2),anomaly_suppressed_cooldown,,,,
2026-07-07 15:17:50,Lab 301 (cam 2),anomaly_suppressed_cooldown,,,,
2026-07-07 15:17:51,Lab 301 (cam 2),anomaly_suppressed_cooldown,,,,
2026-07-07 15:17:51,Lab 301 (cam 2),anomaly_suppressed_cooldown,,,,
2026-07-07 15:17:51,Lab 301 (cam 2),anomaly_suppressed_cooldown,,,,
2026-07-07 15:17:51,Lab 301 (cam 2),anomaly_suppressed_cooldown,,,,
2026-07-07 15:17:51,Lab 301 (cam 2),anomaly_suppressed_cooldown,,,,
2026-07-07 15:17:51,Lab 301 (cam 2),anomaly_suppressed_cooldown,,,,
2026-07-07 15:17:51,Lab 301 (cam 2),anomaly_suppressed_cooldown,,,,
2026-07-07 15:17:51,Lab 301 (cam 2),anomaly_suppressed_cooldown,,,,
2026-07-07 15:17:51,Lab 301 (cam 2),anomaly_suppressed_cooldown,,,,
2026-07-07 15:17:51,Lab 301 (cam 2),anomaly_suppressed_cooldown,,,,
2026-07-07 15:17:51,Lab 301 (cam 2),anomaly_suppressed_cooldown,,,,
2026-07-07 15:17:51,Lab 301 (cam 2),anomaly_suppressed_cooldown,,,,
2026-07-07 15:17:51,Lab 301 (cam 2),anomaly_suppressed_cooldown,,,,
2026-07-07 15:17:51,Lab 301 (cam 2),anomaly_suppressed_cooldown,,,,
2026-07-07 15:17:51,Lab 301 (cam 2),anomaly_suppressed_cooldown,,,,
2026-07-07 15:17:51,Lab 301 (cam 2),anomaly_suppressed_cooldown,,,,
2026-07-07 15:17:51,Lab 301 (cam 2),anomaly_suppressed_cooldown,,,,
2026-07-07 15:17:51,Lab 301 (cam 2),anomaly_suppressed_cooldown,,,,
2026-07-07 15:17:51,Lab 301 (cam 2),anomaly_suppressed_cooldown,,,,
2026-07-07 15:17:51,Lab 301 (cam 2),anomaly_suppressed_cooldown,,,,
2026-07-07 15:17:51,Lab 301 (cam 2),anomaly_suppressed_cooldown,,,,
2026-07-07 15:17:51,Lab 301 (cam 2),anomaly_suppressed_cooldown,,,,
2026-07-07 15:17:51,Lab 301 (cam 2),anomaly_suppressed_cooldown,,,,
2026-07-07 15:17:51,Lab 301 (cam 2),anomaly_suppressed_cooldown,,,,
2026-07-07 15:17:51,Lab 301 (cam 2),anomaly_suppressed_cooldown,,,,
2026-07-07 15:17:51,Lab 301 (cam 2),anomaly_suppressed_cooldown,,,,
2026-07-07 15:17:51,Lab 301 (cam 2),anomaly_suppressed_cooldown,,,,
2026-07-07 15:17:51,Lab 301 (cam 2),anomaly_suppressed_cooldown,,,,
2026-07-07 15:17:51,Lab 301 (cam 2),anomaly_suppressed_cooldown,,,,
2026-07-07 15:17:51,Lab 301 (cam 2),anomaly_suppressed_cooldown,,,,
2026-07-07 15:17:51,Lab 301 (cam 2),anomaly_suppressed_cooldown,,,,
2026-07-07 15:17:52,Lab 301 (cam 2),anomaly_suppressed_cooldown,,,,
2026-07-07 15:17:52,Lab 301 (cam 2),anomaly_suppressed_cooldown,,,,
2026-07-07 15:17:52,Lab 301 (cam 2),anomaly_suppressed_cooldown,,,,
2026-07-07 15:17:52,Lab 301 (cam 2),anomaly_suppressed_cooldown,,,,
2026-07-07 15:17:52,Lab 301 (cam 2),anomaly_suppressed_cooldown,,,,
2026-07-07 15:17:52,Lab 301 (cam 2),anomaly_suppressed_cooldown,,,,
2026-07-07 15:17:52,Lab 301 (cam 2),anomaly_suppressed_cooldown,,,,
2026-07-07 15:17:52,Lab 301 (cam 2),anomaly_suppressed_cooldown,,,,
2026-07-07 15:17:52,Lab 301 (cam 2),anomaly_suppressed_cooldown,,,,
2026-07-07 15:17:52,Lab 301 (cam 2),anomaly_suppressed_cooldown,,,,
2026-07-07 15:17:52,Lab 301 (cam 2),anomaly_suppressed_cooldown,,,,
2026-07-07 15:17:52,Lab 301 (cam 2),anomaly_suppressed_cooldown,,,,
2026-07-07 15:17:52,Lab 301 (cam 2),anomaly_suppressed_cooldown,,,,
2026-07-07 15:17:52,Lab 301 (cam 2),anomaly_suppressed_cooldown,,,,
2026-07-07 15:17:52,Lab 301 (cam 2),anomaly_suppressed_cooldown,,,,
2026-07-07 15:17:52,Lab 301 (cam 2),anomaly_suppressed_cooldown,,,,
2026-07-07 15:17:52,Lab 301 (cam 2),anomaly_suppressed_cooldown,,,,
2026-07-07 15:17:52,Lab 301 (cam 2),anomaly_suppressed_cooldown,,,,
2026-07-07 15:17:52,Lab 301 (cam 2),anomaly_suppressed_cooldown,,,,
2026-07-07 15:17:52,Lab 301 (cam 2),anomaly_suppressed_cooldown,,,,
2026-07-07 15:17:52,Lab 301 (cam 2),anomaly_suppressed_cooldown,,,,
2026-07-07 15:17:52,Lab 301 (cam 2),anomaly_suppressed_cooldown,,,,
2026-07-07 15:17:52,Lab 301 (cam 2),anomaly_suppressed_cooldown,,,,
2026-07-07 15:17:52,Lab 301 (cam 2),anomaly_suppressed_cooldown,,,,
2026-07-07 15:17:52,Lab 301 (cam 2),anomaly_suppressed_cooldown,,,,
2026-07-07 15:17:53,Lab 301 (cam 2),anomaly_suppressed_cooldown,,,,
2026-07-07 15:17:53,Lab 301 (cam 2),anomaly_suppressed_cooldown,,,,
2026-07-07 15:17:53,Lab 301 (cam 2),anomaly_suppressed_cooldown,,,,
2026-07-07 15:17:53,Lab 301 (cam 2),anomaly_suppressed_cooldown,,,,
2026-07-07 15:17:53,Lab 301 (cam 2),anomaly_suppressed_cooldown,,,,
2026-07-07 15:17:53,Lab 301 (cam 2),anomaly_suppressed_cooldown,,,,
2026-07-07 15:17:53,Lab 301 (cam 2),anomaly_suppressed_cooldown,,,,
2026-07-07 15:17:53,Lab 301 (cam 2),anomaly_suppressed_cooldown,,,,
2026-07-07 15:17:53,Lab 301 (cam 2),anomaly_suppressed_cooldown,,,,
2026-07-07 15:17:53,Lab 301 (cam 2),anomaly_suppressed_cooldown,,,,
2026-07-07 15:17:53,Lab 301 (cam 2),anomaly_suppressed_cooldown,,,,
2026-07-07 15:17:53,Lab 301 (cam 2),anomaly_suppressed_cooldown,,,,
2026-07-07 15:17:53,Lab 301 (cam 2),anomaly_suppressed_cooldown,,,,
2026-07-07 15:17:53,Lab 301 (cam 2),anomaly_suppressed_cooldown,,,,
2026-07-07 15:17:53,Lab 301 (cam 2),anomaly_suppressed_cooldown,,,,
2026-07-07 15:17:53,Lab 301 (cam 2),anomaly_suppressed_cooldown,,,,
2026-07-07 15:17:53,Lab 301 (cam 2),anomaly_suppressed_cooldown,,,,
2026-07-07 15:17:53,Lab 301 (cam 2),anomaly_suppressed_cooldown,,,,
2026-07-07 15:17:53,Lab 301 (cam 2),anomaly_suppressed_cooldown,,,,
2026-07-07 15:17:53,Lab 301 (cam 2),anomaly_suppressed_cooldown,,,,
2026-07-07 15:17:53,Lab 301 (cam 2),anomaly_suppressed_cooldown,,,,
2026-07-07 15:17:53,Lab 301 (cam 2),anomaly_suppressed_cooldown,,,,
2026-07-07 15:17:53,Lab 301 (cam 2),anomaly_suppressed_cooldown,,,,
2026-07-07 15:17:53,Lab 301 (cam 2),anomaly_suppressed_cooldown,,,,
2026-07-07 15:17:53,Lab 301 (cam 2),anomaly_suppressed_cooldown,,,,
2026-07-07 15:17:53,Lab 301 (cam 2),anomaly_suppressed_cooldown,,,,
2026-07-07 15:17:53,Lab 301 (cam 2),anomaly_suppressed_cooldown,,,,
2026-07-07 15:17:53,Lab 301 (cam 2),anomaly_suppressed_cooldown,,,,
2026-07-07 15:17:53,Lab 301 (cam 2),anomaly_suppressed_cooldown,,,,
2026-07-07 15:17:54,Lab 301 (cam 2),anomaly_suppressed_cooldown,,,,
2026-07-07 15:17:54,Lab 301 (cam 2),anomaly_suppressed_cooldown,,,,
2026-07-07 15:17:54,Lab 301 (cam 2),anomaly_suppressed_cooldown,,,,
2026-07-07 15:17:54,Lab 301 (cam 2),anomaly_suppressed_cooldown,,,,
2026-07-07 15:17:54,Lab 301 (cam 2),anomaly_suppressed_cooldown,,,,
2026-07-07 15:17:54,Lab 301 (cam 2),anomaly_suppressed_cooldown,,,,
2026-07-07 15:17:54,Lab 301 (cam 2),anomaly_suppressed_cooldown,,,,
2026-07-07 15:17:54,Lab 301 (cam 2),anomaly_suppressed_cooldown,,,,
2026-07-07 15:17:54,Lab 301 (cam 2),anomaly_suppressed_cooldown,,,,
2026-07-07 15:17:54,Lab 301 (cam 2),anomaly_suppressed_cooldown,,,,
2026-07-07 15:17:54,Lab 301 (cam 2),anomaly_suppressed_cooldown,,,,
2026-07-07 15:17:54,Lab 301 (cam 2),anomaly_suppressed_cooldown,,,,
2026-07-07 15:17:55,Lab 301 (cam 2),anomaly_suppressed_cooldown,,,,
2026-07-07 15:17:55,Lab 301 (cam 2),anomaly_suppressed_cooldown,,,,
2026-07-07 15:17:55,Lab 301 (cam 2),anomaly_suppressed_cooldown,,,,
2026-07-07 15:17:56,Lab 301 (cam 2),anomaly_suppressed_cooldown,,,,
2026-07-07 15:17:56,Lab 301 (cam 2),anomaly_suppressed_cooldown,,,,
2026-07-07 15:17:56,Lab 301 (cam 2),anomaly_suppressed_cooldown,,,,
2026-07-07 15:17:56,Lab 301 (cam 2),anomaly_suppressed_cooldown,,,,
2026-07-07 15:17:56,Lab 301 (cam 2),anomaly_suppressed_cooldown,,,,
2026-07-07 15:17:56,Lab 301 (cam 2),anomaly_suppressed_cooldown,,,,
2026-07-07 15:17:56,Lab 301 (cam 2),anomaly_suppressed_cooldown,,,,
2026-07-07 15:17:56,Lab 301 (cam 2),anomaly_suppressed_cooldown,,,,
2026-07-07 15:17:56,Lab 301 (cam 2),anomaly_suppressed_cooldown,,,,
2026-07-07 15:17:56,Lab 301 (cam 2),anomaly_suppressed_cooldown,,,,
2026-07-07 15:17:56,Lab 301 (cam 2),anomaly_suppressed_cooldown,,,,
2026-07-07 15:17:56,Lab 301 (cam 2),anomaly_suppressed_cooldown,,,,
2026-07-07 15:17:56,Lab 301 (cam 2),anomaly_suppressed_cooldown,,,,
2026-07-07 15:17:57,Lab 301 (cam 2),anomaly_suppressed_cooldown,,,,
2026-07-07 15:17:57,Lab 301 (cam 2),anomaly_suppressed_cooldown,,,,
2026-07-07 15:17:57,Lab 301 (cam 2),anomaly_suppressed_cooldown,,,,
2026-07-07 15:17:57,Lab 301 (cam 2),anomaly_suppressed_cooldown,,,,
2026-07-07 15:17:57,Lab 301 (cam 2),anomaly_suppressed_cooldown,,,,
2026-07-07 15:17:57,Lab 301 (cam 2),anomaly_suppressed_cooldown,,,,
2026-07-07 15:17:57,Lab 301 (cam 2),anomaly_suppressed_cooldown,,,,
2026-07-07 15:17:57,Lab 301 (cam 2),anomaly_suppressed_cooldown,,,,
2026-07-07 15:17:57,Lab 301 (cam 2),anomaly_suppressed_cooldown,,,,
2026-07-07 15:17:57,Lab 301 (cam 2),anomaly_suppressed_cooldown,,,,
2026-07-07 15:17:57,Lab 301 (cam 2),anomaly_suppressed_cooldown,,,,
2026-07-07 15:17:57,Lab 301 (cam 2),anomaly_suppressed_cooldown,,,,
2026-07-07 15:17:57,Lab 301 (cam 2),anomaly_suppressed_cooldown,,,,
2026-07-07 15:17:57,Lab 301 (cam 2),anomaly_suppressed_cooldown,,,,
2026-07-07 15:17:57,Lab 301 (cam 2),anomaly_suppressed_cooldown,,,,
2026-07-07 15:17:57,Lab 301 (cam 2),anomaly_suppressed_cooldown,,,,
2026-07-07 15:17:57,Lab 301 (cam 2),anomaly_suppressed_cooldown,,,,
2026-07-07 15:17:57,Lab 301 (cam 2),anomaly_suppressed_cooldown,,,,
2026-07-07 15:17:57,Lab 301 (cam 2),anomaly_suppressed_cooldown,,,,
2026-07-07 15:17:57,Lab 301 (cam 2),anomaly_suppressed_cooldown,,,,
2026-07-07 15:17:57,Lab 301 (cam 2),anomaly_suppressed_cooldown,,,,
2026-07-07 15:17:57,Lab 301 (cam 2),anomaly_suppressed_cooldown,,,,
2026-07-07 15:17:57,Lab 301 (cam 2),anomaly_suppressed_cooldown,,,,
2026-07-07 15:17:57,Lab 301 (cam 2),anomaly_suppressed_cooldown,,,,
2026-07-07 15:17:58,Lab 301 (cam 2),anomaly_suppressed_cooldown,,,,
2026-07-07 15:17:58,Lab 301 (cam 2),anomaly_suppressed_cooldown,,,,
2026-07-07 15:17:58,Lab 301 (cam 2),anomaly_suppressed_cooldown,,,,
2026-07-07 15:17:58,Lab 301 (cam 2),anomaly_suppressed_cooldown,,,,
2026-07-07 15:17:58,Lab 301 (cam 2),anomaly_suppressed_cooldown,,,,
2026-07-07 15:17:58,Lab 301 (cam 2),anomaly_suppressed_cooldown,,,,
2026-07-07 15:17:58,Lab 301 (cam 2),anomaly_suppressed_cooldown,,,,
2026-07-07 15:17:58,Lab 301 (cam 2),anomaly_suppressed_cooldown,,,,
2026-07-07 15:17:58,Lab 301 (cam 2),anomaly_suppressed_cooldown,,,,
2026-07-07 15:17:58,Lab 301 (cam 2),anomaly_suppressed_cooldown,,,,
2026-07-07 15:17:58,Lab 301 (cam 2),anomaly_suppressed_cooldown,,,,
2026-07-07 15:17:58,Lab 301 (cam 2),anomaly_suppressed_cooldown,,,,
2026-07-07 15:17:58,Lab 301 (cam 2),anomaly_suppressed_cooldown,,,,
2026-07-07 15:17:58,Lab 301 (cam 2),anomaly_suppressed_cooldown,,,,
2026-07-07 15:17:58,Lab 301 (cam 2),anomaly_suppressed_cooldown,,,,
2026-07-07 15:17:58,Lab 301 (cam 2),anomaly_suppressed_cooldown,,,,
2026-07-07 15:17:59,Lab 301 (cam 2),anomaly_suppressed_cooldown,,,,
2026-07-07 15:17:59,Lab 301 (cam 2),anomaly_suppressed_cooldown,,,,
2026-07-07 15:17:59,Lab 301 (cam 2),anomaly_suppressed_cooldown,,,,
2026-07-07 15:17:59,Lab 301 (cam 2),anomaly_suppressed_cooldown,,,,
2026-07-07 15:17:59,Lab 301 (cam 2),anomaly_suppressed_cooldown,,,,
2026-07-07 15:17:59,Lab 301 (cam 2),anomaly_suppressed_cooldown,,,,
2026-07-07 15:17:59,Lab 301 (cam 2),anomaly_suppressed_cooldown,,,,
2026-07-07 15:17:59,Lab 301 (cam 2),anomaly_suppressed_cooldown,,,,
2026-07-07 15:17:59,Lab 301 (cam 2),anomaly_suppressed_cooldown,,,,
2026-07-07 15:17:59,Lab 301 (cam 2),anomaly_suppressed_cooldown,,,,
2026-07-07 15:17:59,Lab 301 (cam 2),anomaly_suppressed_cooldown,,,,
2026-07-07 15:17:59,Lab 301 (cam 2),anomaly_suppressed_cooldown,,,,
2026-07-07 15:17:59,Lab 301 (cam 2),anomaly_suppressed_cooldown,,,,
2026-07-07 15:17:59,Lab 301 (cam 2),anomaly_suppressed_cooldown,,,,
2026-07-07 15:17:59,Lab 301 (cam 2),anomaly_suppressed_cooldown,,,,
2026-07-07 15:17:59,Lab 301 (cam 2),anomaly_suppressed_cooldown,,,,
2026-07-07 15:17:59,Lab 301 (cam 2),anomaly_suppressed_cooldown,,,,
2026-07-07 15:17:59,Lab 301 (cam 2),anomaly_suppressed_cooldown,,,,
2026-07-07 15:17:59,Lab 301 (cam 2),anomaly_suppressed_cooldown,,,,
2026-07-07 15:17:59,Lab 301 (cam 2),anomaly_suppressed_cooldown,,,,
2026-07-07 15:17:59,Lab 301 (cam 2),anomaly_suppressed_cooldown,,,,
2026-07-07 15:17:59,Lab 301 (cam 2),anomaly_suppressed_cooldown,,,,
2026-07-07 15:17:59,Lab 301 (cam 2),anomaly_suppressed_cooldown,,,,
2026-07-07 15:18:00,Lab 301 (cam 2),anomaly_suppressed_cooldown,,,,
2026-07-07 15:18:00,Lab 301 (cam 2),anomaly_suppressed_cooldown,,,,
2026-07-07 15:18:00,Lab 301 (cam 2),anomaly_suppressed_cooldown,,,,
2026-07-07 15:18:00,Lab 301 (cam 2),anomaly_suppressed_cooldown,,,,
2026-07-07 15:18:00,Lab 301 (cam 2),anomaly_suppressed_cooldown,,,,
2026-07-07 15:18:00,Lab 301 (cam 2),anomaly_suppressed_cooldown,,,,
2026-07-07 15:18:00,Lab 301 (cam 2),anomaly_suppressed_cooldown,,,,
2026-07-07 15:18:00,Lab 301 (cam 2),anomaly_suppressed_cooldown,,,,
2026-07-07 15:18:00,Lab 301 (cam 2),anomaly_suppressed_cooldown,,,,
2026-07-07 15:18:00,Lab 301 (cam 2),anomaly_suppressed_cooldown,,,,
2026-07-07 15:18:00,Lab 301 (cam 2),anomaly_suppressed_cooldown,,,,
2026-07-07 15:18:00,Lab 301 (cam 2),anomaly_suppressed_cooldown,,,,
2026-07-07 15:18:00,Lab 301 (cam 2),anomaly_suppressed_cooldown,,,,
2026-07-07 15:18:00,Lab 301 (cam 2),anomaly_suppressed_cooldown,,,,
2026-07-07 15:18:00,Lab 301 (cam 2),anomaly_suppressed_cooldown,,,,
2026-07-07 15:18:00,Lab 301 (cam 2),anomaly_suppressed_cooldown,,,,
2026-07-07 15:18:00,Lab 301 (cam 2),anomaly_suppressed_cooldown,,,,
2026-07-07 15:18:00,Lab 301 (cam 2),anomaly_suppressed_cooldown,,,,
2026-07-07 15:18:00,Lab 301 (cam 2),anomaly_suppressed_cooldown,,,,
2026-07-07 15:18:00,Lab 301 (cam 2),anomaly_suppressed_cooldown,,,,
2026-07-07 15:18:00,Lab 301 (cam 2),anomaly_suppressed_cooldown,,,,
2026-07-07 15:18:00,Lab 301 (cam 2),anomaly_suppressed_cooldown,,,,
2026-07-07 15:18:00,Lab 301 (cam 2),anomaly_suppressed_cooldown,,,,
2026-07-07 15:18:00,Lab 301 (cam 2),anomaly_suppressed_cooldown,,,,
2026-07-07 15:18:01,Lab 301 (cam 2),anomaly_suppressed_cooldown,,,,
2026-07-07 15:18:01,Lab 301 (cam 2),anomaly_suppressed_cooldown,,,,
2026-07-07 15:18:01,Lab 301 (cam 2),anomaly_suppressed_cooldown,,,,
2026-07-07 15:18:01,Lab 301 (cam 2),anomaly_suppressed_cooldown,,,,
2026-07-07 15:18:01,Lab 301 (cam 2),anomaly_suppressed_cooldown,,,,
2026-07-07 15:18:01,Lab 301 (cam 2),anomaly_suppressed_cooldown,,,,
2026-07-07 15:18:01,Lab 301 (cam 2),anomaly_suppressed_cooldown,,,,
2026-07-07 15:18:01,Lab 301 (cam 2),anomaly_suppressed_cooldown,,,,
2026-07-07 15:18:01,Lab 301 (cam 2),anomaly_suppressed_cooldown,,,,
2026-07-07 15:18:01,Lab 301 (cam 2),anomaly_suppressed_cooldown,,,,
2026-07-07 15:18:01,Lab 301 (cam 2),anomaly_suppressed_cooldown,,,,
2026-07-07 15:18:01,Lab 301 (cam 2),anomaly_suppressed_cooldown,,,,
2026-07-07 15:18:01,Lab 301 (cam 2),anomaly_suppressed_cooldown,,,,
2026-07-07 15:18:01,Lab 301 (cam 2),anomaly_suppressed_cooldown,,,,
2026-07-07 15:18:01,Lab 301 (cam 2),anomaly_suppressed_cooldown,,,,
2026-07-07 15:18:01,Lab 301 (cam 2),anomaly_suppressed_cooldown,,,,
2026-07-07 15:18:01,Lab 301 (cam 2),anomaly_suppressed_cooldown,,,,
2026-07-07 15:18:01,Lab 301 (cam 2),anomaly_suppressed_cooldown,,,,
2026-07-07 15:18:01,Lab 301 (cam 2),anomaly_suppressed_cooldown,,,,
2026-07-07 15:18:01,Lab 301 (cam 2),anomaly_suppressed_cooldown,,,,
2026-07-07 15:18:01,Lab 301 (cam 2),anomaly_suppressed_cooldown,,,,
2026-07-07 15:18:01,Lab 301 (cam 2),anomaly_suppressed_cooldown,,,,
2026-07-07 15:18:01,Lab 301 (cam 2),anomaly_suppressed_cooldown,,,,
2026-07-07 15:18:01,Lab 301 (cam 2),anomaly_suppressed_cooldown,,,,
2026-07-07 15:18:01,Lab 301 (cam 2),anomaly_suppressed_cooldown,,,,
2026-07-07 15:18:01,Lab 301 (cam 2),anomaly_suppressed_cooldown,,,,
2026-07-07 15:18:01,Lab 301 (cam 2),anomaly_suppressed_cooldown,,,,
2026-07-07 15:18:01,Lab 301 (cam 2),anomaly_suppressed_cooldown,,,,
2026-07-07 15:18:02,Lab 301 (cam 2),anomaly_suppressed_cooldown,,,,
2026-07-07 15:18:02,Lab 301 (cam 2),anomaly_suppressed_cooldown,,,,
2026-07-07 15:18:02,Lab 301 (cam 2),anomaly_suppressed_cooldown,,,,
2026-07-07 15:18:02,Lab 301 (cam 2),anomaly_suppressed_cooldown,,,,
2026-07-07 15:18:02,Lab 301 (cam 2),anomaly_suppressed_cooldown,,,,
2026-07-07 15:18:02,Lab 301 (cam 2),anomaly_suppressed_cooldown,,,,
2026-07-07 15:18:02,Lab 301 (cam 2),anomaly_suppressed_cooldown,,,,
2026-07-07 15:18:02,Lab 301 (cam 2),anomaly_suppressed_cooldown,,,,
2026-07-07 15:18:02,Lab 301 (cam 2),anomaly_suppressed_cooldown,,,,
2026-07-07 15:18:02,Lab 301 (cam 2),anomaly_suppressed_cooldown,,,,
2026-07-07 15:18:02,Lab 301 (cam 2),anomaly_suppressed_cooldown,,,,
2026-07-07 15:18:02,Lab 301 (cam 2),anomaly_suppressed_cooldown,,,,
2026-07-07 15:18:02,Lab 301 (cam 2),anomaly_suppressed_cooldown,,,,
2026-07-07 15:18:02,Lab 301 (cam 2),anomaly_suppressed_cooldown,,,,
2026-07-07 15:18:02,Lab 301 (cam 2),anomaly_suppressed_cooldown,,,,
2026-07-07 15:18:02,Lab 301 (cam 2),anomaly_suppressed_cooldown,,,,
2026-07-07 15:18:02,Lab 301 (cam 2),anomaly_suppressed_cooldown,,,,
2026-07-07 15:18:02,Lab 301 (cam 2),anomaly_suppressed_cooldown,,,,
2026-07-07 15:18:02,Lab 301 (cam 2),anomaly_suppressed_cooldown,,,,
2026-07-07 15:18:02,Lab 301 (cam 2),anomaly_suppressed_cooldown,,,,
2026-07-07 15:18:02,Lab 301 (cam 2),anomaly_suppressed_cooldown,,,,
2026-07-07 15:18:02,Lab 301 (cam 2),anomaly_suppressed_cooldown,,,,
2026-07-07 15:18:02,Lab 301 (cam 2),anomaly_suppressed_cooldown,,,,
2026-07-07 15:18:02,Lab 301 (cam 2),anomaly_suppressed_cooldown,,,,
2026-07-07 15:18:03,Lab 301 (cam 2),anomaly_suppressed_cooldown,,,,
2026-07-07 15:18:03,Lab 301 (cam 2),anomaly_suppressed_cooldown,,,,
2026-07-07 15:18:03,Lab 301 (cam 2),anomaly_suppressed_cooldown,,,,
2026-07-07 15:18:03,Lab 301 (cam 2),anomaly_suppressed_cooldown,,,,
2026-07-07 15:18:03,Lab 301 (cam 2),anomaly_suppressed_cooldown,,,,
2026-07-07 15:18:03,Lab 301 (cam 2),anomaly_suppressed_cooldown,,,,
2026-07-07 15:18:03,Lab 301 (cam 2),anomaly_suppressed_cooldown,,,,
2026-07-07 15:18:03,Lab 301 (cam 2),anomaly_suppressed_cooldown,,,,
2026-07-07 15:18:03,Lab 301 (cam 2),anomaly_suppressed_cooldown,,,,
2026-07-07 15:18:03,Lab 301 (cam 2),anomaly_suppressed_cooldown,,,,
2026-07-07 15:18:03,Lab 301 (cam 2),anomaly_suppressed_cooldown,,,,
2026-07-07 15:18:03,Lab 301 (cam 2),anomaly_suppressed_cooldown,,,,
2026-07-07 15:18:03,Lab 301 (cam 2),anomaly_suppressed_cooldown,,,,
2026-07-07 15:18:03,Lab 301 (cam 2),anomaly_suppressed_cooldown,,,,
2026-07-07 15:18:03,Lab 301 (cam 2),anomaly_suppressed_cooldown,,,,
2026-07-07 15:18:03,Lab 301 (cam 2),anomaly_suppressed_cooldown,,,,
2026-07-07 15:18:03,Lab 301 (cam 2),anomaly_suppressed_cooldown,,,,
2026-07-07 15:18:03,Lab 301 (cam 2),anomaly_suppressed_cooldown,,,,
2026-07-07 15:18:03,Lab 301 (cam 2),anomaly_suppressed_cooldown,,,,
2026-07-07 15:18:03,Lab 301 (cam 2),anomaly_suppressed_cooldown,,,,
2026-07-07 15:18:03,Lab 301 (cam 2),anomaly_suppressed_cooldown,,,,
2026-07-07 15:18:03,Lab 301 (cam 2),anomaly_suppressed_cooldown,,,,
2026-07-07 15:18:03,Lab 301 (cam 2),anomaly_suppressed_cooldown,,,,
2026-07-07 15:18:03,Lab 301 (cam 2),anomaly_suppressed_cooldown,,,,
2026-07-07 15:18:03,Lab 301 (cam 2),anomaly_suppressed_cooldown,,,,
2026-07-07 15:18:03,Lab 301 (cam 2),anomaly_suppressed_cooldown,,,,
2026-07-07 15:18:03,Lab 301 (cam 2),anomaly_suppressed_cooldown,,,,
2026-07-07 15:18:03,Lab 301 (cam 2),anomaly_suppressed_cooldown,,,,
2026-07-07 15:18:03,Lab 301 (cam 2),anomaly_suppressed_cooldown,,,,
2026-07-07 15:18:04,Lab 301 (cam 2),anomaly_suppressed_cooldown,,,,
2026-07-07 15:18:04,Lab 301 (cam 2),anomaly_suppressed_cooldown,,,,
2026-07-07 15:18:04,Lab 301 (cam 2),anomaly_suppressed_cooldown,,,,
2026-07-07 15:18:04,Lab 301 (cam 2),anomaly_suppressed_cooldown,,,,
2026-07-07 15:18:04,Lab 301 (cam 2),anomaly_suppressed_cooldown,,,,
2026-07-07 15:18:04,Lab 301 (cam 2),anomaly_suppressed_cooldown,,,,
2026-07-07 15:18:04,Lab 301 (cam 2),anomaly_suppressed_cooldown,,,,
2026-07-07 15:18:04,Lab 301 (cam 2),anomaly_suppressed_cooldown,,,,
2026-07-07 15:18:04,Lab 301 (cam 2),anomaly_suppressed_cooldown,,,,
2026-07-07 15:18:04,Lab 301 (cam 2),anomaly_suppressed_cooldown,,,,
2026-07-07 15:18:04,Lab 301 (cam 2),anomaly_suppressed_cooldown,,,,
2026-07-07 15:18:05,Lab 301 (cam 2),anomaly_suppressed_cooldown,,,,
2026-07-07 15:18:05,Lab 301 (cam 2),anomaly_suppressed_cooldown,,,,
2026-07-07 15:18:05,Lab 301 (cam 2),anomaly_suppressed_cooldown,,,,
2026-07-07 15:18:05,Lab 301 (cam 2),anomaly_suppressed_cooldown,,,,
2026-07-07 15:18:05,Lab 301 (cam 2),anomaly_suppressed_cooldown,,,,
2026-07-07 15:18:05,Lab 301 (cam 2),anomaly_suppressed_cooldown,,,,
2026-07-07 15:18:05,Lab 301 (cam 2),anomaly_suppressed_cooldown,,,,
2026-07-07 15:18:05,Lab 301 (cam 2),anomaly_suppressed_cooldown,,,,
2026-07-07 15:18:06,Lab 301 (cam 2),anomaly_suppressed_cooldown,,,,
2026-07-07 15:18:06,Lab 301 (cam 2),anomaly_suppressed_cooldown,,,,
2026-07-07 15:18:06,Lab 301 (cam 2),anomaly_suppressed_cooldown,,,,
2026-07-07 15:18:06,Lab 301 (cam 2),anomaly_suppressed_cooldown,,,,
2026-07-07 15:18:06,Lab 301 (cam 2),anomaly_suppressed_cooldown,,,,
2026-07-07 15:18:06,Lab 301 (cam 2),anomaly_suppressed_cooldown,,,,
2026-07-07 15:18:06,Lab 301 (cam 2),anomaly_suppressed_cooldown,,,,
2026-07-07 15:18:06,Lab 301 (cam 2),anomaly_suppressed_cooldown,,,,
2026-07-07 15:18:06,Lab 301 (cam 2),anomaly_suppressed_cooldown,,,,
2026-07-07 15:18:06,Lab 301 (cam 2),anomaly_suppressed_cooldown,,,,
2026-07-07 15:18:06,Lab 301 (cam 2),anomaly_suppressed_cooldown,,,,
2026-07-07 15:18:06,Lab 301 (cam 2),anomaly_suppressed_cooldown,,,,
2026-07-07 15:18:06,Lab 301 (cam 2),anomaly_suppressed_cooldown,,,,
2026-07-07 15:18:06,Lab 301 (cam 2),anomaly_suppressed_cooldown,,,,
2026-07-07 15:18:06,Lab 301 (cam 2),anomaly_suppressed_cooldown,,,,
2026-07-07 15:18:06,Lab 301 (cam 2),anomaly_suppressed_cooldown,,,,
2026-07-07 15:18:06,Lab 301 (cam 2),anomaly_suppressed_cooldown,,,,
2026-07-07 15:18:06,Lab 301 (cam 2),anomaly_suppressed_cooldown,,,,
2026-07-07 15:18:06,Lab 301 (cam 2),anomaly_suppressed_cooldown,,,,
2026-07-07 15:18:06,Lab 301 (cam 2),anomaly_suppressed_cooldown,,,,
2026-07-07 15:18:06,Lab 301 (cam 2),anomaly_suppressed_cooldown,,,,
2026-07-07 15:18:06,Lab 301 (cam 2),anomaly_suppressed_cooldown,,,,
2026-07-07 15:18:06,Lab 301 (cam 2),anomaly_suppressed_cooldown,,,,
2026-07-07 15:18:06,Lab 301 (cam 2),anomaly_suppressed_cooldown,,,,
2026-07-07 15:18:06,Lab 301 (cam 2),anomaly_suppressed_cooldown,,,,
2026-07-07 15:18:06,Lab 301 (cam 2),anomaly_suppressed_cooldown,,,,
2026-07-07 15:18:07,Lab 301 (cam 2),anomaly_suppressed_cooldown,,,,
2026-07-07 15:18:07,Lab 301 (cam 2),anomaly_suppressed_cooldown,,,,
2026-07-07 15:18:07,Lab 301 (cam 2),anomaly_suppressed_cooldown,,,,
2026-07-07 15:18:07,Lab 301 (cam 2),anomaly_suppressed_cooldown,,,,
2026-07-07 15:18:07,Lab 301 (cam 2),anomaly_suppressed_cooldown,,,,
2026-07-07 15:18:07,Lab 301 (cam 2),anomaly_suppressed_cooldown,,,,
2026-07-07 15:18:07,Lab 301 (cam 2),anomaly_suppressed_cooldown,,,,
2026-07-07 15:18:07,Lab 301 (cam 2),anomaly_suppressed_cooldown,,,,
2026-07-07 15:18:07,Lab 301 (cam 2),anomaly_suppressed_cooldown,,,,
2026-07-07 15:18:07,Lab 301 (cam 2),anomaly_suppressed_cooldown,,,,
2026-07-07 15:18:07,Lab 301 (cam 2),anomaly_suppressed_cooldown,,,,
2026-07-07 15:18:07,Lab 301 (cam 2),anomaly_suppressed_cooldown,,,,
2026-07-07 15:18:07,Lab 301 (cam 2),anomaly_suppressed_cooldown,,,,
2026-07-07 15:18:07,Lab 301 (cam 2),anomaly_suppressed_cooldown,,,,
2026-07-07 15:18:07,Lab 301 (cam 2),anomaly_suppressed_cooldown,,,,
2026-07-07 15:18:07,Lab 301 (cam 2),anomaly_suppressed_cooldown,,,,
2026-07-07 15:18:07,Lab 301 (cam 2),anomaly_suppressed_cooldown,,,,
2026-07-07 15:18:07,Lab 301 (cam 2),anomaly_suppressed_cooldown,,,,
2026-07-07 15:18:07,Lab 301 (cam 2),anomaly_suppressed_cooldown,,,,
2026-07-07 15:18:07,Lab 301 (cam 2),anomaly_suppressed_cooldown,,,,
2026-07-07 15:18:07,Lab 301 (cam 2),anomaly_suppressed_cooldown,,,,
2026-07-07 15:18:07,Lab 301 (cam 2),anomaly_suppressed_cooldown,,,,
2026-07-07 15:18:07,Lab 301 (cam 2),anomaly_suppressed_cooldown,,,,
2026-07-07 15:18:07,Lab 301 (cam 2),anomaly_suppressed_cooldown,,,,
2026-07-07 15:18:07,Lab 301 (cam 2),anomaly_suppressed_cooldown,,,,
2026-07-07 15:18:07,Lab 301 (cam 2),anomaly_suppressed_cooldown,,,,
2026-07-07 15:18:07,Lab 301 (cam 2),anomaly_suppressed_cooldown,,,,
2026-07-07 15:18:08,Lab 301 (cam 2),anomaly_suppressed_cooldown,,,,
2026-07-07 15:18:08,Lab 301 (cam 2),anomaly_suppressed_cooldown,,,,
2026-07-07 15:18:08,Lab 301 (cam 2),anomaly_suppressed_cooldown,,,,
2026-07-07 15:18:08,Lab 301 (cam 2),anomaly_suppressed_cooldown,,,,
2026-07-07 15:18:08,Lab 301 (cam 2),anomaly_suppressed_cooldown,,,,
2026-07-07 15:18:08,Lab 301 (cam 2),anomaly_suppressed_cooldown,,,,
2026-07-07 15:18:08,Lab 301 (cam 2),anomaly_suppressed_cooldown,,,,
2026-07-07 15:18:08,Lab 301 (cam 2),anomaly_suppressed_cooldown,,,,
2026-07-07 15:18:08,Lab 301 (cam 2),anomaly_suppressed_cooldown,,,,
2026-07-07 15:18:08,Lab 301 (cam 2),anomaly_suppressed_cooldown,,,,
2026-07-07 15:18:08,Lab 301 (cam 2),anomaly_suppressed_cooldown,,,,
2026-07-07 15:18:08,Lab 301 (cam 2),anomaly_suppressed_cooldown,,,,
2026-07-07 15:18:08,Lab 301 (cam 2),anomaly_suppressed_cooldown,,,,
2026-07-07 15:18:08,Lab 301 (cam 2),anomaly_suppressed_cooldown,,,,
2026-07-07 15:18:08,Lab 301 (cam 2),anomaly_suppressed_cooldown,,,,
2026-07-07 15:18:08,Lab 301 (cam 2),anomaly_suppressed_cooldown,,,,
2026-07-07 15:32:34,Lab 301 (cam 2),anomaly,,snapshots\Lab_301_(cam_2)_20260707_153234.jpg,,
2026-07-07 15:32:39,Lab 301 (cam 2),anomaly_suppressed_cooldown,,,,
2026-07-07 15:32:39,Lab 301 (cam 2),anomaly_suppressed_cooldown,,,,
2026-07-07 15:32:39,Lab 301 (cam 2),anomaly_suppressed_cooldown,,,,
2026-07-07 15:32:39,Lab 301 (cam 2),anomaly_suppressed_cooldown,,,,
2026-07-07 15:32:39,Lab 301 (cam 2),anomaly_suppressed_cooldown,,,,
2026-07-07 15:32:39,Lab 301 (cam 2),anomaly_suppressed_cooldown,,,,
2026-07-07 15:32:39,Lab 301 (cam 2),anomaly_suppressed_cooldown,,,,
2026-07-07 15:32:39,Lab 301 (cam 2),anomaly_suppressed_cooldown,,,,
2026-07-07 15:32:39,Lab 301 (cam 2),anomaly_suppressed_cooldown,,,,
2026-07-07 15:32:39,Lab 301 (cam 2),anomaly_suppressed_cooldown,,,,
2026-07-07 15:32:39,Lab 301 (cam 2),anomaly_suppressed_cooldown,,,,
2026-07-07 15:32:39,Lab 301 (cam 2),anomaly_suppressed_cooldown,,,,
2026-07-07 15:32:39,Lab 301 (cam 2),anomaly_suppressed_cooldown,,,,
2026-07-07 15:32:39,Lab 301 (cam 2),anomaly_suppressed_cooldown,,,,
2026-07-07 15:32:41,Lab 301 (cam 2),anomaly_suppressed_cooldown,,,,
2026-07-07 15:32:44,Lab 301 (cam 2),anomaly_suppressed_cooldown,,,,
2026-07-07 15:32:45,Lab 301 (cam 2),anomaly_suppressed_cooldown,,,,
2026-07-07 15:32:45,Lab 301 (cam 2),anomaly_suppressed_cooldown,,,,
2026-07-07 15:32:45,Lab 301 (cam 2),anomaly_suppressed_cooldown,,,,
2026-07-07 15:32:45,Lab 301 (cam 2),anomaly_suppressed_cooldown,,,,
2026-07-07 15:32:45,Lab 301 (cam 2),anomaly_suppressed_cooldown,,,,
2026-07-07 15:32:45,Lab 301 (cam 2),anomaly_suppressed_cooldown,,,,
2026-07-07 15:32:45,Lab 301 (cam 2),anomaly_suppressed_cooldown,,,,
2026-07-07 15:32:45,Lab 301 (cam 2),anomaly_suppressed_cooldown,,,,
2026-07-07 15:32:46,Lab 301 (cam 2),anomaly_suppressed_cooldown,,,,
2026-07-07 15:32:47,Lab 301 (cam 2),anomaly_suppressed_cooldown,,,,
2026-07-07 15:32:47,Lab 301 (cam 2),anomaly_suppressed_cooldown,,,,
2026-07-07 15:32:47,Lab 301 (cam 2),anomaly_suppressed_cooldown,,,,
2026-07-07 15:32:47,Lab 301 (cam 2),anomaly_suppressed_cooldown,,,,
2026-07-07 15:32:47,Lab 301 (cam 2),anomaly_suppressed_cooldown,,,,
2026-07-07 15:32:47,Lab 301 (cam 2),anomaly_suppressed_cooldown,,,,
2026-07-07 15:32:47,Lab 301 (cam 2),anomaly_suppressed_cooldown,,,,
2026-07-07 15:32:48,Lab 301 (cam 2),anomaly_suppressed_cooldown,,,,
2026-07-07 15:32:48,Lab 301 (cam 2),anomaly_suppressed_cooldown,,,,
2026-07-07 15:32:48,Lab 301 (cam 2),anomaly_suppressed_cooldown,,,,
2026-07-07 15:32:48,Lab 301 (cam 2),anomaly_suppressed_cooldown,,,,
2026-07-07 15:32:48,Lab 301 (cam 2),anomaly_suppressed_cooldown,,,,
2026-07-07 15:32:49,Lab 301 (cam 2),anomaly_suppressed_cooldown,,,,
2026-07-07 15:32:49,Lab 301 (cam 2),anomaly_suppressed_cooldown,,,,
2026-07-07 15:32:49,Lab 301 (cam 2),anomaly_suppressed_cooldown,,,,
2026-07-07 15:32:49,Lab 301 (cam 2),anomaly_suppressed_cooldown,,,,
2026-07-07 15:32:49,Lab 301 (cam 2),anomaly_suppressed_cooldown,,,,
2026-07-07 15:32:49,Lab 301 (cam 2),anomaly_suppressed_cooldown,,,,
2026-07-07 15:32:50,Lab 301 (cam 2),anomaly_suppressed_cooldown,,,,
2026-07-07 15:32:50,Lab 301 (cam 2),anomaly_suppressed_cooldown,,,,
2026-07-07 15:32:50,Lab 301 (cam 2),anomaly_suppressed_cooldown,,,,
2026-07-07 15:32:50,Lab 301 (cam 2),anomaly_suppressed_cooldown,,,,
2026-07-07 15:32:50,Lab 301 (cam 2),anomaly_suppressed_cooldown,,,,
2026-07-07 15:32:50,Lab 301 (cam 2),anomaly_suppressed_cooldown,,,,
2026-07-07 15:32:50,Lab 301 (cam 2),anomaly_suppressed_cooldown,,,,
2026-07-07 15:32:50,Lab 301 (cam 2),anomaly_suppressed_cooldown,,,,
2026-07-07 15:32:50,Lab 301 (cam 2),anomaly_suppressed_cooldown,,,,
2026-07-07 15:32:50,Lab 301 (cam 2),anomaly_suppressed_cooldown,,,,
2026-07-07 15:32:50,Lab 301 (cam 2),anomaly_suppressed_cooldown,,,,
2026-07-07 15:32:50,Lab 301 (cam 2),anomaly_suppressed_cooldown,,,,
2026-07-07 15:32:50,Lab 301 (cam 2),anomaly_suppressed_cooldown,,,,
2026-07-07 15:32:50,Lab 301 (cam 2),anomaly_suppressed_cooldown,,,,
2026-07-07 15:32:52,Lab 301 (cam 2),anomaly_suppressed_cooldown,,,,
2026-07-07 15:32:52,Lab 301 (cam 2),anomaly_suppressed_cooldown,,,,
2026-07-07 15:32:52,Lab 301 (cam 2),anomaly_suppressed_cooldown,,,,
2026-07-07 15:32:52,Lab 301 (cam 2),anomaly_suppressed_cooldown,,,,
2026-07-07 15:32:52,Lab 301 (cam 2),anomaly_suppressed_cooldown,,,,
2026-07-07 15:32:52,Lab 301 (cam 2),anomaly_suppressed_cooldown,,,,
2026-07-07 15:32:52,Lab 301 (cam 2),anomaly_suppressed_cooldown,,,,
2026-07-07 15:32:52,Lab 301 (cam 2),anomaly_suppressed_cooldown,,,,
2026-07-07 15:32:52,Lab 301 (cam 2),anomaly_suppressed_cooldown,,,,
2026-07-07 15:32:52,Lab 301 (cam 2),anomaly_suppressed_cooldown,,,,
2026-07-07 15:32:52,Lab 301 (cam 2),anomaly_suppressed_cooldown,,,,
2026-07-07 15:32:53,Lab 301 (cam 2),anomaly_suppressed_cooldown,,,,
2026-07-07 15:32:53,Lab 301 (cam 1),anomaly,,snapshots\Lab_301_(cam_1)_20260707_153253.jpg,,
2026-07-07 15:32:53,Lab 301 (cam 1),anomaly_suppressed_cooldown,,,,
2026-07-07 15:32:53,Lab 301 (cam 2),anomaly_suppressed_cooldown,,,,
2026-07-07 15:32:53,Lab 301 (cam 2),anomaly_suppressed_cooldown,,,,
2026-07-07 15:32:54,Lab 301 (cam 2),anomaly_suppressed_cooldown,,,,
2026-07-07 15:32:54,Lab 301 (cam 2),anomaly_suppressed_cooldown,,,,
2026-07-07 15:32:54,Lab 301 (cam 2),anomaly_suppressed_cooldown,,,,
2026-07-07 15:32:54,Lab 301 (cam 1),anomaly_suppressed_cooldown,,,,
2026-07-07 15:32:54,Lab 301 (cam 2),anomaly_suppressed_cooldown,,,,
2026-07-07 15:32:54,Lab 301 (cam 1),anomaly_suppressed_cooldown,,,,
2026-07-07 15:32:54,Lab 301 (cam 2),anomaly_suppressed_cooldown,,,,
2026-07-07 15:32:54,Lab 301 (cam 1),anomaly_suppressed_cooldown,,,,
2026-07-07 15:32:54,Lab 301 (cam 1),anomaly_suppressed_cooldown,,,,
2026-07-07 15:32:54,Lab 301 (cam 1),anomaly_suppressed_cooldown,,,,
2026-07-07 15:32:54,Lab 301 (cam 1),anomaly_suppressed_cooldown,,,,
2026-07-07 15:32:54,Lab 301 (cam 1),anomaly_suppressed_cooldown,,,,
2026-07-07 15:32:54,Lab 301 (cam 2),anomaly_suppressed_cooldown,,,,
2026-07-07 15:32:54,Lab 301 (cam 1),anomaly_suppressed_cooldown,,,,
2026-07-07 15:32:54,Lab 301 (cam 2),anomaly_suppressed_cooldown,,,,
2026-07-07 15:32:54,Lab 301 (cam 2),anomaly_suppressed_cooldown,,,,
2026-07-07 15:32:54,Lab 301 (cam 2),anomaly_suppressed_cooldown,,,,
2026-07-07 15:32:54,Lab 301 (cam 1),anomaly_suppressed_cooldown,,,,
2026-07-07 15:32:54,Lab 301 (cam 2),anomaly_suppressed_cooldown,,,,
2026-07-07 15:32:54,Lab 301 (cam 1),anomaly_suppressed_cooldown,,,,
2026-07-07 15:32:54,Lab 301 (cam 2),anomaly_suppressed_cooldown,,,,
2026-07-07 15:32:54,Lab 301 (cam 1),anomaly_suppressed_cooldown,,,,
2026-07-07 15:32:54,Lab 301 (cam 2),anomaly_suppressed_cooldown,,,,
2026-07-07 15:32:54,Lab 301 (cam 1),anomaly_suppressed_cooldown,,,,
2026-07-07 15:32:54,Lab 301 (cam 2),anomaly_suppressed_cooldown,,,,
2026-07-07 15:32:54,Lab 301 (cam 1),anomaly_suppressed_cooldown,,,,
2026-07-07 15:32:54,Lab 301 (cam 2),anomaly_suppressed_cooldown,,,,
2026-07-07 15:32:54,Lab 301 (cam 1),anomaly_suppressed_cooldown,,,,
2026-07-07 15:32:54,Lab 301 (cam 2),anomaly_suppressed_cooldown,,,,
2026-07-07 15:32:54,Lab 301 (cam 1),anomaly_suppressed_cooldown,,,,
2026-07-07 15:32:55,Lab 301 (cam 2),anomaly_suppressed_cooldown,,,,
2026-07-07 15:32:55,Lab 301 (cam 2),anomaly_suppressed_cooldown,,,,
2026-07-07 15:32:56,Lab 301 (cam 1),anomaly_suppressed_cooldown,,,,
2026-07-07 15:32:56,Lab 301 (cam 2),anomaly_suppressed_cooldown,,,,
2026-07-07 15:32:56,Lab 301 (cam 1),anomaly_suppressed_cooldown,,,,
2026-07-07 15:32:56,Lab 301 (cam 1),anomaly_suppressed_cooldown,,,,
2026-07-07 15:32:56,Lab 301 (cam 1),anomaly_suppressed_cooldown,,,,
2026-07-07 15:32:57,Lab 301 (cam 1),anomaly_suppressed_cooldown,,,,
2026-07-07 15:32:57,Lab 301 (cam 1),anomaly_suppressed_cooldown,,,,
2026-07-07 15:32:57,Lab 301 (cam 2),anomaly_suppressed_cooldown,,,,
2026-07-07 15:32:57,Lab 301 (cam 2),anomaly_suppressed_cooldown,,,,
2026-07-07 15:32:57,Lab 301 (cam 1),anomaly_suppressed_cooldown,,,,
2026-07-07 15:32:57,Lab 301 (cam 1),anomaly_suppressed_cooldown,,,,
2026-07-07 15:32:57,Lab 301 (cam 2),anomaly_suppressed_cooldown,,,,
2026-07-07 15:32:57,Lab 301 (cam 1),anomaly_suppressed_cooldown,,,,
2026-07-07 15:32:57,Lab 301 (cam 2),anomaly_suppressed_cooldown,,,,
2026-07-07 15:32:57,Lab 301 (cam 1),anomaly_suppressed_cooldown,,,,
2026-07-07 15:32:57,Lab 301 (cam 1),anomaly_suppressed_cooldown,,,,
2026-07-07 15:32:57,Lab 301 (cam 1),anomaly_suppressed_cooldown,,,,
2026-07-07 15:32:57,Lab 301 (cam 1),anomaly_suppressed_cooldown,,,,
2026-07-07 15:32:57,Lab 301 (cam 1),anomaly_suppressed_cooldown,,,,
2026-07-07 15:32:57,Lab 301 (cam 1),anomaly_suppressed_cooldown,,,,
2026-07-07 15:32:57,Lab 301 (cam 1),anomaly_suppressed_cooldown,,,,
2026-07-07 15:32:57,Lab 301 (cam 1),anomaly_suppressed_cooldown,,,,
2026-07-07 15:32:58,Lab 301 (cam 1),anomaly_suppressed_cooldown,,,,
2026-07-07 15:32:58,Lab 301 (cam 1),anomaly_suppressed_cooldown,,,,
2026-07-07 15:32:58,Lab 301 (cam 1),anomaly_suppressed_cooldown,,,,
2026-07-07 15:32:58,Lab 301 (cam 1),anomaly_suppressed_cooldown,,,,
2026-07-07 15:32:58,Lab 301 (cam 1),anomaly_suppressed_cooldown,,,,
2026-07-07 15:32:58,Lab 301 (cam 1),anomaly_suppressed_cooldown,,,,
2026-07-07 15:32:58,Lab 301 (cam 1),anomaly_suppressed_cooldown,,,,
2026-07-07 15:32:58,Lab 301 (cam 1),anomaly_suppressed_cooldown,,,,
2026-07-07 15:32:58,Lab 301 (cam 1),anomaly_suppressed_cooldown,,,,
2026-07-07 15:32:58,Lab 301 (cam 1),anomaly_suppressed_cooldown,,,,
2026-07-07 15:32:58,Lab 301 (cam 1),anomaly_suppressed_cooldown,,,,
2026-07-07 15:32:58,Lab 301 (cam 1),anomaly_suppressed_cooldown,,,,
2026-07-07 15:32:59,Lab 301 (cam 1),anomaly_suppressed_cooldown,,,,
2026-07-07 15:32:59,Lab 301 (cam 2),anomaly_suppressed_cooldown,,,,
2026-07-07 15:32:59,Lab 301 (cam 1),anomaly_suppressed_cooldown,,,,
2026-07-07 15:32:59,Lab 301 (cam 1),anomaly_suppressed_cooldown,,,,
2026-07-07 15:32:59,Lab 301 (cam 1),anomaly_suppressed_cooldown,,,,
2026-07-07 15:32:59,Lab 301 (cam 1),anomaly_suppressed_cooldown,,,,
2026-07-07 15:32:59,Lab 301 (cam 1),anomaly_suppressed_cooldown,,,,
2026-07-07 15:32:59,Lab 301 (cam 1),anomaly_suppressed_cooldown,,,,
2026-07-07 15:32:59,Lab 301 (cam 2),anomaly_suppressed_cooldown,,,,
2026-07-07 15:32:59,Lab 301 (cam 1),anomaly_suppressed_cooldown,,,,
2026-07-07 15:32:59,Lab 301 (cam 1),anomaly_suppressed_cooldown,,,,
2026-07-07 15:32:59,Lab 301 (cam 2),anomaly_suppressed_cooldown,,,,
2026-07-07 15:32:59,Lab 301 (cam 1),anomaly_suppressed_cooldown,,,,
2026-07-07 15:32:59,Lab 301 (cam 2),anomaly_suppressed_cooldown,,,,
2026-07-07 15:32:59,Lab 301 (cam 2),anomaly_suppressed_cooldown,,,,
2026-07-07 15:32:59,Lab 301 (cam 1),anomaly_suppressed_cooldown,,,,
2026-07-07 15:32:59,Lab 301 (cam 2),anomaly_suppressed_cooldown,,,,
2026-07-07 15:32:59,Lab 301 (cam 1),anomaly_suppressed_cooldown,,,,
2026-07-07 15:32:59,Lab 301 (cam 2),anomaly_suppressed_cooldown,,,,
2026-07-07 15:32:59,Lab 301 (cam 1),anomaly_suppressed_cooldown,,,,
2026-07-07 15:32:59,Lab 301 (cam 2),anomaly_suppressed_cooldown,,,,
2026-07-07 15:32:59,Lab 301 (cam 1),anomaly_suppressed_cooldown,,,,
2026-07-07 15:32:59,Lab 301 (cam 2),anomaly_suppressed_cooldown,,,,
2026-07-07 15:32:59,Lab 301 (cam 1),anomaly_suppressed_cooldown,,,,
2026-07-07 15:32:59,Lab 301 (cam 2),anomaly_suppressed_cooldown,,,,
2026-07-07 15:32:59,Lab 301 (cam 1),anomaly_suppressed_cooldown,,,,
2026-07-07 15:32:59,Lab 301 (cam 1),anomaly_suppressed_cooldown,,,,
2026-07-07 15:32:59,Lab 301 (cam 1),anomaly_suppressed_cooldown,,,,
2026-07-07 15:33:00,Lab 301 (cam 1),anomaly_suppressed_cooldown,,,,
2026-07-07 15:33:00,Lab 301 (cam 1),anomaly_suppressed_cooldown,,,,
2026-07-07 15:33:00,Lab 301 (cam 2),anomaly_suppressed_cooldown,,,,
2026-07-07 15:33:00,Lab 301 (cam 1),anomaly_suppressed_cooldown,,,,
2026-07-07 15:33:00,Lab 301 (cam 2),anomaly_suppressed_cooldown,,,,
2026-07-07 15:33:00,Lab 301 (cam 1),anomaly_suppressed_cooldown,,,,
2026-07-07 15:33:00,Lab 301 (cam 2),anomaly_suppressed_cooldown,,,,
2026-07-07 15:33:00,Lab 301 (cam 2),anomaly_suppressed_cooldown,,,,
2026-07-07 15:33:00,Lab 301 (cam 1),anomaly_suppressed_cooldown,,,,
2026-07-07 15:33:00,Lab 301 (cam 2),anomaly_suppressed_cooldown,,,,
2026-07-07 15:33:00,Lab 301 (cam 1),anomaly_suppressed_cooldown,,,,
2026-07-07 15:33:00,Lab 301 (cam 2),anomaly_suppressed_cooldown,,,,
2026-07-07 15:33:00,Lab 301 (cam 1),anomaly_suppressed_cooldown,,,,
2026-07-07 15:33:00,Lab 301 (cam 2),anomaly_suppressed_cooldown,,,,
2026-07-07 15:33:00,Lab 301 (cam 1),anomaly_suppressed_cooldown,,,,
2026-07-07 15:33:00,Lab 301 (cam 2),anomaly_suppressed_cooldown,,,,
2026-07-07 15:33:00,Lab 301 (cam 1),anomaly_suppressed_cooldown,,,,
2026-07-07 15:33:00,Lab 301 (cam 2),anomaly_suppressed_cooldown,,,,
2026-07-07 15:33:00,Lab 301 (cam 1),anomaly_suppressed_cooldown,,,,
2026-07-07 15:33:00,Lab 301 (cam 2),anomaly_suppressed_cooldown,,,,
2026-07-07 15:33:00,Lab 301 (cam 1),anomaly_suppressed_cooldown,,,,
2026-07-07 15:33:00,Lab 301 (cam 2),anomaly_suppressed_cooldown,,,,
2026-07-07 15:33:00,Lab 301 (cam 1),anomaly_suppressed_cooldown,,,,
2026-07-07 15:33:00,Lab 301 (cam 1),anomaly_suppressed_cooldown,,,,
2026-07-07 15:33:00,Lab 301 (cam 2),anomaly_suppressed_cooldown,,,,
2026-07-07 15:33:00,Lab 301 (cam 1),anomaly_suppressed_cooldown,,,,
2026-07-07 15:33:00,Lab 301 (cam 1),anomaly_suppressed_cooldown,,,,
2026-07-07 15:33:00,Lab 301 (cam 1),anomaly_suppressed_cooldown,,,,
2026-07-07 15:33:00,Lab 301 (cam 1),anomaly_suppressed_cooldown,,,,
2026-07-07 15:33:00,Lab 301 (cam 1),anomaly_suppressed_cooldown,,,,
2026-07-07 15:33:00,Lab 301 (cam 1),anomaly_suppressed_cooldown,,,,
2026-07-07 15:33:00,Lab 301 (cam 1),anomaly_suppressed_cooldown,,,,
2026-07-07 15:33:00,Lab 301 (cam 1),anomaly_suppressed_cooldown,,,,
2026-07-07 15:33:00,Lab 301 (cam 1),anomaly_suppressed_cooldown,,,,
2026-07-07 15:33:00,Lab 301 (cam 1),anomaly_suppressed_cooldown,,,,
2026-07-07 15:33:00,Lab 301 (cam 1),anomaly_suppressed_cooldown,,,,
2026-07-07 15:33:00,Lab 301 (cam 2),anomaly_suppressed_cooldown,,,,
2026-07-07 15:33:00,Lab 301 (cam 1),anomaly_suppressed_cooldown,,,,
2026-07-07 15:33:00,Lab 301 (cam 1),anomaly_suppressed_cooldown,,,,
2026-07-07 15:33:00,Lab 301 (cam 1),anomaly_suppressed_cooldown,,,,
2026-07-07 15:33:00,Lab 301 (cam 1),anomaly_suppressed_cooldown,,,,
2026-07-07 15:33:00,Lab 301 (cam 1),anomaly_suppressed_cooldown,,,,
2026-07-07 15:33:01,Lab 301 (cam 1),anomaly_suppressed_cooldown,,,,
2026-07-07 15:33:01,Lab 301 (cam 1),anomaly_suppressed_cooldown,,,,
2026-07-07 15:33:01,Lab 301 (cam 1),anomaly_suppressed_cooldown,,,,
2026-07-07 15:33:01,Lab 301 (cam 1),anomaly_suppressed_cooldown,,,,
2026-07-07 15:33:01,Lab 301 (cam 1),anomaly_suppressed_cooldown,,,,
2026-07-07 15:33:01,Lab 301 (cam 1),anomaly_suppressed_cooldown,,,,
2026-07-07 15:33:01,Lab 301 (cam 1),anomaly_suppressed_cooldown,,,,
2026-07-07 15:33:01,Lab 301 (cam 1),anomaly_suppressed_cooldown,,,,
2026-07-07 15:33:01,Lab 301 (cam 1),anomaly_suppressed_cooldown,,,,
2026-07-07 15:33:01,Lab 301 (cam 1),anomaly_suppressed_cooldown,,,,
2026-07-07 15:33:01,Lab 301 (cam 1),anomaly_suppressed_cooldown,,,,
2026-07-07 15:33:01,Lab 301 (cam 1),anomaly_suppressed_cooldown,,,,
2026-07-07 15:33:01,Lab 301 (cam 1),anomaly_suppressed_cooldown,,,,
2026-07-07 15:33:01,Lab 301 (cam 1),anomaly_suppressed_cooldown,,,,
2026-07-07 15:33:01,Lab 301 (cam 1),anomaly_suppressed_cooldown,,,,
2026-07-07 15:33:01,Lab 301 (cam 1),anomaly_suppressed_cooldown,,,,
2026-07-07 15:33:02,Lab 301 (cam 1),anomaly_suppressed_cooldown,,,,
2026-07-07 15:33:02,Lab 301 (cam 1),anomaly_suppressed_cooldown,,,,
2026-07-07 15:33:02,Lab 301 (cam 1),anomaly_suppressed_cooldown,,,,
2026-07-07 15:33:02,Lab 301 (cam 1),anomaly_suppressed_cooldown,,,,
2026-07-07 15:33:02,Lab 301 (cam 1),anomaly_suppressed_cooldown,,,,
2026-07-07 15:33:02,Lab 301 (cam 1),anomaly_suppressed_cooldown,,,,
2026-07-07 15:33:02,Lab 301 (cam 1),anomaly_suppressed_cooldown,,,,
2026-07-07 15:33:02,Lab 301 (cam 1),anomaly_suppressed_cooldown,,,,
2026-07-07 15:33:02,Lab 301 (cam 1),anomaly_suppressed_cooldown,,,,
2026-07-07 15:33:02,Lab 301 (cam 1),anomaly_suppressed_cooldown,,,,
2026-07-07 15:33:02,Lab 301 (cam 1),anomaly_suppressed_cooldown,,,,
2026-07-07 15:33:02,Lab 301 (cam 1),anomaly_suppressed_cooldown,,,,
2026-07-07 15:33:02,Lab 301 (cam 1),anomaly_suppressed_cooldown,,,,
2026-07-07 15:33:02,Lab 301 (cam 1),anomaly_suppressed_cooldown,,,,
2026-07-07 15:33:02,Lab 301 (cam 1),anomaly_suppressed_cooldown,,,,
2026-07-07 15:33:02,Lab 301 (cam 1),anomaly_suppressed_cooldown,,,,
2026-07-07 15:33:02,Lab 301 (cam 1),anomaly_suppressed_cooldown,,,,
2026-07-07 15:33:02,Lab 301 (cam 1),anomaly_suppressed_cooldown,,,,
2026-07-07 15:33:02,Lab 301 (cam 1),anomaly_suppressed_cooldown,,,,
2026-07-07 15:33:02,Lab 301 (cam 1),anomaly_suppressed_cooldown,,,,
2026-07-07 15:33:02,Lab 301 (cam 1),anomaly_suppressed_cooldown,,,,
2026-07-07 15:33:02,Lab 301 (cam 1),anomaly_suppressed_cooldown,,,,
2026-07-07 15:33:02,Lab 301 (cam 1),anomaly_suppressed_cooldown,,,,
2026-07-07 15:33:03,Lab 301 (cam 1),anomaly_suppressed_cooldown,,,,
2026-07-07 15:33:03,Lab 301 (cam 1),anomaly_suppressed_cooldown,,,,
2026-07-07 15:33:03,Lab 301 (cam 1),anomaly_suppressed_cooldown,,,,
2026-07-07 15:33:03,Lab 301 (cam 1),anomaly_suppressed_cooldown,,,,
2026-07-07 15:33:03,Lab 301 (cam 1),anomaly_suppressed_cooldown,,,,
2026-07-07 15:33:03,Lab 301 (cam 1),anomaly_suppressed_cooldown,,,,
2026-07-07 15:33:03,Lab 301 (cam 1),anomaly_suppressed_cooldown,,,,
2026-07-07 15:33:03,Lab 301 (cam 1),anomaly_suppressed_cooldown,,,,
2026-07-07 15:33:03,Lab 301 (cam 1),anomaly_suppressed_cooldown,,,,
2026-07-07 15:33:03,Lab 301 (cam 1),anomaly_suppressed_cooldown,,,,
2026-07-07 15:33:03,Lab 301 (cam 1),anomaly_suppressed_cooldown,,,,
2026-07-07 15:33:03,Lab 301 (cam 1),anomaly_suppressed_cooldown,,,,
2026-07-07 15:33:03,Lab 301 (cam 1),anomaly_suppressed_cooldown,,,,
2026-07-07 15:33:03,Lab 301 (cam 1),anomaly_suppressed_cooldown,,,,
2026-07-07 15:33:03,Lab 301 (cam 1),anomaly_suppressed_cooldown,,,,
2026-07-07 15:33:03,Lab 301 (cam 1),anomaly_suppressed_cooldown,,,,
2026-07-07 15:33:03,Lab 301 (cam 1),anomaly_suppressed_cooldown,,,,
2026-07-07 15:33:03,Lab 301 (cam 1),anomaly_suppressed_cooldown,,,,
2026-07-07 15:33:03,Lab 301 (cam 1),anomaly_suppressed_cooldown,,,,
2026-07-07 15:33:03,Lab 301 (cam 1),anomaly_suppressed_cooldown,,,,
2026-07-07 15:33:03,Lab 301 (cam 1),anomaly_suppressed_cooldown,,,,
2026-07-07 15:33:03,Lab 301 (cam 1),anomaly_suppressed_cooldown,,,,
2026-07-07 15:33:03,Lab 301 (cam 1),anomaly_suppressed_cooldown,,,,
2026-07-07 15:33:03,Lab 301 (cam 1),anomaly_suppressed_cooldown,,,,
2026-07-07 15:33:03,Lab 301 (cam 1),anomaly_suppressed_cooldown,,,,
2026-07-07 15:33:03,Lab 301 (cam 1),anomaly_suppressed_cooldown,,,,
2026-07-07 15:33:03,Lab 301 (cam 1),anomaly_suppressed_cooldown,,,,
2026-07-07 15:33:04,Lab 301 (cam 1),anomaly_suppressed_cooldown,,,,
2026-07-07 15:33:04,Lab 301 (cam 1),anomaly_suppressed_cooldown,,,,
2026-07-07 15:33:04,Lab 301 (cam 1),anomaly_suppressed_cooldown,,,,
2026-07-07 15:33:04,Lab 301 (cam 1),anomaly_suppressed_cooldown,,,,
2026-07-07 15:33:04,Lab 301 (cam 1),anomaly_suppressed_cooldown,,,,
2026-07-07 15:33:04,Lab 301 (cam 1),anomaly_suppressed_cooldown,,,,
2026-07-07 15:33:04,Lab 301 (cam 1),anomaly_suppressed_cooldown,,,,
2026-07-07 15:33:05,Lab 301 (cam 1),anomaly_suppressed_cooldown,,,,
2026-07-07 15:33:05,Lab 301 (cam 1),anomaly_suppressed_cooldown,,,,
2026-07-07 15:33:05,Lab 301 (cam 1),anomaly_suppressed_cooldown,,,,
2026-07-07 15:33:05,Lab 301 (cam 1),anomaly_suppressed_cooldown,,,,
2026-07-07 15:33:05,Lab 301 (cam 1),anomaly_suppressed_cooldown,,,,
2026-07-07 15:33:05,Lab 301 (cam 1),anomaly_suppressed_cooldown,,,,
2026-07-07 15:33:05,Lab 301 (cam 1),anomaly_suppressed_cooldown,,,,
2026-07-07 15:33:05,Lab 301 (cam 1),anomaly_suppressed_cooldown,,,,
2026-07-07 15:33:05,Lab 301 (cam 1),anomaly_suppressed_cooldown,,,,
2026-07-07 15:33:05,Lab 301 (cam 1),anomaly_suppressed_cooldown,,,,
2026-07-07 15:33:05,Lab 301 (cam 1),anomaly_suppressed_cooldown,,,,
2026-07-07 15:33:05,Lab 301 (cam 1),anomaly_suppressed_cooldown,,,,
2026-07-07 15:33:05,Lab 301 (cam 1),anomaly_suppressed_cooldown,,,,
2026-07-07 15:33:05,Lab 301 (cam 1),anomaly_suppressed_cooldown,,,,
2026-07-07 15:33:05,Lab 301 (cam 1),anomaly_suppressed_cooldown,,,,
2026-07-07 15:33:05,Lab 301 (cam 1),anomaly_suppressed_cooldown,,,,
2026-07-07 15:33:05,Lab 301 (cam 1),anomaly_suppressed_cooldown,,,,
2026-07-07 15:33:05,Lab 301 (cam 1),anomaly_suppressed_cooldown,,,,
2026-07-07 15:33:05,Lab 301 (cam 1),anomaly_suppressed_cooldown,,,,
2026-07-07 15:33:05,Lab 301 (cam 1),anomaly_suppressed_cooldown,,,,
2026-07-07 15:33:06,Lab 301 (cam 1),anomaly_suppressed_cooldown,,,,
2026-07-07 15:33:06,Lab 301 (cam 1),anomaly_suppressed_cooldown,,,,
2026-07-07 15:33:06,Lab 301 (cam 1),anomaly_suppressed_cooldown,,,,
2026-07-07 15:33:06,Lab 301 (cam 1),anomaly_suppressed_cooldown,,,,
2026-07-07 15:33:06,Lab 301 (cam 1),anomaly_suppressed_cooldown,,,,
2026-07-07 15:33:06,Lab 301 (cam 1),anomaly_suppressed_cooldown,,,,
2026-07-07 15:33:06,Lab 301 (cam 1),anomaly_suppressed_cooldown,,,,
2026-07-07 15:33:07,Lab 301 (cam 1),anomaly_suppressed_cooldown,,,,
2026-07-07 15:33:07,Lab 301 (cam 1),anomaly_suppressed_cooldown,,,,
2026-07-07 15:33:07,Lab 301 (cam 1),anomaly_suppressed_cooldown,,,,
2026-07-07 15:33:07,Lab 301 (cam 1),anomaly_suppressed_cooldown,,,,
2026-07-07 15:33:07,Lab 301 (cam 1),anomaly_suppressed_cooldown,,,,
2026-07-07 15:33:07,Lab 301 (cam 1),anomaly_suppressed_cooldown,,,,
2026-07-07 15:33:07,Lab 301 (cam 1),anomaly_suppressed_cooldown,,,,
2026-07-07 15:33:07,Lab 301 (cam 1),anomaly_suppressed_cooldown,,,,
2026-07-07 15:33:07,Lab 301 (cam 1),anomaly_suppressed_cooldown,,,,
2026-07-07 15:33:07,Lab 301 (cam 1),anomaly_suppressed_cooldown,,,,
2026-07-07 15:33:07,Lab 301 (cam 1),anomaly_suppressed_cooldown,,,,
2026-07-07 15:33:07,Lab 301 (cam 1),anomaly_suppressed_cooldown,,,,
2026-07-07 15:33:07,Lab 301 (cam 1),anomaly_suppressed_cooldown,,,,
2026-07-07 15:33:07,Lab 301 (cam 1),anomaly_suppressed_cooldown,,,,
2026-07-07 15:33:07,Lab 301 (cam 1),anomaly_suppressed_cooldown,,,,
2026-07-07 15:33:07,Lab 301 (cam 1),anomaly_suppressed_cooldown,,,,
2026-07-07 15:33:07,Lab 301 (cam 1),anomaly_suppressed_cooldown,,,,
2026-07-07 15:33:07,Lab 301 (cam 1),anomaly_suppressed_cooldown,,,,
2026-07-07 15:33:07,Lab 301 (cam 1),anomaly_suppressed_cooldown,,,,
2026-07-07 15:33:07,Lab 301 (cam 1),anomaly_suppressed_cooldown,,,,
2026-07-07 15:33:07,Lab 301 (cam 1),anomaly_suppressed_cooldown,,,,
2026-07-07 15:33:07,Lab 301 (cam 1),anomaly_suppressed_cooldown,,,,
2026-07-07 15:33:07,Lab 301 (cam 1),anomaly_suppressed_cooldown,,,,
2026-07-07 15:33:07,Lab 301 (cam 1),anomaly_suppressed_cooldown,,,,
2026-07-07 15:33:07,Lab 301 (cam 1),anomaly_suppressed_cooldown,,,,
2026-07-07 15:33:07,Lab 301 (cam 1),anomaly_suppressed_cooldown,,,,
2026-07-07 15:33:07,Lab 301 (cam 1),anomaly_suppressed_cooldown,,,,
2026-07-07 15:33:08,Lab 301 (cam 1),anomaly_suppressed_cooldown,,,,
2026-07-07 15:33:08,Lab 301 (cam 1),anomaly_suppressed_cooldown,,,,
2026-07-07 15:33:08,Lab 301 (cam 1),anomaly_suppressed_cooldown,,,,
2026-07-07 15:33:08,Lab 301 (cam 1),anomaly_suppressed_cooldown,,,,
2026-07-07 15:33:08,Lab 301 (cam 1),anomaly_suppressed_cooldown,,,,
2026-07-07 15:33:08,Lab 301 (cam 1),anomaly_suppressed_cooldown,,,,
2026-07-07 15:33:08,Lab 301 (cam 1),anomaly_suppressed_cooldown,,,,
2026-07-07 15:33:08,Lab 301 (cam 1),anomaly_suppressed_cooldown,,,,
2026-07-07 15:33:08,Lab 301 (cam 1),anomaly_suppressed_cooldown,,,,
2026-07-07 15:33:08,Lab 301 (cam 1),anomaly_suppressed_cooldown,,,,
2026-07-07 15:33:08,Lab 301 (cam 1),anomaly_suppressed_cooldown,,,,
2026-07-07 15:33:08,Lab 301 (cam 1),anomaly_suppressed_cooldown,,,,
2026-07-07 15:33:08,Lab 301 (cam 1),anomaly_suppressed_cooldown,,,,
2026-07-07 15:33:08,Lab 301 (cam 1),anomaly_suppressed_cooldown,,,,
2026-07-07 15:33:08,Lab 301 (cam 1),anomaly_suppressed_cooldown,,,,
2026-07-07 15:33:08,Lab 301 (cam 1),anomaly_suppressed_cooldown,,,,
2026-07-07 15:33:08,Lab 301 (cam 1),anomaly_suppressed_cooldown,,,,
2026-07-07 15:33:08,Lab 301 (cam 1),anomaly_suppressed_cooldown,,,,
2026-07-07 15:33:08,Lab 301 (cam 1),anomaly_suppressed_cooldown,,,,
2026-07-07 15:33:08,Lab 301 (cam 1),anomaly_suppressed_cooldown,,,,
2026-07-07 15:33:08,Lab 301 (cam 1),anomaly_suppressed_cooldown,,,,
2026-07-07 15:33:08,Lab 301 (cam 1),anomaly_suppressed_cooldown,,,,
2026-07-07 15:33:08,Lab 301 (cam 1),anomaly_suppressed_cooldown,,,,
2026-07-07 15:33:08,Lab 301 (cam 1),anomaly_suppressed_cooldown,,,,
2026-07-07 15:33:08,Lab 301 (cam 1),anomaly_suppressed_cooldown,,,,
2026-07-07 15:33:10,Lab 301 (cam 1),anomaly_suppressed_cooldown,,,,
2026-07-07 15:33:10,Lab 301 (cam 2),anomaly_suppressed_cooldown,,,,
2026-07-07 15:33:10,Lab 301 (cam 1),anomaly_suppressed_cooldown,,,,
2026-07-07 15:33:10,Lab 301 (cam 2),anomaly_suppressed_cooldown,,,,
2026-07-07 15:33:10,Lab 301 (cam 1),anomaly_suppressed_cooldown,,,,
2026-07-07 15:33:10,Lab 301 (cam 2),anomaly_suppressed_cooldown,,,,
2026-07-07 15:33:10,Lab 301 (cam 1),anomaly_suppressed_cooldown,,,,
2026-07-07 15:33:10,Lab 301 (cam 2),anomaly_suppressed_cooldown,,,,
2026-07-07 15:33:10,Lab 301 (cam 1),anomaly_suppressed_cooldown,,,,
2026-07-07 15:33:10,Lab 301 (cam 2),anomaly_suppressed_cooldown,,,,
2026-07-07 15:33:10,Lab 301 (cam 2),anomaly_suppressed_cooldown,,,,
2026-07-07 15:33:10,Lab 301 (cam 1),anomaly_suppressed_cooldown,,,,
2026-07-07 15:33:10,Lab 301 (cam 1),anomaly_suppressed_cooldown,,,,
2026-07-07 15:33:10,Lab 301 (cam 2),anomaly_suppressed_cooldown,,,,
2026-07-07 15:33:10,Lab 301 (cam 2),anomaly_suppressed_cooldown,,,,
2026-07-07 15:33:10,Lab 301 (cam 1),anomaly_suppressed_cooldown,,,,
2026-07-07 15:33:10,Lab 301 (cam 2),anomaly_suppressed_cooldown,,,,
2026-07-07 15:33:10,Lab 301 (cam 1),anomaly_suppressed_cooldown,,,,
2026-07-07 15:33:10,Lab 301 (cam 1),anomaly_suppressed_cooldown,,,,
2026-07-07 15:33:10,Lab 301 (cam 1),anomaly_suppressed_cooldown,,,,
2026-07-07 15:33:10,Lab 301 (cam 2),anomaly_suppressed_cooldown,,,,
2026-07-07 15:33:10,Lab 301 (cam 1),anomaly_suppressed_cooldown,,,,
2026-07-07 15:33:10,Lab 301 (cam 1),anomaly_suppressed_cooldown,,,,
2026-07-07 15:33:10,Lab 301 (cam 1),anomaly_suppressed_cooldown,,,,
2026-07-07 15:33:10,Lab 301 (cam 1),anomaly_suppressed_cooldown,,,,
2026-07-07 15:33:10,Lab 301 (cam 1),anomaly_suppressed_cooldown,,,,
2026-07-07 15:33:10,Lab 301 (cam 1),anomaly_suppressed_cooldown,,,,
2026-07-07 15:33:10,Lab 301 (cam 1),anomaly_suppressed_cooldown,,,,
2026-07-07 15:33:10,Lab 301 (cam 1),anomaly_suppressed_cooldown,,,,
2026-07-07 15:33:10,Lab 301 (cam 2),anomaly_suppressed_cooldown,,,,
2026-07-07 15:33:10,Lab 301 (cam 1),anomaly_suppressed_cooldown,,,,
2026-07-07 15:33:10,Lab 301 (cam 1),anomaly_suppressed_cooldown,,,,
2026-07-07 15:33:10,Lab 301 (cam 1),anomaly_suppressed_cooldown,,,,
2026-07-07 15:33:10,Lab 301 (cam 1),anomaly_suppressed_cooldown,,,,
2026-07-07 15:33:10,Lab 301 (cam 2),anomaly_suppressed_cooldown,,,,
2026-07-07 15:33:10,Lab 301 (cam 1),anomaly_suppressed_cooldown,,,,
2026-07-07 15:33:11,Lab 301 (cam 2),anomaly_suppressed_cooldown,,,,
2026-07-07 15:33:11,Lab 301 (cam 2),anomaly_suppressed_cooldown,,,,
2026-07-07 15:33:11,Lab 301 (cam 2),anomaly_suppressed_cooldown,,,,
2026-07-07 15:33:11,Lab 301 (cam 1),anomaly_suppressed_cooldown,,,,
2026-07-07 15:33:11,Lab 301 (cam 1),anomaly_suppressed_cooldown,,,,
2026-07-07 15:33:11,Lab 301 (cam 2),anomaly_suppressed_cooldown,,,,
2026-07-07 15:33:11,Lab 301 (cam 1),anomaly_suppressed_cooldown,,,,
2026-07-07 15:33:11,Lab 301 (cam 1),anomaly_suppressed_cooldown,,,,
2026-07-07 15:33:11,Lab 301 (cam 2),anomaly_suppressed_cooldown,,,,
2026-07-07 15:33:11,Lab 301 (cam 2),anomaly_suppressed_cooldown,,,,
2026-07-07 15:33:11,Lab 301 (cam 1),anomaly_suppressed_cooldown,,,,
2026-07-07 15:33:11,Lab 301 (cam 1),anomaly_suppressed_cooldown,,,,
2026-07-07 15:33:11,Lab 301 (cam 2),anomaly_suppressed_cooldown,,,,
2026-07-07 15:33:11,Lab 301 (cam 1),anomaly_suppressed_cooldown,,,,
2026-07-07 15:33:11,Lab 301 (cam 2),anomaly_suppressed_cooldown,,,,
2026-07-07 15:33:11,Lab 301 (cam 2),anomaly_suppressed_cooldown,,,,
2026-07-07 15:33:11,Lab 301 (cam 2),anomaly_suppressed_cooldown,,,,
2026-07-07 15:33:11,Lab 301 (cam 1),anomaly_suppressed_cooldown,,,,
2026-07-07 15:33:11,Lab 301 (cam 2),anomaly_suppressed_cooldown,,,,
2026-07-07 15:33:11,Lab 301 (cam 1),anomaly_suppressed_cooldown,,,,
2026-07-07 15:33:11,Lab 301 (cam 2),anomaly_suppressed_cooldown,,,,
2026-07-07 15:33:11,Lab 301 (cam 1),anomaly_suppressed_cooldown,,,,
2026-07-07 15:33:11,Lab 301 (cam 2),anomaly_suppressed_cooldown,,,,
2026-07-07 15:33:11,Lab 301 (cam 1),anomaly_suppressed_cooldown,,,,
2026-07-07 15:33:11,Lab 301 (cam 2),anomaly_suppressed_cooldown,,,,
2026-07-07 15:33:11,Lab 301 (cam 1),anomaly_suppressed_cooldown,,,,
2026-07-07 15:33:11,Lab 301 (cam 2),anomaly_suppressed_cooldown,,,,
2026-07-07 15:33:11,Lab 301 (cam 1),anomaly_suppressed_cooldown,,,,
2026-07-07 15:33:11,Lab 301 (cam 2),anomaly_suppressed_cooldown,,,,
2026-07-07 15:33:11,Lab 301 (cam 1),anomaly_suppressed_cooldown,,,,
2026-07-07 15:33:11,Lab 301 (cam 2),anomaly_suppressed_cooldown,,,,
2026-07-07 15:33:11,Lab 301 (cam 1),anomaly_suppressed_cooldown,,,,
2026-07-07 15:33:11,Lab 301 (cam 2),anomaly_suppressed_cooldown,,,,
2026-07-07 15:33:11,Lab 301 (cam 1),anomaly_suppressed_cooldown,,,,
2026-07-07 15:33:11,Lab 301 (cam 1),anomaly_suppressed_cooldown,,,,
2026-07-07 15:33:11,Lab 301 (cam 2),anomaly_suppressed_cooldown,,,,
2026-07-07 15:33:11,Lab 301 (cam 2),anomaly_suppressed_cooldown,,,,
2026-07-07 15:33:11,Lab 301 (cam 1),anomaly_suppressed_cooldown,,,,
2026-07-07 15:33:11,Lab 301 (cam 1),anomaly_suppressed_cooldown,,,,
2026-07-07 15:33:11,Lab 301 (cam 2),anomaly_suppressed_cooldown,,,,
2026-07-07 15:33:11,Lab 301 (cam 2),anomaly_suppressed_cooldown,,,,
2026-07-07 15:33:11,Lab 301 (cam 1),anomaly_suppressed_cooldown,,,,
2026-07-07 15:33:11,Lab 301 (cam 2),anomaly_suppressed_cooldown,,,,
2026-07-07 15:33:11,Lab 301 (cam 1),anomaly_suppressed_cooldown,,,,
2026-07-07 15:33:11,Lab 301 (cam 2),anomaly_suppressed_cooldown,,,,
2026-07-07 15:33:11,Lab 301 (cam 1),anomaly_suppressed_cooldown,,,,
2026-07-07 15:33:11,Lab 301 (cam 2),anomaly_suppressed_cooldown,,,,
2026-07-07 15:33:11,Lab 301 (cam 1),anomaly_suppressed_cooldown,,,,
2026-07-07 15:33:11,Lab 301 (cam 1),anomaly_suppressed_cooldown,,,,
2026-07-07 15:33:11,Lab 301 (cam 1),anomaly_suppressed_cooldown,,,,
2026-07-07 15:33:12,Lab 301 (cam 1),anomaly_suppressed_cooldown,,,,
2026-07-07 15:33:12,Lab 301 (cam 2),anomaly_suppressed_cooldown,,,,
2026-07-07 15:33:12,Lab 301 (cam 1),anomaly_suppressed_cooldown,,,,
2026-07-07 15:33:12,Lab 301 (cam 2),anomaly_suppressed_cooldown,,,,
2026-07-07 15:33:12,Lab 301 (cam 1),anomaly_suppressed_cooldown,,,,
2026-07-07 15:33:12,Lab 301 (cam 2),anomaly_suppressed_cooldown,,,,
2026-07-07 15:33:12,Lab 301 (cam 1),anomaly_suppressed_cooldown,,,,
2026-07-07 15:33:12,Lab 301 (cam 2),anomaly_suppressed_cooldown,,,,
2026-07-07 15:33:12,Lab 301 (cam 1),anomaly_suppressed_cooldown,,,,
2026-07-07 15:33:12,Lab 301 (cam 2),anomaly_suppressed_cooldown,,,,
2026-07-07 15:33:12,Lab 301 (cam 1),anomaly_suppressed_cooldown,,,,
2026-07-07 15:33:12,Lab 301 (cam 2),anomaly_suppressed_cooldown,,,,
2026-07-07 15:33:12,Lab 301 (cam 1),anomaly_suppressed_cooldown,,,,
2026-07-07 15:33:12,Lab 301 (cam 2),anomaly_suppressed_cooldown,,,,
2026-07-07 15:33:12,Lab 301 (cam 2),anomaly_suppressed_cooldown,,,,
2026-07-07 15:33:12,Lab 301 (cam 2),anomaly_suppressed_cooldown,,,,
2026-07-07 15:33:12,Lab 301 (cam 2),anomaly_suppressed_cooldown,,,,
2026-07-07 15:33:12,Lab 301 (cam 2),anomaly_suppressed_cooldown,,,,
2026-07-07 15:33:12,Lab 301 (cam 2),anomaly_suppressed_cooldown,,,,
2026-07-07 15:33:12,Lab 301 (cam 2),anomaly_suppressed_cooldown,,,,
2026-07-07 15:33:12,Lab 301 (cam 2),anomaly_suppressed_cooldown,,,,
2026-07-07 15:33:12,Lab 301 (cam 2),anomaly_suppressed_cooldown,,,,
2026-07-07 15:33:12,Lab 301 (cam 2),anomaly_suppressed_cooldown,,,,
2026-07-07 15:33:12,Lab 301 (cam 2),anomaly_suppressed_cooldown,,,,
2026-07-07 15:33:12,Lab 301 (cam 2),anomaly_suppressed_cooldown,,,,
2026-07-07 15:33:12,Lab 301 (cam 2),anomaly_suppressed_cooldown,,,,
2026-07-07 15:33:12,Lab 301 (cam 2),anomaly_suppressed_cooldown,,,,
2026-07-07 15:33:12,Lab 301 (cam 2),anomaly_suppressed_cooldown,,,,
2026-07-07 15:33:13,Lab 301 (cam 1),anomaly_suppressed_cooldown,,,,
2026-07-07 15:33:13,Lab 301 (cam 1),anomaly_suppressed_cooldown,,,,
2026-07-07 15:33:13,Lab 301 (cam 1),anomaly_suppressed_cooldown,,,,
2026-07-07 15:33:13,Lab 301 (cam 1),anomaly_suppressed_cooldown,,,,
2026-07-07 15:33:13,Lab 301 (cam 1),anomaly_suppressed_cooldown,,,,
2026-07-07 15:33:13,Lab 301 (cam 1),anomaly_suppressed_cooldown,,,,
2026-07-07 15:33:13,Lab 301 (cam 1),anomaly_suppressed_cooldown,,,,
2026-07-07 15:33:13,Lab 301 (cam 1),anomaly_suppressed_cooldown,,,,
2026-07-07 15:33:13,Lab 301 (cam 1),anomaly_suppressed_cooldown,,,,
2026-07-07 15:33:13,Lab 301 (cam 1),anomaly_suppressed_cooldown,,,,
2026-07-07 15:33:13,Lab 301 (cam 1),anomaly_suppressed_cooldown,,,,
2026-07-07 15:33:13,Lab 301 (cam 1),anomaly_suppressed_cooldown,,,,
2026-07-07 15:33:13,Lab 301 (cam 1),anomaly_suppressed_cooldown,,,,
2026-07-07 15:33:13,Lab 301 (cam 1),anomaly_suppressed_cooldown,,,,
2026-07-07 15:33:13,Lab 301 (cam 1),anomaly_suppressed_cooldown,,,,
2026-07-07 15:33:13,Lab 301 (cam 1),anomaly_suppressed_cooldown,,,,
2026-07-07 15:33:13,Lab 301 (cam 1),anomaly_suppressed_cooldown,,,,
2026-07-07 15:33:13,Lab 301 (cam 1),anomaly_suppressed_cooldown,,,,
2026-07-07 15:33:13,Lab 301 (cam 1),anomaly_suppressed_cooldown,,,,
2026-07-07 15:33:13,Lab 301 (cam 1),anomaly_suppressed_cooldown,,,,
2026-07-07 15:33:13,Lab 301 (cam 1),anomaly_suppressed_cooldown,,,,
2026-07-07 15:33:13,Lab 301 (cam 1),anomaly_suppressed_cooldown,,,,
2026-07-07 15:33:13,Lab 301 (cam 1),anomaly_suppressed_cooldown,,,,
2026-07-07 15:33:13,Lab 301 (cam 1),anomaly_suppressed_cooldown,,,,
2026-07-07 15:33:13,Lab 301 (cam 1),anomaly_suppressed_cooldown,,,,
2026-07-07 15:33:13,Lab 301 (cam 1),anomaly_suppressed_cooldown,,,,
2026-07-07 15:33:13,Lab 301 (cam 1),anomaly_suppressed_cooldown,,,,
2026-07-07 15:33:13,Lab 301 (cam 1),anomaly_suppressed_cooldown,,,,
2026-07-07 15:33:13,Lab 301 (cam 1),anomaly_suppressed_cooldown,,,,
2026-07-07 15:33:14,Lab 301 (cam 1),anomaly_suppressed_cooldown,,,,
2026-07-07 15:33:14,Lab 301 (cam 1),anomaly_suppressed_cooldown,,,,
2026-07-07 15:33:14,Lab 301 (cam 1),anomaly_suppressed_cooldown,,,,
2026-07-07 15:33:14,Lab 301 (cam 1),anomaly_suppressed_cooldown,,,,
2026-07-07 15:33:14,Lab 301 (cam 1),anomaly_suppressed_cooldown,,,,
2026-07-07 15:33:14,Lab 301 (cam 1),anomaly_suppressed_cooldown,,,,
2026-07-07 15:33:14,Lab 301 (cam 1),anomaly_suppressed_cooldown,,,,
2026-07-07 15:33:14,Lab 301 (cam 1),anomaly_suppressed_cooldown,,,,
2026-07-07 15:33:14,Lab 301 (cam 1),anomaly_suppressed_cooldown,,,,
2026-07-07 15:33:14,Lab 301 (cam 1),anomaly_suppressed_cooldown,,,,
2026-07-07 15:33:14,Lab 301 (cam 1),anomaly_suppressed_cooldown,,,,
2026-07-07 15:33:14,Lab 301 (cam 1),anomaly_suppressed_cooldown,,,,
2026-07-07 15:33:14,Lab 301 (cam 1),anomaly_suppressed_cooldown,,,,
2026-07-07 15:33:14,Lab 301 (cam 1),anomaly_suppressed_cooldown,,,,
2026-07-07 15:33:14,Lab 301 (cam 1),anomaly_suppressed_cooldown,,,,
2026-07-07 15:33:14,Lab 301 (cam 1),anomaly_suppressed_cooldown,,,,
2026-07-07 15:33:14,Lab 301 (cam 1),anomaly_suppressed_cooldown,,,,
2026-07-07 15:33:14,Lab 301 (cam 1),anomaly_suppressed_cooldown,,,,
2026-07-07 15:33:14,Lab 301 (cam 1),anomaly_suppressed_cooldown,,,,
2026-07-07 15:33:14,Lab 301 (cam 1),anomaly_suppressed_cooldown,,,,
2026-07-07 15:33:14,Lab 301 (cam 1),anomaly_suppressed_cooldown,,,,
2026-07-07 15:33:14,Lab 301 (cam 1),anomaly_suppressed_cooldown,,,,
2026-07-07 15:33:14,Lab 301 (cam 1),anomaly_suppressed_cooldown,,,,
2026-07-07 15:33:14,Lab 301 (cam 1),anomaly_suppressed_cooldown,,,,
2026-07-07 15:33:14,Lab 301 (cam 1),anomaly_suppressed_cooldown,,,,
2026-07-07 15:33:14,Lab 301 (cam 1),anomaly_suppressed_cooldown,,,,
2026-07-07 15:33:14,Lab 301 (cam 1),anomaly_suppressed_cooldown,,,,
2026-07-07 15:33:14,Lab 301 (cam 1),anomaly_suppressed_cooldown,,,,
2026-07-07 15:33:15,Lab 301 (cam 1),anomaly_suppressed_cooldown,,,,
2026-07-07 15:33:15,Lab 301 (cam 1),anomaly_suppressed_cooldown,,,,
2026-07-07 15:33:15,Lab 301 (cam 1),anomaly_suppressed_cooldown,,,,
2026-07-07 15:33:15,Lab 301 (cam 1),anomaly_suppressed_cooldown,,,,
2026-07-07 15:33:15,Lab 301 (cam 1),anomaly_suppressed_cooldown,,,,
2026-07-07 15:33:15,Lab 301 (cam 1),anomaly_suppressed_cooldown,,,,
2026-07-07 15:33:15,Lab 301 (cam 1),anomaly_suppressed_cooldown,,,,
2026-07-07 15:33:15,Lab 301 (cam 1),anomaly_suppressed_cooldown,,,,
2026-07-07 15:33:15,Lab 301 (cam 1),anomaly_suppressed_cooldown,,,,
2026-07-07 15:33:15,Lab 301 (cam 1),anomaly_suppressed_cooldown,,,,
2026-07-07 15:33:15,Lab 301 (cam 1),anomaly_suppressed_cooldown,,,,
2026-07-07 15:33:15,Lab 301 (cam 1),anomaly_suppressed_cooldown,,,,
2026-07-07 15:33:15,Lab 301 (cam 1),anomaly_suppressed_cooldown,,,,
2026-07-07 15:33:15,Lab 301 (cam 1),anomaly_suppressed_cooldown,,,,
2026-07-07 15:33:15,Lab 301 (cam 1),anomaly_suppressed_cooldown,,,,
2026-07-07 15:33:15,Lab 301 (cam 1),anomaly_suppressed_cooldown,,,,
2026-07-07 15:33:15,Lab 301 (cam 1),anomaly_suppressed_cooldown,,,,
2026-07-07 15:33:15,Lab 301 (cam 1),anomaly_suppressed_cooldown,,,,
2026-07-07 15:33:15,Lab 301 (cam 1),anomaly_suppressed_cooldown,,,,
2026-07-07 15:33:15,Lab 301 (cam 2),anomaly_suppressed_cooldown,,,,
2026-07-07 15:33:15,Lab 301 (cam 1),anomaly_suppressed_cooldown,,,,
2026-07-07 15:33:15,Lab 301 (cam 2),anomaly_suppressed_cooldown,,,,
2026-07-07 15:33:15,Lab 301 (cam 1),anomaly_suppressed_cooldown,,,,
2026-07-07 15:33:15,Lab 301 (cam 2),anomaly_suppressed_cooldown,,,,
2026-07-07 15:33:15,Lab 301 (cam 1),anomaly_suppressed_cooldown,,,,
2026-07-07 15:33:15,Lab 301 (cam 1),anomaly_suppressed_cooldown,,,,
2026-07-07 15:33:15,Lab 301 (cam 1),anomaly_suppressed_cooldown,,,,
2026-07-07 15:33:15,Lab 301 (cam 1),anomaly_suppressed_cooldown,,,,
2026-07-07 15:33:15,Lab 301 (cam 1),anomaly_suppressed_cooldown,,,,
2026-07-07 15:33:15,Lab 301 (cam 1),anomaly_suppressed_cooldown,,,,
2026-07-07 15:33:15,Lab 301 (cam 1),anomaly_suppressed_cooldown,,,,
2026-07-07 15:33:16,Lab 301 (cam 1),anomaly_suppressed_cooldown,,,,
2026-07-07 15:33:16,Lab 301 (cam 1),anomaly_suppressed_cooldown,,,,
2026-07-07 15:33:16,Lab 301 (cam 1),anomaly_suppressed_cooldown,,,,
2026-07-07 15:33:16,Lab 301 (cam 1),anomaly_suppressed_cooldown,,,,
2026-07-07 15:33:16,Lab 301 (cam 2),anomaly_suppressed_cooldown,,,,
2026-07-07 15:33:16,Lab 301 (cam 1),anomaly_suppressed_cooldown,,,,
2026-07-07 15:33:16,Lab 301 (cam 2),anomaly_suppressed_cooldown,,,,
2026-07-07 15:33:16,Lab 301 (cam 1),anomaly_suppressed_cooldown,,,,
2026-07-07 15:33:16,Lab 301 (cam 2),anomaly_suppressed_cooldown,,,,
2026-07-07 15:33:16,Lab 301 (cam 1),anomaly_suppressed_cooldown,,,,
2026-07-07 15:33:16,Lab 301 (cam 2),anomaly_suppressed_cooldown,,,,
2026-07-07 15:33:16,Lab 301 (cam 1),anomaly_suppressed_cooldown,,,,
2026-07-07 15:33:16,Lab 301 (cam 2),anomaly_suppressed_cooldown,,,,
2026-07-07 15:33:16,Lab 301 (cam 1),anomaly_suppressed_cooldown,,,,
2026-07-07 15:33:16,Lab 301 (cam 2),anomaly_suppressed_cooldown,,,,
2026-07-07 15:33:16,Lab 301 (cam 1),anomaly_suppressed_cooldown,,,,
2026-07-07 15:33:16,Lab 301 (cam 2),anomaly_suppressed_cooldown,,,,
2026-07-07 15:33:16,Lab 301 (cam 1),anomaly_suppressed_cooldown,,,,
2026-07-07 15:33:16,Lab 301 (cam 2),anomaly_suppressed_cooldown,,,,
2026-07-07 15:33:16,Lab 301 (cam 1),anomaly_suppressed_cooldown,,,,
2026-07-07 15:33:16,Lab 301 (cam 2),anomaly_suppressed_cooldown,,,,
2026-07-07 15:33:16,Lab 301 (cam 1),anomaly_suppressed_cooldown,,,,
2026-07-07 15:33:16,Lab 301 (cam 2),anomaly_suppressed_cooldown,,,,
2026-07-07 15:33:16,Lab 301 (cam 1),anomaly_suppressed_cooldown,,,,
2026-07-07 15:33:16,Lab 301 (cam 1),anomaly_suppressed_cooldown,,,,
2026-07-07 15:33:16,Lab 301 (cam 1),anomaly_suppressed_cooldown,,,,
2026-07-07 15:33:16,Lab 301 (cam 1),anomaly_suppressed_cooldown,,,,
2026-07-07 15:33:16,Lab 301 (cam 1),anomaly_suppressed_cooldown,,,,
2026-07-07 15:33:16,Lab 301 (cam 1),anomaly_suppressed_cooldown,,,,
2026-07-07 15:33:16,Lab 301 (cam 1),anomaly_suppressed_cooldown,,,,
2026-07-07 15:33:16,Lab 301 (cam 1),anomaly_suppressed_cooldown,,,,
2026-07-07 15:33:16,Lab 301 (cam 1),anomaly_suppressed_cooldown,,,,
2026-07-07 15:33:16,Lab 301 (cam 1),anomaly_suppressed_cooldown,,,,
2026-07-07 15:33:16,Lab 301 (cam 1),anomaly_suppressed_cooldown,,,,
2026-07-07 15:33:16,Lab 301 (cam 1),anomaly_suppressed_cooldown,,,,
2026-07-07 15:33:16,Lab 301 (cam 1),anomaly_suppressed_cooldown,,,,
2026-07-07 15:33:17,Lab 301 (cam 1),anomaly_suppressed_cooldown,,,,
2026-07-07 15:33:17,Lab 301 (cam 1),anomaly_suppressed_cooldown,,,,
2026-07-07 15:33:17,Lab 301 (cam 1),anomaly_suppressed_cooldown,,,,
2026-07-07 15:33:17,Lab 301 (cam 1),anomaly_suppressed_cooldown,,,,
2026-07-07 15:33:17,Lab 301 (cam 1),anomaly_suppressed_cooldown,,,,
2026-07-07 15:33:17,Lab 301 (cam 1),anomaly_suppressed_cooldown,,,,
2026-07-07 15:33:17,Lab 301 (cam 1),anomaly_suppressed_cooldown,,,,
2026-07-07 15:33:17,Lab 301 (cam 1),anomaly_suppressed_cooldown,,,,
2026-07-07 15:33:17,Lab 301 (cam 1),anomaly_suppressed_cooldown,,,,
2026-07-07 15:33:17,Lab 301 (cam 1),anomaly_suppressed_cooldown,,,,
2026-07-07 15:33:17,Lab 301 (cam 1),anomaly_suppressed_cooldown,,,,
2026-07-07 15:33:17,Lab 301 (cam 1),anomaly_suppressed_cooldown,,,,
2026-07-07 15:33:17,Lab 301 (cam 1),anomaly_suppressed_cooldown,,,,
2026-07-07 15:33:17,Lab 301 (cam 1),anomaly_suppressed_cooldown,,,,
2026-07-07 15:33:17,Lab 301 (cam 1),anomaly_suppressed_cooldown,,,,
2026-07-07 15:33:17,Lab 301 (cam 1),anomaly_suppressed_cooldown,,,,
2026-07-07 15:33:17,Lab 301 (cam 1),anomaly_suppressed_cooldown,,,,
2026-07-07 15:33:17,Lab 301 (cam 1),anomaly_suppressed_cooldown,,,,
2026-07-07 15:33:17,Lab 301 (cam 1),anomaly_suppressed_cooldown,,,,
2026-07-07 15:33:17,Lab 301 (cam 1),anomaly_suppressed_cooldown,,,,
2026-07-07 15:33:18,Lab 301 (cam 1),anomaly_suppressed_cooldown,,,,
2026-07-07 15:33:18,Lab 301 (cam 1),anomaly_suppressed_cooldown,,,,
2026-07-07 15:33:18,Lab 301 (cam 1),anomaly_suppressed_cooldown,,,,
2026-07-07 15:33:18,Lab 301 (cam 1),anomaly_suppressed_cooldown,,,,
2026-07-07 15:33:18,Lab 301 (cam 1),anomaly_suppressed_cooldown,,,,
2026-07-07 15:33:18,Lab 301 (cam 1),anomaly_suppressed_cooldown,,,,
2026-07-07 15:33:18,Lab 301 (cam 1),anomaly_suppressed_cooldown,,,,
2026-07-07 15:33:18,Lab 301 (cam 1),anomaly_suppressed_cooldown,,,,
2026-07-07 15:33:18,Lab 301 (cam 1),anomaly_suppressed_cooldown,,,,
2026-07-07 15:33:18,Lab 301 (cam 1),anomaly_suppressed_cooldown,,,,
2026-07-07 15:33:18,Lab 301 (cam 1),anomaly_suppressed_cooldown,,,,
2026-07-07 15:33:18,Lab 301 (cam 1),anomaly_suppressed_cooldown,,,,
2026-07-07 15:33:18,Lab 301 (cam 1),anomaly_suppressed_cooldown,,,,
2026-07-07 15:33:18,Lab 301 (cam 1),anomaly_suppressed_cooldown,,,,
2026-07-07 15:33:18,Lab 301 (cam 1),anomaly_suppressed_cooldown,,,,
2026-07-07 15:33:18,Lab 301 (cam 1),anomaly_suppressed_cooldown,,,,
2026-07-07 15:33:18,Lab 301 (cam 1),anomaly_suppressed_cooldown,,,,
2026-07-07 15:33:18,Lab 301 (cam 1),anomaly_suppressed_cooldown,,,,
2026-07-07 15:33:18,Lab 301 (cam 1),anomaly_suppressed_cooldown,,,,
2026-07-07 15:33:18,Lab 301 (cam 1),anomaly_suppressed_cooldown,,,,
2026-07-07 15:33:18,Lab 301 (cam 1),anomaly_suppressed_cooldown,,,,
2026-07-07 15:33:18,Lab 301 (cam 1),anomaly_suppressed_cooldown,,,,
2026-07-07 15:33:18,Lab 301 (cam 1),anomaly_suppressed_cooldown,,,,
2026-07-07 15:33:18,Lab 301 (cam 1),anomaly_suppressed_cooldown,,,,
2026-07-07 15:33:18,Lab 301 (cam 1),anomaly_suppressed_cooldown,,,,
2026-07-07 15:33:18,Lab 301 (cam 1),anomaly_suppressed_cooldown,,,,
2026-07-07 15:33:18,Lab 301 (cam 1),anomaly_suppressed_cooldown,,,,
2026-07-07 15:33:18,Lab 301 (cam 1),anomaly_suppressed_cooldown,,,,
2026-07-07 15:33:19,Lab 301 (cam 1),anomaly_suppressed_cooldown,,,,
2026-07-07 15:33:19,Lab 301 (cam 1),anomaly_suppressed_cooldown,,,,
2026-07-07 15:33:19,Lab 301 (cam 1),anomaly_suppressed_cooldown,,,,
2026-07-07 15:33:19,Lab 301 (cam 1),anomaly_suppressed_cooldown,,,,
2026-07-07 15:33:19,Lab 301 (cam 1),anomaly_suppressed_cooldown,,,,
2026-07-07 15:33:19,Lab 301 (cam 1),anomaly_suppressed_cooldown,,,,
2026-07-07 15:33:19,Lab 301 (cam 1),anomaly_suppressed_cooldown,,,,
2026-07-07 15:33:19,Lab 301 (cam 1),anomaly_suppressed_cooldown,,,,
2026-07-07 15:33:19,Lab 301 (cam 1),anomaly_suppressed_cooldown,,,,
2026-07-07 15:33:19,Lab 301 (cam 1),anomaly_suppressed_cooldown,,,,
2026-07-07 15:33:19,Lab 301 (cam 1),anomaly_suppressed_cooldown,,,,
2026-07-07 15:33:19,Lab 301 (cam 1),anomaly_suppressed_cooldown,,,,
2026-07-07 15:33:19,Lab 301 (cam 1),anomaly_suppressed_cooldown,,,,
2026-07-07 15:33:19,Lab 301 (cam 1),anomaly_suppressed_cooldown,,,,
2026-07-07 15:33:19,Lab 301 (cam 1),anomaly_suppressed_cooldown,,,,
2026-07-07 15:33:19,Lab 301 (cam 1),anomaly_suppressed_cooldown,,,,
2026-07-07 15:33:19,Lab 301 (cam 1),anomaly_suppressed_cooldown,,,,
2026-07-07 15:33:19,Lab 301 (cam 1),anomaly_suppressed_cooldown,,,,
2026-07-07 15:33:19,Lab 301 (cam 1),anomaly_suppressed_cooldown,,,,
2026-07-07 15:33:19,Lab 301 (cam 1),anomaly_suppressed_cooldown,,,,
2026-07-07 15:33:19,Lab 301 (cam 1),anomaly_suppressed_cooldown,,,,
2026-07-07 15:33:19,Lab 301 (cam 1),anomaly_suppressed_cooldown,,,,
2026-07-07 15:33:19,Lab 301 (cam 1),anomaly_suppressed_cooldown,,,,
2026-07-07 15:33:19,Lab 301 (cam 1),anomaly_suppressed_cooldown,,,,
2026-07-07 15:33:19,Lab 301 (cam 1),anomaly_suppressed_cooldown,,,,
2026-07-07 15:33:19,Lab 301 (cam 1),anomaly_suppressed_cooldown,,,,
2026-07-07 15:33:19,Lab 301 (cam 1),anomaly_suppressed_cooldown,,,,
2026-07-07 15:33:20,Lab 301 (cam 1),anomaly_suppressed_cooldown,,,,
2026-07-07 15:33:20,Lab 301 (cam 1),anomaly_suppressed_cooldown,,,,
2026-07-07 15:33:20,Lab 301 (cam 1),anomaly_suppressed_cooldown,,,,
2026-07-07 15:33:20,Lab 301 (cam 2),anomaly_suppressed_cooldown,,,,
2026-07-07 15:33:20,Lab 301 (cam 1),anomaly_suppressed_cooldown,,,,
2026-07-07 15:33:20,Lab 301 (cam 2),anomaly_suppressed_cooldown,,,,
2026-07-07 15:33:20,Lab 301 (cam 1),anomaly_suppressed_cooldown,,,,
2026-07-07 15:33:20,Lab 301 (cam 2),anomaly_suppressed_cooldown,,,,
2026-07-07 15:33:20,Lab 301 (cam 1),anomaly_suppressed_cooldown,,,,
2026-07-07 15:33:20,Lab 301 (cam 2),anomaly_suppressed_cooldown,,,,
2026-07-07 15:33:20,Lab 301 (cam 1),anomaly_suppressed_cooldown,,,,
2026-07-07 15:33:20,Lab 301 (cam 2),anomaly_suppressed_cooldown,,,,
2026-07-07 15:33:20,Lab 301 (cam 1),anomaly_suppressed_cooldown,,,,
2026-07-07 15:33:20,Lab 301 (cam 2),anomaly_suppressed_cooldown,,,,
2026-07-07 15:33:20,Lab 301 (cam 1),anomaly_suppressed_cooldown,,,,
2026-07-07 15:33:20,Lab 301 (cam 2),anomaly_suppressed_cooldown,,,,
2026-07-07 15:33:20,Lab 301 (cam 1),anomaly_suppressed_cooldown,,,,
2026-07-07 15:33:20,Lab 301 (cam 2),anomaly_suppressed_cooldown,,,,
2026-07-07 15:33:20,Lab 301 (cam 1),anomaly_suppressed_cooldown,,,,
2026-07-07 15:33:20,Lab 301 (cam 2),anomaly_suppressed_cooldown,,,,
2026-07-07 15:33:20,Lab 301 (cam 2),anomaly_suppressed_cooldown,,,,
2026-07-07 15:33:20,Lab 301 (cam 1),anomaly_suppressed_cooldown,,,,
2026-07-07 15:33:20,Lab 301 (cam 1),anomaly_suppressed_cooldown,,,,
2026-07-07 15:33:20,Lab 301 (cam 2),anomaly_suppressed_cooldown,,,,
2026-07-07 15:33:20,Lab 301 (cam 2),anomaly_suppressed_cooldown,,,,
2026-07-07 15:33:20,Lab 301 (cam 2),anomaly_suppressed_cooldown,,,,
2026-07-07 15:33:20,Lab 301 (cam 2),anomaly_suppressed_cooldown,,,,
2026-07-07 15:33:20,Lab 301 (cam 2),anomaly_suppressed_cooldown,,,,
2026-07-07 15:33:20,Lab 301 (cam 2),anomaly_suppressed_cooldown,,,,
2026-07-07 15:33:20,Lab 301 (cam 2),anomaly_suppressed_cooldown,,,,
2026-07-07 15:33:20,Lab 301 (cam 2),anomaly_suppressed_cooldown,,,,
2026-07-07 15:33:20,Lab 301 (cam 2),anomaly_suppressed_cooldown,,,,
2026-07-07 15:33:20,Lab 301 (cam 2),anomaly_suppressed_cooldown,,,,
2026-07-07 15:33:20,Lab 301 (cam 1),anomaly_suppressed_cooldown,,,,
2026-07-07 15:33:20,Lab 301 (cam 2),anomaly_suppressed_cooldown,,,,
2026-07-07 15:33:20,Lab 301 (cam 1),anomaly_suppressed_cooldown,,,,
2026-07-07 15:33:20,Lab 301 (cam 2),anomaly_suppressed_cooldown,,,,
2026-07-07 15:33:20,Lab 301 (cam 2),anomaly_suppressed_cooldown,,,,
2026-07-07 15:33:20,Lab 301 (cam 2),anomaly_suppressed_cooldown,,,,
2026-07-07 15:33:20,Lab 301 (cam 2),anomaly_suppressed_cooldown,,,,
2026-07-07 15:33:20,Lab 301 (cam 2),anomaly_suppressed_cooldown,,,,
2026-07-07 15:33:20,Lab 301 (cam 2),anomaly_suppressed_cooldown,,,,
2026-07-07 15:33:20,Lab 301 (cam 2),anomaly_suppressed_cooldown,,,,
2026-07-07 15:33:21,Lab 301 (cam 2),anomaly_suppressed_cooldown,,,,
2026-07-07 15:33:21,Lab 301 (cam 2),anomaly_suppressed_cooldown,,,,
2026-07-07 15:33:21,Lab 301 (cam 2),anomaly_suppressed_cooldown,,,,
2026-07-07 15:33:21,Lab 301 (cam 2),anomaly_suppressed_cooldown,,,,
2026-07-07 15:33:21,Lab 301 (cam 2),anomaly_suppressed_cooldown,,,,
2026-07-07 15:33:21,Lab 301 (cam 2),anomaly_suppressed_cooldown,,,,
2026-07-07 15:33:21,Lab 301 (cam 2),anomaly_suppressed_cooldown,,,,
2026-07-07 15:33:21,Lab 301 (cam 2),anomaly_suppressed_cooldown,,,,
2026-07-07 15:33:21,Lab 301 (cam 2),anomaly_suppressed_cooldown,,,,
2026-07-07 15:33:21,Lab 301 (cam 2),anomaly_suppressed_cooldown,,,,
2026-07-07 15:33:21,Lab 301 (cam 2),anomaly_suppressed_cooldown,,,,
2026-07-07 15:33:21,Lab 301 (cam 2),anomaly_suppressed_cooldown,,,,
2026-07-07 15:33:21,Lab 301 (cam 2),anomaly_suppressed_cooldown,,,,
2026-07-07 15:33:21,Lab 301 (cam 1),anomaly_suppressed_cooldown,,,,
2026-07-07 15:33:21,Lab 301 (cam 2),anomaly_suppressed_cooldown,,,,
2026-07-07 15:33:21,Lab 301 (cam 2),anomaly_suppressed_cooldown,,,,
2026-07-07 15:33:21,Lab 301 (cam 2),anomaly_suppressed_cooldown,,,,
2026-07-07 15:33:21,Lab 301 (cam 2),anomaly_suppressed_cooldown,,,,
2026-07-07 15:33:21,Lab 301 (cam 2),anomaly_suppressed_cooldown,,,,
2026-07-07 15:33:21,Lab 301 (cam 2),anomaly_suppressed_cooldown,,,,
2026-07-07 15:33:21,Lab 301 (cam 2),anomaly_suppressed_cooldown,,,,
2026-07-07 15:33:21,Lab 301 (cam 2),anomaly_suppressed_cooldown,,,,
2026-07-07 15:33:21,Lab 301 (cam 2),anomaly_suppressed_cooldown,,,,
2026-07-07 15:33:21,Lab 301 (cam 2),anomaly_suppressed_cooldown,,,,
2026-07-07 15:33:21,Lab 301 (cam 2),anomaly_suppressed_cooldown,,,,
2026-07-07 15:33:21,Lab 301 (cam 2),anomaly_suppressed_cooldown,,,,
2026-07-07 15:33:21,Lab 301 (cam 2),anomaly_suppressed_cooldown,,,,
2026-07-07 15:33:21,Lab 301 (cam 2),anomaly_suppressed_cooldown,,,,
2026-07-07 15:33:22,Lab 301 (cam 1),anomaly_suppressed_cooldown,,,,
2026-07-07 15:33:22,Lab 301 (cam 1),anomaly_suppressed_cooldown,,,,
2026-07-07 15:33:22,Lab 301 (cam 1),anomaly_suppressed_cooldown,,,,
2026-07-07 15:33:22,Lab 301 (cam 1),anomaly_suppressed_cooldown,,,,
2026-07-07 15:33:22,Lab 301 (cam 1),anomaly_suppressed_cooldown,,,,
2026-07-07 15:33:22,Lab 301 (cam 1),anomaly_suppressed_cooldown,,,,
2026-07-07 15:33:22,Lab 301 (cam 1),anomaly_suppressed_cooldown,,,,
2026-07-07 15:33:22,Lab 301 (cam 1),anomaly_suppressed_cooldown,,,,
2026-07-07 15:33:22,Lab 301 (cam 1),anomaly_suppressed_cooldown,,,,
2026-07-07 15:33:22,Lab 301 (cam 1),anomaly_suppressed_cooldown,,,,
2026-07-07 15:33:22,Lab 301 (cam 1),anomaly_suppressed_cooldown,,,,
2026-07-07 15:33:22,Lab 301 (cam 1),anomaly_suppressed_cooldown,,,,
2026-07-07 15:33:22,Lab 301 (cam 1),anomaly_suppressed_cooldown,,,,
2026-07-07 15:33:23,Lab 301 (cam 1),anomaly_suppressed_cooldown,,,,
2026-07-07 15:33:23,Lab 301 (cam 1),anomaly_suppressed_cooldown,,,,
2026-07-07 15:33:23,Lab 301 (cam 1),anomaly_suppressed_cooldown,,,,
2026-07-07 15:33:23,Lab 301 (cam 1),anomaly_suppressed_cooldown,,,,
2026-07-07 15:33:23,Lab 301 (cam 1),anomaly_suppressed_cooldown,,,,
2026-07-07 15:33:23,Lab 301 (cam 1),anomaly_suppressed_cooldown,,,,
2026-07-07 15:33:23,Lab 301 (cam 1),anomaly_suppressed_cooldown,,,,
2026-07-07 15:33:23,Lab 301 (cam 1),anomaly_suppressed_cooldown,,,,
2026-07-07 15:33:23,Lab 301 (cam 1),anomaly_suppressed_cooldown,,,,
2026-07-07 15:33:23,Lab 301 (cam 1),anomaly_suppressed_cooldown,,,,
2026-07-07 15:33:23,Lab 301 (cam 1),anomaly_suppressed_cooldown,,,,
2026-07-07 15:33:23,Lab 301 (cam 1),anomaly_suppressed_cooldown,,,,
2026-07-07 15:33:23,Lab 301 (cam 1),anomaly_suppressed_cooldown,,,,
2026-07-07 15:33:23,Lab 301 (cam 1),anomaly_suppressed_cooldown,,,,
2026-07-07 15:33:23,Lab 301 (cam 1),anomaly_suppressed_cooldown,,,,
2026-07-07 15:33:23,Lab 301 (cam 1),anomaly_suppressed_cooldown,,,,
2026-07-07 15:33:23,Lab 301 (cam 1),anomaly_suppressed_cooldown,,,,
2026-07-07 15:33:23,Lab 301 (cam 1),anomaly_suppressed_cooldown,,,,
2026-07-07 15:33:23,Lab 301 (cam 1),anomaly_suppressed_cooldown,,,,
2026-07-07 15:33:23,Lab 301 (cam 1),anomaly_suppressed_cooldown,,,,
2026-07-07 15:33:23,Lab 301 (cam 1),anomaly_suppressed_cooldown,,,,
2026-07-07 15:33:23,Lab 301 (cam 1),anomaly_suppressed_cooldown,,,,
2026-07-07 15:33:23,Lab 301 (cam 1),anomaly_suppressed_cooldown,,,,
2026-07-07 15:33:23,Lab 301 (cam 1),anomaly_suppressed_cooldown,,,,
2026-07-07 15:33:23,Lab 301 (cam 1),anomaly_suppressed_cooldown,,,,
2026-07-07 15:33:23,Lab 301 (cam 1),anomaly_suppressed_cooldown,,,,
2026-07-07 15:33:23,Lab 301 (cam 1),anomaly_suppressed_cooldown,,,,
2026-07-07 15:33:24,Lab 301 (cam 1),anomaly_suppressed_cooldown,,,,
2026-07-07 15:33:24,Lab 301 (cam 1),anomaly_suppressed_cooldown,,,,
2026-07-07 15:33:24,Lab 301 (cam 1),anomaly_suppressed_cooldown,,,,
2026-07-07 15:33:24,Lab 301 (cam 1),anomaly_suppressed_cooldown,,,,
2026-07-07 15:33:24,Lab 301 (cam 1),anomaly_suppressed_cooldown,,,,
2026-07-07 15:33:24,Lab 301 (cam 1),anomaly_suppressed_cooldown,,,,
2026-07-07 15:33:24,Lab 301 (cam 1),anomaly_suppressed_cooldown,,,,
2026-07-07 15:33:24,Lab 301 (cam 1),anomaly_suppressed_cooldown,,,,
2026-07-07 15:33:24,Lab 301 (cam 1),anomaly_suppressed_cooldown,,,,
2026-07-07 15:33:24,Lab 301 (cam 1),anomaly_suppressed_cooldown,,,,
2026-07-07 15:33:24,Lab 301 (cam 1),anomaly_suppressed_cooldown,,,,
2026-07-07 15:33:24,Lab 301 (cam 1),anomaly_suppressed_cooldown,,,,
2026-07-07 15:33:24,Lab 301 (cam 1),anomaly_suppressed_cooldown,,,,
2026-07-07 15:33:24,Lab 301 (cam 2),anomaly_suppressed_cooldown,,,,
2026-07-07 15:33:24,Lab 301 (cam 1),anomaly_suppressed_cooldown,,,,
2026-07-07 15:33:24,Lab 301 (cam 1),anomaly_suppressed_cooldown,,,,
2026-07-07 15:33:24,Lab 301 (cam 1),anomaly_suppressed_cooldown,,,,
2026-07-07 15:33:24,Lab 301 (cam 1),anomaly_suppressed_cooldown,,,,
2026-07-07 15:33:24,Lab 301 (cam 1),anomaly_suppressed_cooldown,,,,
2026-07-07 15:33:24,Lab 301 (cam 1),anomaly_suppressed_cooldown,,,,
2026-07-07 15:33:24,Lab 301 (cam 1),anomaly_suppressed_cooldown,,,,
2026-07-07 15:33:24,Lab 301 (cam 1),anomaly_suppressed_cooldown,,,,
2026-07-07 15:33:24,Lab 301 (cam 1),anomaly_suppressed_cooldown,,,,
2026-07-07 15:33:24,Lab 301 (cam 1),anomaly_suppressed_cooldown,,,,
2026-07-07 15:33:24,Lab 301 (cam 2),anomaly_suppressed_cooldown,,,,
2026-07-07 15:33:24,Lab 301 (cam 1),anomaly_suppressed_cooldown,,,,
2026-07-07 15:33:24,Lab 301 (cam 1),anomaly_suppressed_cooldown,,,,
2026-07-07 15:33:24,Lab 301 (cam 1),anomaly_suppressed_cooldown,,,,
2026-07-07 15:33:24,Lab 301 (cam 1),anomaly_suppressed_cooldown,,,,
2026-07-07 15:33:25,Lab 301 (cam 1),anomaly_suppressed_cooldown,,,,
2026-07-07 15:33:25,Lab 301 (cam 1),anomaly_suppressed_cooldown,,,,
2026-07-07 15:33:25,Lab 301 (cam 1),anomaly_suppressed_cooldown,,,,
2026-07-07 15:33:25,Lab 301 (cam 1),anomaly_suppressed_cooldown,,,,
2026-07-07 15:33:25,Lab 301 (cam 1),anomaly_suppressed_cooldown,,,,
2026-07-07 15:33:25,Lab 301 (cam 2),anomaly_suppressed_cooldown,,,,
2026-07-07 15:33:25,Lab 301 (cam 1),anomaly_suppressed_cooldown,,,,
2026-07-07 15:33:25,Lab 301 (cam 1),anomaly_suppressed_cooldown,,,,
2026-07-07 15:33:25,Lab 301 (cam 2),anomaly_suppressed_cooldown,,,,
2026-07-07 15:33:25,Lab 301 (cam 2),anomaly_suppressed_cooldown,,,,
2026-07-07 15:33:25,Lab 301 (cam 1),anomaly_suppressed_cooldown,,,,
2026-07-07 15:33:25,Lab 301 (cam 2),anomaly_suppressed_cooldown,,,,
2026-07-07 15:33:25,Lab 301 (cam 1),anomaly_suppressed_cooldown,,,,
2026-07-07 15:33:25,Lab 301 (cam 2),anomaly_suppressed_cooldown,,,,
2026-07-07 15:33:25,Lab 301 (cam 2),anomaly_suppressed_cooldown,,,,
2026-07-07 15:33:25,Lab 301 (cam 1),anomaly_suppressed_cooldown,,,,
2026-07-07 15:33:25,Lab 301 (cam 2),anomaly_suppressed_cooldown,,,,
2026-07-07 15:33:25,Lab 301 (cam 1),anomaly_suppressed_cooldown,,,,
2026-07-07 15:33:25,Lab 301 (cam 2),anomaly_suppressed_cooldown,,,,
2026-07-07 15:33:25,Lab 301 (cam 1),anomaly_suppressed_cooldown,,,,
2026-07-07 15:33:25,Lab 301 (cam 2),anomaly_suppressed_cooldown,,,,
2026-07-07 15:33:25,Lab 301 (cam 1),anomaly_suppressed_cooldown,,,,
2026-07-07 15:33:25,Lab 301 (cam 2),anomaly_suppressed_cooldown,,,,
2026-07-07 15:33:25,Lab 301 (cam 1),anomaly_suppressed_cooldown,,,,
2026-07-07 15:33:25,Lab 301 (cam 2),anomaly_suppressed_cooldown,,,,
2026-07-07 15:33:25,Lab 301 (cam 1),anomaly_suppressed_cooldown,,,,
2026-07-07 15:33:25,Lab 301 (cam 2),anomaly_suppressed_cooldown,,,,
2026-07-07 15:33:25,Lab 301 (cam 1),anomaly_suppressed_cooldown,,,,
2026-07-07 15:33:25,Lab 301 (cam 2),anomaly_suppressed_cooldown,,,,
2026-07-07 15:33:25,Lab 301 (cam 1),anomaly_suppressed_cooldown,,,,
2026-07-07 15:33:25,Lab 301 (cam 1),anomaly_suppressed_cooldown,,,,
2026-07-07 15:33:25,Lab 301 (cam 1),anomaly_suppressed_cooldown,,,,
2026-07-07 15:33:25,Lab 301 (cam 2),anomaly_suppressed_cooldown,,,,
2026-07-07 15:33:25,Lab 301 (cam 1),anomaly_suppressed_cooldown,,,,
2026-07-07 15:33:25,Lab 301 (cam 1),anomaly_suppressed_cooldown,,,,
2026-07-07 15:33:25,Lab 301 (cam 2),anomaly_suppressed_cooldown,,,,
2026-07-07 15:33:25,Lab 301 (cam 2),anomaly_suppressed_cooldown,,,,
2026-07-07 15:33:25,Lab 301 (cam 1),anomaly_suppressed_cooldown,,,,
2026-07-07 15:33:25,Lab 301 (cam 2),anomaly_suppressed_cooldown,,,,
2026-07-07 15:33:25,Lab 301 (cam 2),anomaly_suppressed_cooldown,,,,
2026-07-07 15:33:25,Lab 301 (cam 1),anomaly_suppressed_cooldown,,,,
2026-07-07 15:33:25,Lab 301 (cam 2),anomaly_suppressed_cooldown,,,,
2026-07-07 15:33:25,Lab 301 (cam 1),anomaly_suppressed_cooldown,,,,
2026-07-07 15:33:25,Lab 301 (cam 2),anomaly_suppressed_cooldown,,,,
2026-07-07 15:33:25,Lab 301 (cam 1),anomaly_suppressed_cooldown,,,,
2026-07-07 15:33:26,Lab 301 (cam 1),anomaly_suppressed_cooldown,,,,
2026-07-07 15:33:26,Lab 301 (cam 2),anomaly_suppressed_cooldown,,,,
2026-07-07 15:33:26,Lab 301 (cam 1),anomaly_suppressed_cooldown,,,,
2026-07-07 15:33:26,Lab 301 (cam 2),anomaly_suppressed_cooldown,,,,
2026-07-07 15:33:26,Lab 301 (cam 2),anomaly_suppressed_cooldown,,,,
2026-07-07 15:33:26,Lab 301 (cam 1),anomaly_suppressed_cooldown,,,,
2026-07-07 15:33:26,Lab 301 (cam 2),anomaly_suppressed_cooldown,,,,
2026-07-07 15:33:26,Lab 301 (cam 1),anomaly_suppressed_cooldown,,,,
2026-07-07 15:33:26,Lab 301 (cam 1),anomaly_suppressed_cooldown,,,,
2026-07-07 15:33:26,Lab 301 (cam 2),anomaly_suppressed_cooldown,,,,
2026-07-07 15:33:26,Lab 301 (cam 1),anomaly_suppressed_cooldown,,,,
2026-07-07 15:33:26,Lab 301 (cam 2),anomaly_suppressed_cooldown,,,,
2026-07-07 15:33:26,Lab 301 (cam 1),anomaly_suppressed_cooldown,,,,
2026-07-07 15:33:26,Lab 301 (cam 2),anomaly_suppressed_cooldown,,,,
2026-07-07 15:33:26,Lab 301 (cam 1),anomaly_suppressed_cooldown,,,,
2026-07-07 15:33:26,Lab 301 (cam 2),anomaly_suppressed_cooldown,,,,
2026-07-07 15:33:26,Lab 301 (cam 1),anomaly_suppressed_cooldown,,,,
2026-07-07 15:33:26,Lab 301 (cam 2),anomaly_suppressed_cooldown,,,,
2026-07-07 15:33:26,Lab 301 (cam 2),anomaly_suppressed_cooldown,,,,
2026-07-07 15:33:26,Lab 301 (cam 1),anomaly_suppressed_cooldown,,,,
2026-07-07 15:33:26,Lab 301 (cam 2),anomaly_suppressed_cooldown,,,,
2026-07-07 15:33:26,Lab 301 (cam 1),anomaly_suppressed_cooldown,,,,
2026-07-07 15:33:26,Lab 301 (cam 1),anomaly_suppressed_cooldown,,,,
2026-07-07 15:33:26,Lab 301 (cam 2),anomaly_suppressed_cooldown,,,,
2026-07-07 15:33:26,Lab 301 (cam 1),anomaly_suppressed_cooldown,,,,
2026-07-07 15:33:26,Lab 301 (cam 2),anomaly_suppressed_cooldown,,,,
2026-07-07 15:33:26,Lab 301 (cam 1),anomaly_suppressed_cooldown,,,,
2026-07-07 15:33:26,Lab 301 (cam 1),anomaly_suppressed_cooldown,,,,
2026-07-07 15:33:26,Lab 301 (cam 1),anomaly_suppressed_cooldown,,,,
2026-07-07 15:33:26,Lab 301 (cam 1),anomaly_suppressed_cooldown,,,,
2026-07-07 15:33:26,Lab 301 (cam 1),anomaly_suppressed_cooldown,,,,
2026-07-07 15:33:26,Lab 301 (cam 1),anomaly_suppressed_cooldown,,,,
2026-07-07 15:33:26,Lab 301 (cam 1),anomaly_suppressed_cooldown,,,,
2026-07-07 15:33:26,Lab 301 (cam 1),anomaly_suppressed_cooldown,,,,
2026-07-07 15:33:26,Lab 301 (cam 1),anomaly_suppressed_cooldown,,,,
2026-07-07 15:33:27,Lab 301 (cam 1),anomaly_suppressed_cooldown,,,,
2026-07-07 15:33:27,Lab 301 (cam 2),anomaly_suppressed_cooldown,,,,
2026-07-07 15:33:27,Lab 301 (cam 1),anomaly_suppressed_cooldown,,,,
2026-07-07 15:33:27,Lab 301 (cam 2),anomaly_suppressed_cooldown,,,,
2026-07-07 15:33:27,Lab 301 (cam 1),anomaly_suppressed_cooldown,,,,
2026-07-07 15:33:27,Lab 301 (cam 2),anomaly_suppressed_cooldown,,,,
2026-07-07 15:33:27,Lab 301 (cam 1),anomaly_suppressed_cooldown,,,,
2026-07-07 15:33:27,Lab 301 (cam 1),anomaly_suppressed_cooldown,,,,
2026-07-07 15:33:27,Lab 301 (cam 2),anomaly_suppressed_cooldown,,,,
2026-07-07 15:33:27,Lab 301 (cam 1),anomaly_suppressed_cooldown,,,,
2026-07-07 15:33:27,Lab 301 (cam 2),anomaly_suppressed_cooldown,,,,
2026-07-07 15:33:27,Lab 301 (cam 1),anomaly_suppressed_cooldown,,,,
2026-07-07 15:33:27,Lab 301 (cam 2),anomaly_suppressed_cooldown,,,,
2026-07-07 15:33:27,Lab 301 (cam 2),anomaly_suppressed_cooldown,,,,
2026-07-07 15:33:27,Lab 301 (cam 2),anomaly_suppressed_cooldown,,,,
2026-07-07 15:33:27,Lab 301 (cam 1),anomaly_suppressed_cooldown,,,,
2026-07-07 15:33:27,Lab 301 (cam 1),anomaly_suppressed_cooldown,,,,
2026-07-07 15:33:27,Lab 301 (cam 1),anomaly_suppressed_cooldown,,,,
2026-07-07 15:33:27,Lab 301 (cam 1),anomaly_suppressed_cooldown,,,,
2026-07-07 15:33:27,Lab 301 (cam 1),anomaly_suppressed_cooldown,,,,
2026-07-07 15:33:27,Lab 301 (cam 1),anomaly_suppressed_cooldown,,,,
2026-07-07 15:33:27,Lab 301 (cam 1),anomaly_suppressed_cooldown,,,,
2026-07-07 15:33:27,Lab 301 (cam 1),anomaly_suppressed_cooldown,,,,
2026-07-07 15:33:27,Lab 301 (cam 1),anomaly_suppressed_cooldown,,,,
2026-07-07 15:33:27,Lab 301 (cam 1),anomaly_suppressed_cooldown,,,,
2026-07-07 15:33:27,Lab 301 (cam 1),anomaly_suppressed_cooldown,,,,
2026-07-07 15:33:27,Lab 301 (cam 1),anomaly_suppressed_cooldown,,,,
2026-07-07 15:33:27,Lab 301 (cam 1),anomaly_suppressed_cooldown,,,,
2026-07-07 15:33:27,Lab 301 (cam 1),anomaly_suppressed_cooldown,,,,
2026-07-07 15:33:27,Lab 301 (cam 1),anomaly_suppressed_cooldown,,,,
2026-07-07 15:33:27,Lab 301 (cam 1),anomaly_suppressed_cooldown,,,,
2026-07-07 15:33:28,Lab 301 (cam 1),anomaly_suppressed_cooldown,,,,
2026-07-07 15:33:28,Lab 301 (cam 1),anomaly_suppressed_cooldown,,,,
2026-07-07 15:33:28,Lab 301 (cam 1),anomaly_suppressed_cooldown,,,,
2026-07-07 15:33:28,Lab 301 (cam 1),anomaly_suppressed_cooldown,,,,
2026-07-07 15:33:28,Lab 301 (cam 1),anomaly_suppressed_cooldown,,,,
2026-07-07 15:33:28,Lab 301 (cam 1),anomaly_suppressed_cooldown,,,,
2026-07-07 15:33:28,Lab 301 (cam 1),anomaly_suppressed_cooldown,,,,
2026-07-07 15:33:28,Lab 301 (cam 1),anomaly_suppressed_cooldown,,,,
2026-07-07 15:33:28,Lab 301 (cam 1),anomaly_suppressed_cooldown,,,,
2026-07-07 15:33:28,Lab 301 (cam 1),anomaly_suppressed_cooldown,,,,
2026-07-07 15:33:28,Lab 301 (cam 1),anomaly_suppressed_cooldown,,,,
2026-07-07 15:33:28,Lab 301 (cam 1),anomaly_suppressed_cooldown,,,,
2026-07-07 15:33:28,Lab 301 (cam 1),anomaly_suppressed_cooldown,,,,
2026-07-07 15:33:28,Lab 301 (cam 1),anomaly_suppressed_cooldown,,,,
2026-07-07 15:33:28,Lab 301 (cam 1),anomaly_suppressed_cooldown,,,,
2026-07-07 15:33:28,Lab 301 (cam 1),anomaly_suppressed_cooldown,,,,
2026-07-07 15:33:28,Lab 301 (cam 1),anomaly_suppressed_cooldown,,,,
2026-07-07 15:33:28,Lab 301 (cam 1),anomaly_suppressed_cooldown,,,,
2026-07-07 15:33:28,Lab 301 (cam 1),anomaly_suppressed_cooldown,,,,
2026-07-07 15:33:28,Lab 301 (cam 1),anomaly_suppressed_cooldown,,,,
2026-07-07 15:33:28,Lab 301 (cam 1),anomaly_suppressed_cooldown,,,,
2026-07-07 15:33:29,Lab 301 (cam 1),anomaly_suppressed_cooldown,,,,
2026-07-07 15:33:29,Lab 301 (cam 1),anomaly_suppressed_cooldown,,,,
2026-07-07 15:33:29,Lab 301 (cam 1),anomaly_suppressed_cooldown,,,,
2026-07-07 15:33:30,Lab 301 (cam 1),anomaly_suppressed_cooldown,,,,
2026-07-07 15:33:30,Lab 301 (cam 1),anomaly_suppressed_cooldown,,,,
2026-07-07 15:33:30,Lab 301 (cam 1),anomaly_suppressed_cooldown,,,,
2026-07-07 15:33:31,Lab 301 (cam 1),anomaly_suppressed_cooldown,,,,
2026-07-07 15:33:31,Lab 301 (cam 1),anomaly_suppressed_cooldown,,,,
2026-07-07 15:33:33,Lab 301 (cam 2),anomaly_suppressed_cooldown,,,,
2026-07-07 15:33:33,Lab 301 (cam 2),anomaly_suppressed_cooldown,,,,
2026-07-07 15:33:33,Lab 301 (cam 2),anomaly_suppressed_cooldown,,,,
2026-07-07 15:33:33,Lab 301 (cam 2),anomaly_suppressed_cooldown,,,,
2026-07-07 15:33:34,Lab 301 (cam 2),anomaly_suppressed_cooldown,,,,
2026-07-07 15:33:34,Lab 301 (cam 2),anomaly_suppressed_cooldown,,,,
2026-07-07 15:33:34,Lab 301 (cam 1),anomaly_suppressed_cooldown,,,,
2026-07-07 15:33:34,Lab 301 (cam 1),anomaly_suppressed_cooldown,,,,
2026-07-07 15:33:34,Lab 301 (cam 2),anomaly_suppressed_cooldown,,,,
2026-07-07 15:33:34,Lab 301 (cam 2),anomaly_suppressed_cooldown,,,,
2026-07-07 15:33:34,Lab 301 (cam 2),anomaly_suppressed_cooldown,,,,
2026-07-07 15:33:34,Lab 301 (cam 2),anomaly_suppressed_cooldown,,,,
2026-07-07 15:33:34,Lab 301 (cam 2),anomaly_suppressed_cooldown,,,,
2026-07-07 15:33:34,Lab 301 (cam 1),anomaly_suppressed_cooldown,,,,
2026-07-07 15:33:34,Lab 301 (cam 2),anomaly_suppressed_cooldown,,,,
2026-07-07 15:33:34,Lab 301 (cam 1),anomaly_suppressed_cooldown,,,,
2026-07-07 15:33:34,Lab 301 (cam 1),anomaly_suppressed_cooldown,,,,
2026-07-07 15:33:34,Lab 301 (cam 2),anomaly_suppressed_cooldown,,,,
2026-07-07 15:33:34,Lab 301 (cam 1),anomaly_suppressed_cooldown,,,,
2026-07-07 15:33:34,Lab 301 (cam 2),anomaly_suppressed_cooldown,,,,
2026-07-07 15:33:34,Lab 301 (cam 1),anomaly_suppressed_cooldown,,,,
2026-07-07 15:33:34,Lab 301 (cam 2),anomaly_suppressed_cooldown,,,,
2026-07-07 15:33:34,Lab 301 (cam 1),anomaly_suppressed_cooldown,,,,
2026-07-07 15:33:34,Lab 301 (cam 2),anomaly_suppressed_cooldown,,,,
2026-07-07 15:33:34,Lab 301 (cam 1),anomaly_suppressed_cooldown,,,,
2026-07-07 15:33:34,Lab 301 (cam 2),anomaly_suppressed_cooldown,,,,
2026-07-07 15:33:34,Lab 301 (cam 2),anomaly_suppressed_cooldown,,,,
2026-07-07 15:33:34,Lab 301 (cam 1),anomaly_suppressed_cooldown,,,,
2026-07-07 15:33:34,Lab 301 (cam 1),anomaly_suppressed_cooldown,,,,
2026-07-07 15:33:34,Lab 301 (cam 2),anomaly_suppressed_cooldown,,,,
2026-07-07 15:33:34,Lab 301 (cam 2),anomaly_suppressed_cooldown,,,,
2026-07-07 15:33:34,Lab 301 (cam 1),anomaly_suppressed_cooldown,,,,
2026-07-07 15:33:34,Lab 301 (cam 2),anomaly_suppressed_cooldown,,,,
2026-07-07 15:33:35,Lab 301 (cam 2),anomaly_suppressed_cooldown,,,,
2026-07-07 15:33:35,Lab 301 (cam 1),anomaly_suppressed_cooldown,,,,
2026-07-07 15:33:35,Lab 301 (cam 2),anomaly_suppressed_cooldown,,,,
2026-07-07 15:33:35,Lab 301 (cam 1),anomaly_suppressed_cooldown,,,,
2026-07-07 15:33:35,Lab 301 (cam 2),anomaly_suppressed_cooldown,,,,
2026-07-07 15:33:35,Lab 301 (cam 1),anomaly_suppressed_cooldown,,,,
2026-07-07 15:33:35,Lab 301 (cam 2),anomaly_suppressed_cooldown,,,,
2026-07-07 15:33:35,Lab 301 (cam 1),anomaly_suppressed_cooldown,,,,
2026-07-07 15:33:35,Lab 301 (cam 2),anomaly_suppressed_cooldown,,,,
2026-07-07 15:33:35,Lab 301 (cam 1),anomaly_suppressed_cooldown,,,,
2026-07-07 15:33:35,Lab 301 (cam 2),anomaly_suppressed_cooldown,,,,
2026-07-07 15:33:35,Lab 301 (cam 1),anomaly_suppressed_cooldown,,,,
2026-07-07 15:33:35,Lab 301 (cam 2),anomaly_suppressed_cooldown,,,,
2026-07-07 15:33:35,Lab 301 (cam 1),anomaly_suppressed_cooldown,,,,
2026-07-07 15:33:35,Lab 301 (cam 2),anomaly_suppressed_cooldown,,,,
2026-07-07 15:33:35,Lab 301 (cam 1),anomaly_suppressed_cooldown,,,,
2026-07-07 15:33:35,Lab 301 (cam 2),anomaly_suppressed_cooldown,,,,
2026-07-07 15:33:35,Lab 301 (cam 2),anomaly_suppressed_cooldown,,,,
2026-07-07 15:33:35,Lab 301 (cam 2),anomaly_suppressed_cooldown,,,,
2026-07-07 15:33:35,Lab 301 (cam 2),anomaly_suppressed_cooldown,,,,
2026-07-07 15:33:35,Lab 301 (cam 1),anomaly_suppressed_cooldown,,,,
2026-07-07 15:33:35,Lab 301 (cam 2),anomaly_suppressed_cooldown,,,,
2026-07-07 15:33:35,Lab 301 (cam 1),anomaly_suppressed_cooldown,,,,
2026-07-07 15:33:35,Lab 301 (cam 1),anomaly_suppressed_cooldown,,,,
2026-07-07 15:33:35,Lab 301 (cam 2),anomaly_suppressed_cooldown,,,,
2026-07-07 15:33:35,Lab 301 (cam 1),anomaly_suppressed_cooldown,,,,
2026-07-07 15:33:35,Lab 301 (cam 1),anomaly_suppressed_cooldown,,,,
2026-07-07 15:33:35,Lab 301 (cam 2),anomaly_suppressed_cooldown,,,,
2026-07-07 15:33:35,Lab 301 (cam 1),anomaly_suppressed_cooldown,,,,
2026-07-07 15:33:35,Lab 301 (cam 2),anomaly_suppressed_cooldown,,,,
2026-07-07 15:33:35,Lab 301 (cam 1),anomaly_suppressed_cooldown,,,,
2026-07-07 15:33:35,Lab 301 (cam 2),anomaly_suppressed_cooldown,,,,
2026-07-07 15:33:35,Lab 301 (cam 1),anomaly_suppressed_cooldown,,,,
2026-07-07 15:33:35,Lab 301 (cam 2),anomaly_suppressed_cooldown,,,,
2026-07-07 15:33:35,Lab 301 (cam 1),anomaly_suppressed_cooldown,,,,
2026-07-07 15:33:35,Lab 301 (cam 2),anomaly_suppressed_cooldown,,,,
2026-07-07 15:33:35,Lab 301 (cam 1),anomaly_suppressed_cooldown,,,,
2026-07-07 15:33:35,Lab 301 (cam 2),anomaly_suppressed_cooldown,,,,
2026-07-07 15:33:35,Lab 301 (cam 1),anomaly_suppressed_cooldown,,,,
2026-07-07 15:33:35,Lab 301 (cam 2),anomaly_suppressed_cooldown,,,,
2026-07-07 15:33:35,Lab 301 (cam 1),anomaly_suppressed_cooldown,,,,
2026-07-07 15:33:35,Lab 301 (cam 2),anomaly_suppressed_cooldown,,,,
2026-07-07 15:33:35,Lab 301 (cam 1),anomaly_suppressed_cooldown,,,,
2026-07-07 15:33:35,Lab 301 (cam 2),anomaly_suppressed_cooldown,,,,
2026-07-07 15:33:35,Lab 301 (cam 2),anomaly_suppressed_cooldown,,,,
2026-07-07 15:33:35,Lab 301 (cam 1),anomaly_suppressed_cooldown,,,,
2026-07-07 15:33:35,Lab 301 (cam 2),anomaly_suppressed_cooldown,,,,
2026-07-07 15:33:35,Lab 301 (cam 1),anomaly_suppressed_cooldown,,,,
2026-07-07 15:33:35,Lab 301 (cam 1),anomaly_suppressed_cooldown,,,,
2026-07-07 15:33:35,Lab 301 (cam 2),anomaly_suppressed_cooldown,,,,
2026-07-07 15:33:35,Lab 301 (cam 2),anomaly_suppressed_cooldown,,,,
2026-07-07 15:33:35,Lab 301 (cam 1),anomaly_suppressed_cooldown,,,,
2026-07-07 15:33:35,Lab 301 (cam 1),anomaly_suppressed_cooldown,,,,
2026-07-07 15:33:35,Lab 301 (cam 2),anomaly_suppressed_cooldown,,,,
2026-07-07 15:33:35,Lab 301 (cam 1),anomaly_suppressed_cooldown,,,,
2026-07-07 15:33:35,Lab 301 (cam 2),anomaly_suppressed_cooldown,,,,
2026-07-07 15:33:36,Lab 301 (cam 1),anomaly_suppressed_cooldown,,,,
2026-07-07 15:33:36,Lab 301 (cam 1),anomaly_suppressed_cooldown,,,,
2026-07-07 15:33:36,Lab 301 (cam 1),anomaly_suppressed_cooldown,,,,
2026-07-07 15:33:36,Lab 301 (cam 1),anomaly_suppressed_cooldown,,,,
2026-07-07 15:33:36,Lab 301 (cam 1),anomaly_suppressed_cooldown,,,,
2026-07-07 15:33:36,Lab 301 (cam 1),anomaly_suppressed_cooldown,,,,
2026-07-07 15:33:36,Lab 301 (cam 1),anomaly_suppressed_cooldown,,,,
2026-07-07 15:33:36,Lab 301 (cam 1),anomaly_suppressed_cooldown,,,,
2026-07-07 15:33:36,Lab 301 (cam 1),anomaly_suppressed_cooldown,,,,
2026-07-07 15:33:36,Lab 301 (cam 1),anomaly_suppressed_cooldown,,,,
2026-07-07 15:33:36,Lab 301 (cam 1),anomaly_suppressed_cooldown,,,,
2026-07-07 15:33:36,Lab 301 (cam 1),anomaly_suppressed_cooldown,,,,
2026-07-07 15:33:36,Lab 301 (cam 1),anomaly_suppressed_cooldown,,,,
2026-07-07 15:33:36,Lab 301 (cam 1),anomaly_suppressed_cooldown,,,,
2026-07-07 15:33:36,Lab 301 (cam 1),anomaly_suppressed_cooldown,,,,
2026-07-07 15:33:36,Lab 301 (cam 1),anomaly_suppressed_cooldown,,,,
2026-07-07 15:33:36,Lab 301 (cam 1),anomaly_suppressed_cooldown,,,,
2026-07-07 15:33:36,Lab 301 (cam 1),anomaly_suppressed_cooldown,,,,
2026-07-07 15:33:36,Lab 301 (cam 1),anomaly_suppressed_cooldown,,,,
2026-07-07 15:33:36,Lab 301 (cam 1),anomaly_suppressed_cooldown,,,,
2026-07-07 15:33:36,Lab 301 (cam 1),anomaly_suppressed_cooldown,,,,
2026-07-07 15:33:36,Lab 301 (cam 1),anomaly_suppressed_cooldown,,,,
2026-07-07 15:33:36,Lab 301 (cam 1),anomaly_suppressed_cooldown,,,,
2026-07-07 15:33:36,Lab 301 (cam 2),anomaly_suppressed_cooldown,,,,
2026-07-07 15:33:36,Lab 301 (cam 1),anomaly_suppressed_cooldown,,,,
2026-07-07 15:33:36,Lab 301 (cam 1),anomaly_suppressed_cooldown,,,,
2026-07-07 15:33:36,Lab 301 (cam 2),anomaly_suppressed_cooldown,,,,
2026-07-07 15:33:36,Lab 301 (cam 1),anomaly_suppressed_cooldown,,,,
2026-07-07 15:33:36,Lab 301 (cam 2),anomaly_suppressed_cooldown,,,,
2026-07-07 15:33:36,Lab 301 (cam 2),anomaly_suppressed_cooldown,,,,
2026-07-07 15:33:36,Lab 301 (cam 1),anomaly_suppressed_cooldown,,,,
2026-07-07 15:33:36,Lab 301 (cam 2),anomaly_suppressed_cooldown,,,,
2026-07-07 15:33:36,Lab 301 (cam 1),anomaly_suppressed_cooldown,,,,
2026-07-07 15:33:37,Lab 301 (cam 2),anomaly_suppressed_cooldown,,,,
2026-07-07 15:33:37,Lab 301 (cam 1),anomaly_suppressed_cooldown,,,,
2026-07-07 15:33:37,Lab 301 (cam 2),anomaly_suppressed_cooldown,,,,
2026-07-07 15:33:37,Lab 301 (cam 1),anomaly_suppressed_cooldown,,,,
2026-07-07 15:33:37,Lab 301 (cam 2),anomaly_suppressed_cooldown,,,,
2026-07-07 15:33:37,Lab 301 (cam 1),anomaly_suppressed_cooldown,,,,
2026-07-07 15:33:37,Lab 301 (cam 2),anomaly_suppressed_cooldown,,,,
2026-07-07 15:33:37,Lab 301 (cam 2),anomaly_suppressed_cooldown,,,,
2026-07-07 15:33:37,Lab 301 (cam 1),anomaly_suppressed_cooldown,,,,
2026-07-07 15:33:37,Lab 301 (cam 1),anomaly_suppressed_cooldown,,,,
2026-07-07 15:33:37,Lab 301 (cam 2),anomaly_suppressed_cooldown,,,,
2026-07-07 15:33:37,Lab 301 (cam 1),anomaly_suppressed_cooldown,,,,
2026-07-07 15:33:37,Lab 301 (cam 2),anomaly_suppressed_cooldown,,,,
2026-07-07 15:33:37,Lab 301 (cam 1),anomaly_suppressed_cooldown,,,,
2026-07-07 15:33:37,Lab 301 (cam 2),anomaly_suppressed_cooldown,,,,
2026-07-07 15:33:37,Lab 301 (cam 1),anomaly_suppressed_cooldown,,,,
2026-07-07 15:33:37,Lab 301 (cam 2),anomaly_suppressed_cooldown,,,,
2026-07-07 15:33:37,Lab 301 (cam 2),anomaly_suppressed_cooldown,,,,
2026-07-07 15:33:37,Lab 301 (cam 1),anomaly_suppressed_cooldown,,,,
2026-07-07 15:33:37,Lab 301 (cam 1),anomaly_suppressed_cooldown,,,,
2026-07-07 15:33:37,Lab 301 (cam 2),anomaly_suppressed_cooldown,,,,
2026-07-07 15:33:37,Lab 301 (cam 1),anomaly_suppressed_cooldown,,,,
2026-07-07 15:33:37,Lab 301 (cam 1),anomaly_suppressed_cooldown,,,,
2026-07-07 15:33:37,Lab 301 (cam 1),anomaly_suppressed_cooldown,,,,
2026-07-07 15:33:37,Lab 301 (cam 1),anomaly_suppressed_cooldown,,,,
2026-07-07 15:33:37,Lab 301 (cam 1),anomaly_suppressed_cooldown,,,,
2026-07-07 15:33:37,Lab 301 (cam 1),anomaly_suppressed_cooldown,,,,
2026-07-07 15:33:37,Lab 301 (cam 1),anomaly_suppressed_cooldown,,,,
2026-07-07 15:33:37,Lab 301 (cam 1),anomaly_suppressed_cooldown,,,,
2026-07-07 15:33:37,Lab 301 (cam 2),anomaly_suppressed_cooldown,,,,
2026-07-07 15:33:37,Lab 301 (cam 1),anomaly_suppressed_cooldown,,,,
2026-07-07 15:33:37,Lab 301 (cam 2),anomaly_suppressed_cooldown,,,,
2026-07-07 15:33:37,Lab 301 (cam 1),anomaly_suppressed_cooldown,,,,
2026-07-07 15:33:37,Lab 301 (cam 2),anomaly_suppressed_cooldown,,,,
2026-07-07 15:33:37,Lab 301 (cam 1),anomaly_suppressed_cooldown,,,,
2026-07-07 15:33:37,Lab 301 (cam 2),anomaly_suppressed_cooldown,,,,
2026-07-07 15:33:37,Lab 301 (cam 1),anomaly_suppressed_cooldown,,,,
2026-07-07 15:33:37,Lab 301 (cam 2),anomaly_suppressed_cooldown,,,,
2026-07-07 15:33:37,Lab 301 (cam 1),anomaly_suppressed_cooldown,,,,
2026-07-07 15:33:37,Lab 301 (cam 2),anomaly_suppressed_cooldown,,,,
2026-07-07 15:33:37,Lab 301 (cam 2),anomaly_suppressed_cooldown,,,,
2026-07-07 15:33:37,Lab 301 (cam 1),anomaly_suppressed_cooldown,,,,
2026-07-07 15:33:37,Lab 301 (cam 2),anomaly_suppressed_cooldown,,,,
2026-07-07 15:33:37,Lab 301 (cam 1),anomaly_suppressed_cooldown,,,,
2026-07-07 15:33:37,Lab 301 (cam 2),anomaly_suppressed_cooldown,,,,
2026-07-07 15:33:37,Lab 301 (cam 1),anomaly_suppressed_cooldown,,,,
2026-07-07 15:33:37,Lab 301 (cam 2),anomaly_suppressed_cooldown,,,,
2026-07-07 15:33:37,Lab 301 (cam 2),anomaly_suppressed_cooldown,,,,
2026-07-07 15:33:38,Lab 301 (cam 2),anomaly_suppressed_cooldown,,,,
2026-07-07 15:33:38,Lab 301 (cam 1),anomaly_suppressed_cooldown,,,,
2026-07-07 15:33:38,Lab 301 (cam 2),anomaly_suppressed_cooldown,,,,
2026-07-07 15:33:38,Lab 301 (cam 1),anomaly_suppressed_cooldown,,,,
2026-07-07 15:33:38,Lab 301 (cam 2),anomaly_suppressed_cooldown,,,,
2026-07-07 15:33:38,Lab 301 (cam 1),anomaly_suppressed_cooldown,,,,
2026-07-07 15:33:38,Lab 301 (cam 2),anomaly_suppressed_cooldown,,,,
2026-07-07 15:33:38,Lab 301 (cam 1),anomaly_suppressed_cooldown,,,,
2026-07-07 15:33:38,Lab 301 (cam 1),anomaly_suppressed_cooldown,,,,
2026-07-07 15:33:38,Lab 301 (cam 1),anomaly_suppressed_cooldown,,,,
2026-07-07 15:33:38,Lab 301 (cam 1),anomaly_suppressed_cooldown,,,,
2026-07-07 15:33:38,Lab 301 (cam 1),anomaly_suppressed_cooldown,,,,
2026-07-07 15:33:38,Lab 301 (cam 1),anomaly_suppressed_cooldown,,,,
2026-07-07 15:33:38,Lab 301 (cam 1),anomaly_suppressed_cooldown,,,,
2026-07-07 15:33:41,Lab 301 (cam 2),anomaly_suppressed_cooldown,,,,
2026-07-07 15:33:41,Lab 301 (cam 2),anomaly_suppressed_cooldown,,,,
2026-07-07 15:33:41,Lab 301 (cam 2),anomaly_suppressed_cooldown,,,,
2026-07-07 15:33:41,Lab 301 (cam 2),anomaly_suppressed_cooldown,,,,
2026-07-07 15:33:41,Lab 301 (cam 2),anomaly_suppressed_cooldown,,,,
2026-07-07 15:33:42,Lab 301 (cam 2),anomaly_suppressed_cooldown,,,,
2026-07-07 15:33:42,Lab 301 (cam 2),anomaly_suppressed_cooldown,,,,
2026-07-07 15:33:42,Lab 301 (cam 2),anomaly_suppressed_cooldown,,,,
2026-07-07 15:33:42,Lab 301 (cam 2),anomaly_suppressed_cooldown,,,,
2026-07-07 15:33:42,Lab 301 (cam 2),anomaly_suppressed_cooldown,,,,
2026-07-07 15:33:42,Lab 301 (cam 2),anomaly_suppressed_cooldown,,,,
2026-07-07 15:33:42,Lab 301 (cam 2),anomaly_suppressed_cooldown,,,,
2026-07-07 15:33:42,Lab 301 (cam 2),anomaly_suppressed_cooldown,,,,
2026-07-07 15:33:42,Lab 301 (cam 2),anomaly_suppressed_cooldown,,,,
2026-07-07 15:33:42,Lab 301 (cam 2),anomaly_suppressed_cooldown,,,,
2026-07-07 15:33:42,Lab 301 (cam 2),anomaly_suppressed_cooldown,,,,
2026-07-07 15:33:42,Lab 301 (cam 2),anomaly_suppressed_cooldown,,,,
2026-07-07 15:33:42,Lab 301 (cam 2),anomaly_suppressed_cooldown,,,,
2026-07-07 15:33:42,Lab 301 (cam 2),anomaly_suppressed_cooldown,,,,
2026-07-07 15:33:42,Lab 301 (cam 2),anomaly_suppressed_cooldown,,,,
2026-07-07 15:33:42,Lab 301 (cam 2),anomaly_suppressed_cooldown,,,,
2026-07-07 15:33:42,Lab 301 (cam 2),anomaly_suppressed_cooldown,,,,
2026-07-07 15:33:42,Lab 301 (cam 2),anomaly_suppressed_cooldown,,,,
2026-07-07 15:33:42,Lab 301 (cam 2),anomaly_suppressed_cooldown,,,,
2026-07-07 15:33:42,Lab 301 (cam 2),anomaly_suppressed_cooldown,,,,
2026-07-07 15:33:42,Lab 301 (cam 2),anomaly_suppressed_cooldown,,,,
2026-07-07 15:33:42,Lab 301 (cam 2),anomaly_suppressed_cooldown,,,,
2026-07-07 15:33:42,Lab 301 (cam 2),anomaly_suppressed_cooldown,,,,
2026-07-07 15:33:42,Lab 301 (cam 2),anomaly_suppressed_cooldown,,,,
2026-07-07 15:33:42,Lab 301 (cam 2),anomaly_suppressed_cooldown,,,,
2026-07-07 15:33:42,Lab 301 (cam 2),anomaly_suppressed_cooldown,,,,
2026-07-07 15:33:42,Lab 301 (cam 2),anomaly_suppressed_cooldown,,,,
2026-07-07 15:33:42,Lab 301 (cam 2),anomaly_suppressed_cooldown,,,,
2026-07-07 15:33:43,Lab 301 (cam 2),anomaly_suppressed_cooldown,,,,
2026-07-07 15:33:43,Lab 301 (cam 2),anomaly_suppressed_cooldown,,,,
2026-07-07 15:33:43,Lab 301 (cam 2),anomaly_suppressed_cooldown,,,,
2026-07-07 15:33:43,Lab 301 (cam 2),anomaly_suppressed_cooldown,,,,
2026-07-07 15:33:43,Lab 301 (cam 2),anomaly_suppressed_cooldown,,,,
2026-07-07 15:33:43,Lab 301 (cam 2),anomaly_suppressed_cooldown,,,,
2026-07-07 15:33:43,Lab 301 (cam 2),anomaly_suppressed_cooldown,,,,
2026-07-07 15:33:43,Lab 301 (cam 2),anomaly_suppressed_cooldown,,,,
2026-07-07 15:33:43,Lab 301 (cam 2),anomaly_suppressed_cooldown,,,,
2026-07-07 15:33:43,Lab 301 (cam 2),anomaly_suppressed_cooldown,,,,
2026-07-07 15:33:43,Lab 301 (cam 2),anomaly_suppressed_cooldown,,,,
2026-07-07 15:33:43,Lab 301 (cam 2),anomaly_suppressed_cooldown,,,,
2026-07-07 15:33:43,Lab 301 (cam 2),anomaly_suppressed_cooldown,,,,
2026-07-07 15:33:43,Lab 301 (cam 2),anomaly_suppressed_cooldown,,,,
2026-07-07 15:33:43,Lab 301 (cam 2),anomaly_suppressed_cooldown,,,,
2026-07-07 15:33:43,Lab 301 (cam 2),anomaly_suppressed_cooldown,,,,
2026-07-07 15:33:43,Lab 301 (cam 2),anomaly_suppressed_cooldown,,,,
2026-07-07 15:33:43,Lab 301 (cam 2),anomaly_suppressed_cooldown,,,,
2026-07-07 15:33:43,Lab 301 (cam 2),anomaly_suppressed_cooldown,,,,
2026-07-07 15:33:43,Lab 301 (cam 2),anomaly_suppressed_cooldown,,,,
2026-07-07 15:33:43,Lab 301 (cam 2),anomaly_suppressed_cooldown,,,,
2026-07-07 15:33:43,Lab 301 (cam 2),anomaly_suppressed_cooldown,,,,
2026-07-07 15:33:43,Lab 301 (cam 2),anomaly_suppressed_cooldown,,,,
2026-07-07 15:33:43,Lab 301 (cam 2),anomaly_suppressed_cooldown,,,,
2026-07-07 15:33:43,Lab 301 (cam 2),anomaly_suppressed_cooldown,,,,
2026-07-07 15:33:48,Lab 301 (cam 2),anomaly_suppressed_cooldown,,,,
2026-07-07 15:33:48,Lab 301 (cam 2),anomaly_suppressed_cooldown,,,,
2026-07-07 15:33:48,Lab 301 (cam 2),anomaly_suppressed_cooldown,,,,
2026-07-07 15:33:48,Lab 301 (cam 2),anomaly_suppressed_cooldown,,,,
2026-07-07 15:33:50,Lab 301 (cam 2),anomaly_suppressed_cooldown,,,,
2026-07-07 15:33:50,Lab 301 (cam 2),anomaly_suppressed_cooldown,,,,
2026-07-07 15:33:50,Lab 301 (cam 2),anomaly_suppressed_cooldown,,,,
2026-07-07 15:33:50,Lab 301 (cam 2),anomaly_suppressed_cooldown,,,,
2026-07-07 15:33:50,Lab 301 (cam 2),anomaly_suppressed_cooldown,,,,
2026-07-07 15:33:50,Lab 301 (cam 2),anomaly_suppressed_cooldown,,,,
2026-07-07 15:33:50,Lab 301 (cam 2),anomaly_suppressed_cooldown,,,,
2026-07-07 15:33:50,Lab 301 (cam 2),anomaly_suppressed_cooldown,,,,
2026-07-07 15:33:50,Lab 301 (cam 2),anomaly_suppressed_cooldown,,,,
2026-07-07 15:33:50,Lab 301 (cam 2),anomaly_suppressed_cooldown,,,,
2026-07-07 15:33:50,Lab 301 (cam 2),anomaly_suppressed_cooldown,,,,
2026-07-07 15:33:50,Lab 301 (cam 2),anomaly_suppressed_cooldown,,,,
2026-07-07 15:33:50,Lab 301 (cam 2),anomaly_suppressed_cooldown,,,,
2026-07-07 15:33:50,Lab 301 (cam 2),anomaly_suppressed_cooldown,,,,
2026-07-07 15:33:50,Lab 301 (cam 2),anomaly_suppressed_cooldown,,,,
2026-07-07 15:33:50,Lab 301 (cam 2),anomaly_suppressed_cooldown,,,,
2026-07-07 15:33:50,Lab 301 (cam 2),anomaly_suppressed_cooldown,,,,
2026-07-07 15:33:50,Lab 301 (cam 2),anomaly_suppressed_cooldown,,,,
2026-07-07 15:33:50,Lab 301 (cam 2),anomaly_suppressed_cooldown,,,,
2026-07-07 15:33:50,Lab 301 (cam 2),anomaly_suppressed_cooldown,,,,
2026-07-07 15:33:51,Lab 301 (cam 2),anomaly_suppressed_cooldown,,,,
2026-07-07 15:33:51,Lab 301 (cam 2),anomaly_suppressed_cooldown,,,,
2026-07-07 15:33:51,Lab 301 (cam 2),anomaly_suppressed_cooldown,,,,
2026-07-07 15:33:51,Lab 301 (cam 2),anomaly_suppressed_cooldown,,,,
2026-07-07 15:33:51,Lab 301 (cam 2),anomaly_suppressed_cooldown,,,,
2026-07-07 15:33:51,Lab 301 (cam 2),anomaly_suppressed_cooldown,,,,
2026-07-07 15:33:51,Lab 301 (cam 2),anomaly_suppressed_cooldown,,,,
2026-07-07 15:33:51,Lab 301 (cam 2),anomaly_suppressed_cooldown,,,,
2026-07-07 15:33:51,Lab 301 (cam 2),anomaly_suppressed_cooldown,,,,
2026-07-07 15:33:51,Lab 301 (cam 2),anomaly_suppressed_cooldown,,,,
2026-07-07 15:33:51,Lab 301 (cam 2),anomaly_suppressed_cooldown,,,,
2026-07-07 15:33:51,Lab 301 (cam 2),anomaly_suppressed_cooldown,,,,
2026-07-07 15:33:51,Lab 301 (cam 2),anomaly_suppressed_cooldown,,,,
2026-07-07 15:33:51,Lab 301 (cam 2),anomaly_suppressed_cooldown,,,,
2026-07-07 15:33:51,Lab 301 (cam 2),anomaly_suppressed_cooldown,,,,
2026-07-07 15:33:52,Lab 301 (cam 2),anomaly_suppressed_cooldown,,,,
2026-07-07 15:33:52,Lab 301 (cam 2),anomaly_suppressed_cooldown,,,,
2026-07-07 15:33:52,Lab 301 (cam 2),anomaly_suppressed_cooldown,,,,
2026-07-07 15:33:52,Lab 301 (cam 2),anomaly_suppressed_cooldown,,,,
2026-07-07 15:33:52,Lab 301 (cam 2),anomaly_suppressed_cooldown,,,,
2026-07-07 15:33:52,Lab 301 (cam 2),anomaly_suppressed_cooldown,,,,
2026-07-07 15:33:52,Lab 301 (cam 2),anomaly_suppressed_cooldown,,,,
2026-07-07 15:33:52,Lab 301 (cam 2),anomaly_suppressed_cooldown,,,,
2026-07-07 15:33:52,Lab 301 (cam 2),anomaly_suppressed_cooldown,,,,
2026-07-07 15:33:52,Lab 301 (cam 2),anomaly_suppressed_cooldown,,,,
2026-07-07 15:33:52,Lab 301 (cam 2),anomaly_suppressed_cooldown,,,,
2026-07-07 15:33:52,Lab 301 (cam 2),anomaly_suppressed_cooldown,,,,
2026-07-07 15:33:52,Lab 301 (cam 2),anomaly_suppressed_cooldown,,,,
2026-07-07 15:33:52,Lab 301 (cam 2),anomaly_suppressed_cooldown,,,,
2026-07-07 15:33:52,Lab 301 (cam 2),anomaly_suppressed_cooldown,,,,
2026-07-07 15:33:53,Lab 301 (cam 2),anomaly_suppressed_cooldown,,,,
2026-07-07 15:33:53,Lab 301 (cam 2),anomaly_suppressed_cooldown,,,,
2026-07-07 15:33:53,Lab 301 (cam 2),anomaly_suppressed_cooldown,,,,
2026-07-07 15:33:53,Lab 301 (cam 2),anomaly_suppressed_cooldown,,,,
2026-07-07 15:33:53,Lab 301 (cam 2),anomaly_suppressed_cooldown,,,,
2026-07-07 15:33:53,Lab 301 (cam 2),anomaly_suppressed_cooldown,,,,
2026-07-07 15:33:53,Lab 301 (cam 2),anomaly_suppressed_cooldown,,,,
2026-07-07 15:33:53,Lab 301 (cam 2),anomaly_suppressed_cooldown,,,,
2026-07-07 15:33:53,Lab 301 (cam 2),anomaly_suppressed_cooldown,,,,
2026-07-07 15:33:53,Lab 301 (cam 2),anomaly_suppressed_cooldown,,,,
2026-07-07 15:33:53,Lab 301 (cam 2),anomaly_suppressed_cooldown,,,,
2026-07-07 15:33:53,Lab 301 (cam 2),anomaly_suppressed_cooldown,,,,
2026-07-07 15:33:53,Lab 301 (cam 2),anomaly_suppressed_cooldown,,,,
2026-07-07 15:33:53,Lab 301 (cam 2),anomaly_suppressed_cooldown,,,,
2026-07-07 15:33:53,Lab 301 (cam 2),anomaly_suppressed_cooldown,,,,
2026-07-07 15:33:53,Lab 301 (cam 2),anomaly_suppressed_cooldown,,,,
2026-07-07 15:33:53,Lab 301 (cam 2),anomaly_suppressed_cooldown,,,,
2026-07-07 15:33:53,Lab 301 (cam 2),anomaly_suppressed_cooldown,,,,
2026-07-07 15:33:53,Lab 301 (cam 2),anomaly_suppressed_cooldown,,,,
2026-07-07 15:33:53,Lab 301 (cam 2),anomaly_suppressed_cooldown,,,,
2026-07-07 15:33:53,Lab 301 (cam 2),anomaly_suppressed_cooldown,,,,
2026-07-07 15:33:53,Lab 301 (cam 2),anomaly_suppressed_cooldown,,,,
2026-07-07 15:33:53,Lab 301 (cam 2),anomaly_suppressed_cooldown,,,,
2026-07-07 15:33:53,Lab 301 (cam 2),anomaly_suppressed_cooldown,,,,
2026-07-07 15:33:53,Lab 301 (cam 2),anomaly_suppressed_cooldown,,,,
2026-07-07 15:33:54,Lab 301 (cam 2),anomaly_suppressed_cooldown,,,,
2026-07-07 15:33:54,Lab 301 (cam 2),anomaly_suppressed_cooldown,,,,
2026-07-07 15:33:54,Lab 301 (cam 2),anomaly_suppressed_cooldown,,,,
2026-07-07 15:33:54,Lab 301 (cam 2),anomaly_suppressed_cooldown,,,,
2026-07-07 15:33:54,Lab 301 (cam 2),anomaly_suppressed_cooldown,,,,
2026-07-07 15:33:54,Lab 301 (cam 2),anomaly_suppressed_cooldown,,,,
2026-07-07 15:33:54,Lab 301 (cam 2),anomaly_suppressed_cooldown,,,,
2026-07-07 15:33:54,Lab 301 (cam 2),anomaly_suppressed_cooldown,,,,
2026-07-07 15:33:54,Lab 301 (cam 2),anomaly_suppressed_cooldown,,,,
2026-07-07 15:33:55,Lab 301 (cam 2),anomaly_suppressed_cooldown,,,,
2026-07-07 15:33:55,Lab 301 (cam 2),anomaly_suppressed_cooldown,,,,
2026-07-07 15:33:55,Lab 301 (cam 2),anomaly_suppressed_cooldown,,,,
2026-07-07 15:33:55,Lab 301 (cam 2),anomaly_suppressed_cooldown,,,,
2026-07-07 15:33:55,Lab 301 (cam 2),anomaly_suppressed_cooldown,,,,
2026-07-07 15:33:55,Lab 301 (cam 2),anomaly_suppressed_cooldown,,,,
2026-07-07 15:33:55,Lab 301 (cam 2),anomaly_suppressed_cooldown,,,,
2026-07-07 15:33:55,Lab 301 (cam 2),anomaly_suppressed_cooldown,,,,
2026-07-07 15:33:55,Lab 301 (cam 2),anomaly_suppressed_cooldown,,,,
2026-07-07 15:33:55,Lab 301 (cam 2),anomaly_suppressed_cooldown,,,,
2026-07-07 15:33:55,Lab 301 (cam 2),anomaly_suppressed_cooldown,,,,
2026-07-07 15:33:55,Lab 301 (cam 2),anomaly_suppressed_cooldown,,,,
2026-07-07 15:33:56,Lab 301 (cam 2),anomaly_suppressed_cooldown,,,,
2026-07-07 15:33:56,Lab 301 (cam 2),anomaly_suppressed_cooldown,,,,
2026-07-07 15:33:56,Lab 301 (cam 2),anomaly_suppressed_cooldown,,,,
2026-07-07 15:33:56,Lab 301 (cam 2),anomaly_suppressed_cooldown,,,,
2026-07-07 15:33:56,Lab 301 (cam 2),anomaly_suppressed_cooldown,,,,
2026-07-07 15:33:56,Lab 301 (cam 2),anomaly_suppressed_cooldown,,,,
2026-07-07 15:33:56,Lab 301 (cam 2),anomaly_suppressed_cooldown,,,,
2026-07-07 15:33:56,Lab 301 (cam 2),anomaly_suppressed_cooldown,,,,
2026-07-07 15:33:56,Lab 301 (cam 2),anomaly_suppressed_cooldown,,,,
2026-07-07 15:33:56,Lab 301 (cam 2),anomaly_suppressed_cooldown,,,,
2026-07-07 15:33:56,Lab 301 (cam 2),anomaly_suppressed_cooldown,,,,
2026-07-07 15:33:56,Lab 301 (cam 2),anomaly_suppressed_cooldown,,,,
2026-07-07 15:33:56,Lab 301 (cam 2),anomaly_suppressed_cooldown,,,,
2026-07-07 15:33:56,Lab 301 (cam 2),anomaly_suppressed_cooldown,,,,
2026-07-07 15:33:56,Lab 301 (cam 2),anomaly_suppressed_cooldown,,,,
2026-07-07 15:33:56,Lab 301 (cam 2),anomaly_suppressed_cooldown,,,,
2026-07-07 15:33:56,Lab 301 (cam 2),anomaly_suppressed_cooldown,,,,
2026-07-07 15:33:56,Lab 301 (cam 2),anomaly_suppressed_cooldown,,,,
2026-07-07 15:33:56,Lab 301 (cam 2),anomaly_suppressed_cooldown,,,,
2026-07-07 15:33:56,Lab 301 (cam 2),anomaly_suppressed_cooldown,,,,
2026-07-07 15:33:57,Lab 301 (cam 2),anomaly_suppressed_cooldown,,,,
2026-07-07 15:33:57,Lab 301 (cam 2),anomaly_suppressed_cooldown,,,,
2026-07-07 15:33:57,Lab 301 (cam 2),anomaly_suppressed_cooldown,,,,
2026-07-07 15:33:57,Lab 301 (cam 2),anomaly_suppressed_cooldown,,,,
2026-07-07 15:33:57,Lab 301 (cam 2),anomaly_suppressed_cooldown,,,,
2026-07-07 15:33:57,Lab 301 (cam 2),anomaly_suppressed_cooldown,,,,
2026-07-07 15:33:57,Lab 301 (cam 2),anomaly_suppressed_cooldown,,,,
2026-07-07 15:33:57,Lab 301 (cam 2),anomaly_suppressed_cooldown,,,,
2026-07-07 15:33:57,Lab 301 (cam 2),anomaly_suppressed_cooldown,,,,
2026-07-07 15:33:57,Lab 301 (cam 2),anomaly_suppressed_cooldown,,,,
2026-07-07 15:33:57,Lab 301 (cam 2),anomaly_suppressed_cooldown,,,,
2026-07-07 15:33:57,Lab 301 (cam 2),anomaly_suppressed_cooldown,,,,
2026-07-07 15:33:57,Lab 301 (cam 2),anomaly_suppressed_cooldown,,,,
2026-07-07 15:33:57,Lab 301 (cam 2),anomaly_suppressed_cooldown,,,,
2026-07-07 15:33:57,Lab 301 (cam 2),anomaly_suppressed_cooldown,,,,
2026-07-07 15:33:57,Lab 301 (cam 2),anomaly_suppressed_cooldown,,,,
2026-07-07 15:33:57,Lab 301 (cam 2),anomaly_suppressed_cooldown,,,,
2026-07-07 15:33:57,Lab 301 (cam 2),anomaly_suppressed_cooldown,,,,
2026-07-07 15:33:57,Lab 301 (cam 2),anomaly_suppressed_cooldown,,,,
2026-07-07 15:33:57,Lab 301 (cam 2),anomaly_suppressed_cooldown,,,,
2026-07-07 15:33:57,Lab 301 (cam 2),anomaly_suppressed_cooldown,,,,
2026-07-07 15:33:57,Lab 301 (cam 2),anomaly_suppressed_cooldown,,,,
2026-07-07 15:33:58,Lab 301 (cam 2),anomaly_suppressed_cooldown,,,,
2026-07-07 15:33:58,Lab 301 (cam 2),anomaly_suppressed_cooldown,,,,
2026-07-07 15:33:58,Lab 301 (cam 2),anomaly_suppressed_cooldown,,,,
2026-07-07 15:33:58,Lab 301 (cam 2),anomaly_suppressed_cooldown,,,,
2026-07-07 15:33:58,Lab 301 (cam 2),anomaly_suppressed_cooldown,,,,
2026-07-07 15:33:58,Lab 301 (cam 2),anomaly_suppressed_cooldown,,,,
2026-07-07 15:33:58,Lab 301 (cam 2),anomaly_suppressed_cooldown,,,,
2026-07-07 15:33:58,Lab 301 (cam 2),anomaly_suppressed_cooldown,,,,
2026-07-07 15:33:58,Lab 301 (cam 2),anomaly_suppressed_cooldown,,,,
2026-07-07 15:33:58,Lab 301 (cam 1),anomaly_suppressed_cooldown,,,,
2026-07-07 15:33:58,Lab 301 (cam 2),anomaly_suppressed_cooldown,,,,
2026-07-07 15:33:58,Lab 301 (cam 1),anomaly_suppressed_cooldown,,,,
2026-07-07 15:33:58,Lab 301 (cam 2),anomaly_suppressed_cooldown,,,,
2026-07-07 15:33:58,Lab 301 (cam 1),anomaly_suppressed_cooldown,,,,
2026-07-07 15:33:58,Lab 301 (cam 2),anomaly_suppressed_cooldown,,,,
2026-07-07 15:33:58,Lab 301 (cam 2),anomaly_suppressed_cooldown,,,,
2026-07-07 15:33:58,Lab 301 (cam 1),anomaly_suppressed_cooldown,,,,
2026-07-07 15:33:58,Lab 301 (cam 1),anomaly_suppressed_cooldown,,,,
2026-07-07 15:33:58,Lab 301 (cam 1),anomaly_suppressed_cooldown,,,,
2026-07-07 15:33:58,Lab 301 (cam 2),anomaly_suppressed_cooldown,,,,
2026-07-07 15:33:58,Lab 301 (cam 1),anomaly_suppressed_cooldown,,,,
2026-07-07 15:33:58,Lab 301 (cam 2),anomaly_suppressed_cooldown,,,,
2026-07-07 15:33:58,Lab 301 (cam 1),anomaly_suppressed_cooldown,,,,
2026-07-07 15:33:58,Lab 301 (cam 2),anomaly_suppressed_cooldown,,,,
2026-07-07 15:33:58,Lab 301 (cam 1),anomaly_suppressed_cooldown,,,,
2026-07-07 15:33:58,Lab 301 (cam 2),anomaly_suppressed_cooldown,,,,
2026-07-07 15:33:58,Lab 301 (cam 2),anomaly_suppressed_cooldown,,,,
2026-07-07 15:33:58,Lab 301 (cam 2),anomaly_suppressed_cooldown,,,,
2026-07-07 15:33:58,Lab 301 (cam 2),anomaly_suppressed_cooldown,,,,
2026-07-07 15:33:58,Lab 301 (cam 2),anomaly_suppressed_cooldown,,,,
2026-07-07 15:33:58,Lab 301 (cam 2),anomaly_suppressed_cooldown,,,,
2026-07-07 15:33:58,Lab 301 (cam 2),anomaly_suppressed_cooldown,,,,
2026-07-07 15:33:59,Lab 301 (cam 2),anomaly_suppressed_cooldown,,,,
2026-07-07 15:33:59,Lab 301 (cam 2),anomaly_suppressed_cooldown,,,,
2026-07-07 15:33:59,Lab 301 (cam 2),anomaly_suppressed_cooldown,,,,
2026-07-07 15:33:59,Lab 301 (cam 2),anomaly_suppressed_cooldown,,,,
2026-07-07 15:33:59,Lab 301 (cam 2),anomaly_suppressed_cooldown,,,,
2026-07-07 15:33:59,Lab 301 (cam 2),anomaly_suppressed_cooldown,,,,
2026-07-07 15:33:59,Lab 301 (cam 2),anomaly_suppressed_cooldown,,,,
2026-07-07 15:33:59,Lab 301 (cam 2),anomaly_suppressed_cooldown,,,,
2026-07-07 15:33:59,Lab 301 (cam 2),anomaly_suppressed_cooldown,,,,
2026-07-07 15:33:59,Lab 301 (cam 2),anomaly_suppressed_cooldown,,,,
2026-07-07 15:33:59,Lab 301 (cam 2),anomaly_suppressed_cooldown,,,,
2026-07-07 15:33:59,Lab 301 (cam 2),anomaly_suppressed_cooldown,,,,
2026-07-07 15:33:59,Lab 301 (cam 2),anomaly_suppressed_cooldown,,,,
2026-07-07 15:33:59,Lab 301 (cam 2),anomaly_suppressed_cooldown,,,,
2026-07-07 15:33:59,Lab 301 (cam 1),anomaly_suppressed_cooldown,,,,
2026-07-07 15:33:59,Lab 301 (cam 2),anomaly_suppressed_cooldown,,,,
2026-07-07 15:33:59,Lab 301 (cam 1),anomaly_suppressed_cooldown,,,,
2026-07-07 15:33:59,Lab 301 (cam 2),anomaly_suppressed_cooldown,,,,
2026-07-07 15:33:59,Lab 301 (cam 1),anomaly_suppressed_cooldown,,,,
2026-07-07 15:33:59,Lab 301 (cam 2),anomaly_suppressed_cooldown,,,,
2026-07-07 15:33:59,Lab 301 (cam 1),anomaly_suppressed_cooldown,,,,
2026-07-07 15:33:59,Lab 301 (cam 2),anomaly_suppressed_cooldown,,,,
2026-07-07 15:33:59,Lab 301 (cam 2),anomaly_suppressed_cooldown,,,,
2026-07-07 15:33:59,Lab 301 (cam 1),anomaly_suppressed_cooldown,,,,
2026-07-07 15:33:59,Lab 301 (cam 2),anomaly_suppressed_cooldown,,,,
2026-07-07 15:33:59,Lab 301 (cam 2),anomaly_suppressed_cooldown,,,,
2026-07-07 15:33:59,Lab 301 (cam 1),anomaly_suppressed_cooldown,,,,
2026-07-07 15:33:59,Lab 301 (cam 2),anomaly_suppressed_cooldown,,,,
2026-07-07 15:33:59,Lab 301 (cam 1),anomaly_suppressed_cooldown,,,,
2026-07-07 15:33:59,Lab 301 (cam 2),anomaly_suppressed_cooldown,,,,
2026-07-07 15:33:59,Lab 301 (cam 1),anomaly_suppressed_cooldown,,,,
2026-07-07 15:33:59,Lab 301 (cam 2),anomaly_suppressed_cooldown,,,,
2026-07-07 15:33:59,Lab 301 (cam 2),anomaly_suppressed_cooldown,,,,
2026-07-07 15:34:00,Lab 301 (cam 2),anomaly_suppressed_cooldown,,,,
2026-07-07 15:34:00,Lab 301 (cam 1),anomaly_suppressed_cooldown,,,,
2026-07-07 15:34:00,Lab 301 (cam 2),anomaly_suppressed_cooldown,,,,
2026-07-07 15:34:00,Lab 301 (cam 2),anomaly_suppressed_cooldown,,,,
2026-07-07 15:34:00,Lab 301 (cam 2),anomaly_suppressed_cooldown,,,,
2026-07-07 15:34:00,Lab 301 (cam 2),anomaly_suppressed_cooldown,,,,
2026-07-07 15:34:00,Lab 301 (cam 2),anomaly_suppressed_cooldown,,,,
2026-07-07 15:34:00,Lab 301 (cam 2),anomaly_suppressed_cooldown,,,,
2026-07-07 15:34:00,Lab 301 (cam 2),anomaly_suppressed_cooldown,,,,
2026-07-07 15:34:00,Lab 301 (cam 2),anomaly_suppressed_cooldown,,,,
2026-07-07 15:34:01,Lab 301 (cam 2),anomaly_suppressed_cooldown,,,,
2026-07-07 15:34:01,Lab 301 (cam 2),anomaly_suppressed_cooldown,,,,
2026-07-07 15:34:01,Lab 301 (cam 2),anomaly_suppressed_cooldown,,,,
2026-07-07 15:34:01,Lab 301 (cam 2),anomaly_suppressed_cooldown,,,,
2026-07-07 15:34:01,Lab 301 (cam 2),anomaly_suppressed_cooldown,,,,
2026-07-07 15:34:01,Lab 301 (cam 2),anomaly_suppressed_cooldown,,,,
2026-07-07 15:34:01,Lab 301 (cam 2),anomaly_suppressed_cooldown,,,,
2026-07-07 15:34:01,Lab 301 (cam 2),anomaly_suppressed_cooldown,,,,
2026-07-07 15:34:01,Lab 301 (cam 2),anomaly_suppressed_cooldown,,,,
2026-07-07 15:34:01,Lab 301 (cam 2),anomaly_suppressed_cooldown,,,,
2026-07-07 15:34:01,Lab 301 (cam 2),anomaly_suppressed_cooldown,,,,
2026-07-07 15:34:01,Lab 301 (cam 2),anomaly_suppressed_cooldown,,,,
2026-07-07 15:34:01,Lab 301 (cam 2),anomaly_suppressed_cooldown,,,,
2026-07-07 15:34:01,Lab 301 (cam 2),anomaly_suppressed_cooldown,,,,
2026-07-07 15:34:02,Lab 301 (cam 2),anomaly_suppressed_cooldown,,,,
2026-07-07 15:34:02,Lab 301 (cam 2),anomaly_suppressed_cooldown,,,,
2026-07-07 15:34:02,Lab 301 (cam 2),anomaly_suppressed_cooldown,,,,
2026-07-07 15:34:02,Lab 301 (cam 2),anomaly_suppressed_cooldown,,,,
2026-07-07 15:34:02,Lab 301 (cam 2),anomaly_suppressed_cooldown,,,,
2026-07-07 15:34:02,Lab 301 (cam 2),anomaly_suppressed_cooldown,,,,
2026-07-07 15:34:02,Lab 301 (cam 2),anomaly_suppressed_cooldown,,,,
2026-07-07 15:34:02,Lab 301 (cam 2),anomaly_suppressed_cooldown,,,,
2026-07-07 15:34:02,Lab 301 (cam 2),anomaly_suppressed_cooldown,,,,
2026-07-07 15:34:02,Lab 301 (cam 2),anomaly_suppressed_cooldown,,,,
2026-07-07 15:34:02,Lab 301 (cam 2),anomaly_suppressed_cooldown,,,,
2026-07-07 15:34:02,Lab 301 (cam 2),anomaly_suppressed_cooldown,,,,
2026-07-07 15:34:02,Lab 301 (cam 2),anomaly_suppressed_cooldown,,,,
2026-07-07 15:34:02,Lab 301 (cam 2),anomaly_suppressed_cooldown,,,,
2026-07-07 15:34:02,Lab 301 (cam 2),anomaly_suppressed_cooldown,,,,
2026-07-07 15:34:02,Lab 301 (cam 2),anomaly_suppressed_cooldown,,,,
2026-07-07 15:34:02,Lab 301 (cam 2),anomaly_suppressed_cooldown,,,,
2026-07-07 15:34:02,Lab 301 (cam 2),anomaly_suppressed_cooldown,,,,
2026-07-07 15:34:02,Lab 301 (cam 2),anomaly_suppressed_cooldown,,,,
2026-07-07 15:34:02,Lab 301 (cam 2),anomaly_suppressed_cooldown,,,,
2026-07-07 15:34:02,Lab 301 (cam 2),anomaly_suppressed_cooldown,,,,
2026-07-07 15:34:02,Lab 301 (cam 2),anomaly_suppressed_cooldown,,,,
2026-07-07 15:34:02,Lab 301 (cam 2),anomaly_suppressed_cooldown,,,,
2026-07-07 15:34:02,Lab 301 (cam 2),anomaly_suppressed_cooldown,,,,
2026-07-07 15:34:02,Lab 301 (cam 2),anomaly_suppressed_cooldown,,,,
2026-07-07 15:34:02,Lab 301 (cam 2),anomaly_suppressed_cooldown,,,,
2026-07-07 15:34:02,Lab 301 (cam 2),anomaly_suppressed_cooldown,,,,
2026-07-07 15:34:02,Lab 301 (cam 2),anomaly_suppressed_cooldown,,,,
2026-07-07 15:34:02,Lab 301 (cam 2),anomaly_suppressed_cooldown,,,,
2026-07-07 15:34:03,Lab 301 (cam 2),anomaly_suppressed_cooldown,,,,
2026-07-07 15:34:03,Lab 301 (cam 2),anomaly_suppressed_cooldown,,,,
2026-07-07 15:34:03,Lab 301 (cam 2),anomaly_suppressed_cooldown,,,,
2026-07-07 15:34:03,Lab 301 (cam 2),anomaly_suppressed_cooldown,,,,
2026-07-07 15:34:03,Lab 301 (cam 2),anomaly_suppressed_cooldown,,,,
2026-07-07 15:34:03,Lab 301 (cam 2),anomaly_suppressed_cooldown,,,,
2026-07-07 15:34:03,Lab 301 (cam 2),anomaly_suppressed_cooldown,,,,
2026-07-07 15:34:03,Lab 301 (cam 2),anomaly_suppressed_cooldown,,,,
2026-07-07 15:34:03,Lab 301 (cam 2),anomaly_suppressed_cooldown,,,,
2026-07-07 15:34:03,Lab 301 (cam 2),anomaly_suppressed_cooldown,,,,
2026-07-07 15:34:03,Lab 301 (cam 2),anomaly_suppressed_cooldown,,,,
2026-07-07 15:34:03,Lab 301 (cam 2),anomaly_suppressed_cooldown,,,,
2026-07-07 15:34:03,Lab 301 (cam 2),anomaly_suppressed_cooldown,,,,
2026-07-07 15:34:03,Lab 301 (cam 2),anomaly_suppressed_cooldown,,,,
2026-07-07 15:34:03,Lab 301 (cam 2),anomaly_suppressed_cooldown,,,,
2026-07-07 15:34:03,Lab 301 (cam 2),anomaly_suppressed_cooldown,,,,
2026-07-07 15:34:03,Lab 301 (cam 2),anomaly_suppressed_cooldown,,,,
2026-07-07 15:34:03,Lab 301 (cam 2),anomaly_suppressed_cooldown,,,,
2026-07-07 15:34:03,Lab 301 (cam 2),anomaly_suppressed_cooldown,,,,
2026-07-07 15:34:03,Lab 301 (cam 2),anomaly_suppressed_cooldown,,,,
2026-07-07 15:34:03,Lab 301 (cam 2),anomaly_suppressed_cooldown,,,,
2026-07-07 15:34:03,Lab 301 (cam 2),anomaly_suppressed_cooldown,,,,
2026-07-07 15:34:03,Lab 301 (cam 2),anomaly_suppressed_cooldown,,,,
2026-07-07 15:34:03,Lab 301 (cam 2),anomaly_suppressed_cooldown,,,,
2026-07-07 15:34:03,Lab 301 (cam 2),anomaly_suppressed_cooldown,,,,
2026-07-07 15:34:03,Lab 301 (cam 2),anomaly_suppressed_cooldown,,,,
2026-07-07 15:34:03,Lab 301 (cam 2),anomaly_suppressed_cooldown,,,,
2026-07-07 15:34:04,Lab 301 (cam 2),anomaly_suppressed_cooldown,,,,
2026-07-07 15:34:04,Lab 301 (cam 2),anomaly_suppressed_cooldown,,,,
2026-07-07 15:34:04,Lab 301 (cam 2),anomaly_suppressed_cooldown,,,,
2026-07-07 15:34:04,Lab 301 (cam 2),anomaly_suppressed_cooldown,,,,
2026-07-07 15:34:04,Lab 301 (cam 2),anomaly_suppressed_cooldown,,,,
2026-07-07 15:34:04,Lab 301 (cam 2),anomaly_suppressed_cooldown,,,,
2026-07-07 15:34:04,Lab 301 (cam 2),anomaly_suppressed_cooldown,,,,
2026-07-07 15:34:04,Lab 301 (cam 2),anomaly_suppressed_cooldown,,,,
2026-07-07 15:34:04,Lab 301 (cam 2),anomaly_suppressed_cooldown,,,,
2026-07-07 15:34:04,Lab 301 (cam 2),anomaly_suppressed_cooldown,,,,
2026-07-07 15:34:04,Lab 301 (cam 2),anomaly_suppressed_cooldown,,,,
2026-07-07 15:34:04,Lab 301 (cam 2),anomaly_suppressed_cooldown,,,,
2026-07-07 15:34:04,Lab 301 (cam 2),anomaly_suppressed_cooldown,,,,
2026-07-07 15:34:04,Lab 301 (cam 2),anomaly_suppressed_cooldown,,,,
2026-07-07 15:34:04,Lab 301 (cam 2),anomaly_suppressed_cooldown,,,,
2026-07-07 15:34:04,Lab 301 (cam 2),anomaly_suppressed_cooldown,,,,
2026-07-07 15:34:04,Lab 301 (cam 2),anomaly_suppressed_cooldown,,,,
2026-07-07 15:34:04,Lab 301 (cam 2),anomaly_suppressed_cooldown,,,,
2026-07-07 15:34:04,Lab 301 (cam 2),anomaly_suppressed_cooldown,,,,
2026-07-07 15:34:04,Lab 301 (cam 2),anomaly_suppressed_cooldown,,,,
2026-07-07 15:34:04,Lab 301 (cam 2),anomaly_suppressed_cooldown,,,,
2026-07-07 15:34:05,Lab 301 (cam 2),anomaly_suppressed_cooldown,,,,
2026-07-07 15:34:05,Lab 301 (cam 2),anomaly_suppressed_cooldown,,,,
2026-07-07 15:34:05,Lab 301 (cam 2),anomaly_suppressed_cooldown,,,,
2026-07-07 15:34:05,Lab 301 (cam 2),anomaly_suppressed_cooldown,,,,
2026-07-07 15:34:05,Lab 301 (cam 2),anomaly_suppressed_cooldown,,,,
2026-07-07 15:34:05,Lab 301 (cam 2),anomaly_suppressed_cooldown,,,,
2026-07-07 15:34:06,Lab 301 (cam 2),anomaly_suppressed_cooldown,,,,
2026-07-07 15:34:06,Lab 301 (cam 2),anomaly_suppressed_cooldown,,,,
2026-07-07 15:34:06,Lab 301 (cam 2),anomaly_suppressed_cooldown,,,,
2026-07-07 15:34:06,Lab 301 (cam 2),anomaly_suppressed_cooldown,,,,
2026-07-07 15:34:06,Lab 301 (cam 2),anomaly_suppressed_cooldown,,,,
2026-07-07 15:34:06,Lab 301 (cam 2),anomaly_suppressed_cooldown,,,,
2026-07-07 15:34:06,Lab 301 (cam 2),anomaly_suppressed_cooldown,,,,
2026-07-07 15:34:06,Lab 301 (cam 2),anomaly_suppressed_cooldown,,,,
2026-07-07 15:34:06,Lab 301 (cam 2),anomaly_suppressed_cooldown,,,,
2026-07-07 15:34:06,Lab 301 (cam 2),anomaly_suppressed_cooldown,,,,
2026-07-07 15:34:06,Lab 301 (cam 2),anomaly_suppressed_cooldown,,,,
2026-07-07 15:34:06,Lab 301 (cam 2),anomaly_suppressed_cooldown,,,,
2026-07-07 15:34:06,Lab 301 (cam 2),anomaly_suppressed_cooldown,,,,
2026-07-07 15:34:06,Lab 301 (cam 2),anomaly_suppressed_cooldown,,,,
2026-07-07 15:34:06,Lab 301 (cam 2),anomaly_suppressed_cooldown,,,,
2026-07-07 15:34:06,Lab 301 (cam 2),anomaly_suppressed_cooldown,,,,
2026-07-07 15:34:06,Lab 301 (cam 2),anomaly_suppressed_cooldown,,,,
2026-07-07 15:34:06,Lab 301 (cam 2),anomaly_suppressed_cooldown,,,,
2026-07-07 15:34:06,Lab 301 (cam 2),anomaly_suppressed_cooldown,,,,
2026-07-07 15:34:06,Lab 301 (cam 2),anomaly_suppressed_cooldown,,,,
2026-07-07 15:34:06,Lab 301 (cam 2),anomaly_suppressed_cooldown,,,,
2026-07-07 15:34:07,Lab 301 (cam 2),anomaly_suppressed_cooldown,,,,
2026-07-07 15:34:07,Lab 301 (cam 2),anomaly_suppressed_cooldown,,,,
2026-07-07 15:34:07,Lab 301 (cam 2),anomaly_suppressed_cooldown,,,,
2026-07-07 15:34:07,Lab 301 (cam 2),anomaly_suppressed_cooldown,,,,
2026-07-07 15:34:07,Lab 301 (cam 2),anomaly_suppressed_cooldown,,,,
2026-07-07 15:34:07,Lab 301 (cam 2),anomaly_suppressed_cooldown,,,,
2026-07-07 15:34:07,Lab 301 (cam 2),anomaly_suppressed_cooldown,,,,
2026-07-07 15:34:07,Lab 301 (cam 2),anomaly_suppressed_cooldown,,,,
2026-07-07 15:34:07,Lab 301 (cam 2),anomaly_suppressed_cooldown,,,,
2026-07-07 15:34:07,Lab 301 (cam 2),anomaly_suppressed_cooldown,,,,
2026-07-07 15:34:07,Lab 301 (cam 2),anomaly_suppressed_cooldown,,,,
2026-07-07 15:34:07,Lab 301 (cam 2),anomaly_suppressed_cooldown,,,,
2026-07-07 15:34:07,Lab 301 (cam 2),anomaly_suppressed_cooldown,,,,
2026-07-07 15:34:07,Lab 301 (cam 2),anomaly_suppressed_cooldown,,,,
2026-07-07 15:34:07,Lab 301 (cam 2),anomaly_suppressed_cooldown,,,,
2026-07-07 15:34:07,Lab 301 (cam 2),anomaly_suppressed_cooldown,,,,
2026-07-07 15:34:07,Lab 301 (cam 2),anomaly_suppressed_cooldown,,,,
2026-07-07 15:34:07,Lab 301 (cam 2),anomaly_suppressed_cooldown,,,,
2026-07-07 15:34:07,Lab 301 (cam 2),anomaly_suppressed_cooldown,,,,
2026-07-07 15:34:07,Lab 301 (cam 2),anomaly_suppressed_cooldown,,,,
2026-07-07 15:34:07,Lab 301 (cam 2),anomaly_suppressed_cooldown,,,,
2026-07-07 15:34:07,Lab 301 (cam 2),anomaly_suppressed_cooldown,,,,
2026-07-07 15:34:07,Lab 301 (cam 2),anomaly_suppressed_cooldown,,,,
2026-07-07 15:34:07,Lab 301 (cam 2),anomaly_suppressed_cooldown,,,,
2026-07-07 15:34:07,Lab 301 (cam 2),anomaly_suppressed_cooldown,,,,
2026-07-07 15:34:07,Lab 301 (cam 2),anomaly_suppressed_cooldown,,,,
2026-07-07 15:34:07,Lab 301 (cam 2),anomaly_suppressed_cooldown,,,,
2026-07-07 15:34:08,Lab 301 (cam 2),anomaly_suppressed_cooldown,,,,
2026-07-07 15:34:08,Lab 301 (cam 2),anomaly_suppressed_cooldown,,,,
2026-07-07 15:34:08,Lab 301 (cam 2),anomaly_suppressed_cooldown,,,,
2026-07-07 15:34:08,Lab 301 (cam 2),anomaly_suppressed_cooldown,,,,
2026-07-07 15:34:08,Lab 301 (cam 2),anomaly_suppressed_cooldown,,,,
2026-07-07 15:34:08,Lab 301 (cam 2),anomaly_suppressed_cooldown,,,,
2026-07-07 15:34:08,Lab 301 (cam 2),anomaly_suppressed_cooldown,,,,
2026-07-07 15:34:08,Lab 301 (cam 2),anomaly_suppressed_cooldown,,,,
2026-07-07 15:34:08,Lab 301 (cam 2),anomaly_suppressed_cooldown,,,,
2026-07-07 15:34:08,Lab 301 (cam 2),anomaly_suppressed_cooldown,,,,
2026-07-07 15:34:08,Lab 301 (cam 2),anomaly_suppressed_cooldown,,,,
2026-07-07 15:34:08,Lab 301 (cam 2),anomaly_suppressed_cooldown,,,,
2026-07-07 15:34:08,Lab 301 (cam 2),anomaly_suppressed_cooldown,,,,
2026-07-07 15:34:08,Lab 301 (cam 2),anomaly_suppressed_cooldown,,,,
2026-07-07 15:34:08,Lab 301 (cam 2),anomaly_suppressed_cooldown,,,,
2026-07-07 15:34:08,Lab 301 (cam 2),anomaly_suppressed_cooldown,,,,
2026-07-07 15:34:08,Lab 301 (cam 2),anomaly_suppressed_cooldown,,,,
2026-07-07 15:34:08,Lab 301 (cam 2),anomaly_suppressed_cooldown,,,,
2026-07-07 15:34:08,Lab 301 (cam 2),anomaly_suppressed_cooldown,,,,
2026-07-07 15:34:08,Lab 301 (cam 2),anomaly_suppressed_cooldown,,,,
2026-07-07 15:34:08,Lab 301 (cam 2),anomaly_suppressed_cooldown,,,,
2026-07-07 15:34:08,Lab 301 (cam 2),anomaly_suppressed_cooldown,,,,
2026-07-07 15:34:12,Lab 301 (cam 2),anomaly_suppressed_cooldown,,,,
2026-07-07 15:34:12,Lab 301 (cam 2),anomaly_suppressed_cooldown,,,,
2026-07-07 15:34:13,Lab 301 (cam 2),anomaly_suppressed_cooldown,,,,
2026-07-07 15:34:13,Lab 301 (cam 2),anomaly_suppressed_cooldown,,,,
2026-07-07 15:34:21,Lab 301 (cam 2),anomaly_suppressed_cooldown,,,,
2026-07-07 15:34:24,Lab 301 (cam 2),anomaly_suppressed_cooldown,,,,
2026-07-07 15:34:24,Lab 301 (cam 2),anomaly_suppressed_cooldown,,,,
2026-07-07 15:34:24,Lab 301 (cam 2),anomaly_suppressed_cooldown,,,,
2026-07-07 15:34:24,Lab 301 (cam 2),anomaly_suppressed_cooldown,,,,
2026-07-07 15:34:24,Lab 301 (cam 2),anomaly_suppressed_cooldown,,,,
2026-07-07 15:34:24,Lab 301 (cam 2),anomaly_suppressed_cooldown,,,,
2026-07-07 15:34:24,Lab 301 (cam 2),anomaly_suppressed_cooldown,,,,
2026-07-07 15:34:24,Lab 301 (cam 2),anomaly_suppressed_cooldown,,,,
2026-07-07 15:34:24,Lab 301 (cam 2),anomaly_suppressed_cooldown,,,,
2026-07-07 15:34:24,Lab 301 (cam 2),anomaly_suppressed_cooldown,,,,
2026-07-07 15:34:24,Lab 301 (cam 2),anomaly_suppressed_cooldown,,,,
2026-07-07 15:34:24,Lab 301 (cam 2),anomaly_suppressed_cooldown,,,,
2026-07-07 15:34:24,Lab 301 (cam 2),anomaly_suppressed_cooldown,,,,
2026-07-07 15:34:25,Lab 301 (cam 2),anomaly_suppressed_cooldown,,,,
2026-07-07 15:34:25,Lab 301 (cam 2),anomaly_suppressed_cooldown,,,,
2026-07-07 15:34:25,Lab 301 (cam 2),anomaly_suppressed_cooldown,,,,
2026-07-07 15:34:26,Lab 301 (cam 2),anomaly_suppressed_cooldown,,,,
2026-07-07 15:34:26,Lab 301 (cam 2),anomaly_suppressed_cooldown,,,,
2026-07-07 15:34:26,Lab 301 (cam 2),anomaly_suppressed_cooldown,,,,
2026-07-07 15:34:26,Lab 301 (cam 2),anomaly_suppressed_cooldown,,,,
2026-07-07 15:34:26,Lab 301 (cam 2),anomaly_suppressed_cooldown,,,,
2026-07-07 15:34:26,Lab 301 (cam 2),anomaly_suppressed_cooldown,,,,
2026-07-07 15:34:26,Lab 301 (cam 2),anomaly_suppressed_cooldown,,,,
2026-07-07 15:34:26,Lab 301 (cam 2),anomaly_suppressed_cooldown,,,,
2026-07-07 15:34:26,Lab 301 (cam 2),anomaly_suppressed_cooldown,,,,
2026-07-07 15:34:26,Lab 301 (cam 2),anomaly_suppressed_cooldown,,,,
2026-07-07 15:34:27,Lab 301 (cam 2),anomaly_suppressed_cooldown,,,,
2026-07-07 15:34:27,Lab 301 (cam 2),anomaly_suppressed_cooldown,,,,
2026-07-07 15:34:27,Lab 301 (cam 2),anomaly_suppressed_cooldown,,,,
2026-07-07 15:34:27,Lab 301 (cam 2),anomaly_suppressed_cooldown,,,,
2026-07-07 15:34:27,Lab 301 (cam 2),anomaly_suppressed_cooldown,,,,
2026-07-07 15:34:27,Lab 301 (cam 2),anomaly_suppressed_cooldown,,,,
2026-07-07 15:34:27,Lab 301 (cam 2),anomaly_suppressed_cooldown,,,,
2026-07-07 15:34:27,Lab 301 (cam 2),anomaly_suppressed_cooldown,,,,
2026-07-07 15:34:27,Lab 301 (cam 2),anomaly_suppressed_cooldown,,,,
2026-07-07 15:34:27,Lab 301 (cam 2),anomaly_suppressed_cooldown,,,,
2026-07-07 15:34:27,Lab 301 (cam 2),anomaly_suppressed_cooldown,,,,
2026-07-07 15:34:27,Lab 301 (cam 2),anomaly_suppressed_cooldown,,,,
2026-07-07 15:34:28,Lab 301 (cam 2),anomaly_suppressed_cooldown,,,,
2026-07-07 15:34:28,Lab 301 (cam 2),anomaly_suppressed_cooldown,,,,
2026-07-07 15:34:28,Lab 301 (cam 2),anomaly_suppressed_cooldown,,,,
2026-07-07 15:34:28,Lab 301 (cam 2),anomaly_suppressed_cooldown,,,,
2026-07-07 15:34:28,Lab 301 (cam 2),anomaly_suppressed_cooldown,,,,
2026-07-07 15:34:28,Lab 301 (cam 2),anomaly_suppressed_cooldown,,,,
2026-07-07 15:34:30,Lab 301 (cam 2),anomaly_suppressed_cooldown,,,,
2026-07-07 15:34:30,Lab 301 (cam 2),anomaly_suppressed_cooldown,,,,
2026-07-07 15:34:30,Lab 301 (cam 2),anomaly_suppressed_cooldown,,,,
2026-07-07 15:34:30,Lab 301 (cam 2),anomaly_suppressed_cooldown,,,,
2026-07-07 15:34:30,Lab 301 (cam 2),anomaly_suppressed_cooldown,,,,
2026-07-07 15:34:30,Lab 301 (cam 2),anomaly_suppressed_cooldown,,,,
2026-07-07 15:34:31,Lab 301 (cam 2),anomaly_suppressed_cooldown,,,,
2026-07-07 15:34:31,Lab 301 (cam 2),anomaly_suppressed_cooldown,,,,
2026-07-07 15:34:31,Lab 301 (cam 2),anomaly_suppressed_cooldown,,,,
2026-07-07 15:34:31,Lab 301 (cam 2),anomaly_suppressed_cooldown,,,,
2026-07-07 15:34:32,Lab 301 (cam 2),anomaly_suppressed_cooldown,,,,
2026-07-07 15:34:32,Lab 301 (cam 2),anomaly_suppressed_cooldown,,,,
2026-07-07 15:34:32,Lab 301 (cam 2),anomaly_suppressed_cooldown,,,,
2026-07-07 15:34:32,Lab 301 (cam 2),anomaly_suppressed_cooldown,,,,
2026-07-07 15:34:32,Lab 301 (cam 2),anomaly_suppressed_cooldown,,,,
2026-07-07 15:34:32,Lab 301 (cam 2),anomaly_suppressed_cooldown,,,,
2026-07-07 15:34:32,Lab 301 (cam 2),anomaly_suppressed_cooldown,,,,
2026-07-07 15:34:33,Lab 301 (cam 2),anomaly_suppressed_cooldown,,,,
2026-07-07 15:34:33,Lab 301 (cam 2),anomaly_suppressed_cooldown,,,,
2026-07-07 15:34:33,Lab 301 (cam 2),anomaly_suppressed_cooldown,,,,
2026-07-07 15:34:33,Lab 301 (cam 2),anomaly_suppressed_cooldown,,,,
2026-07-07 15:34:33,Lab 301 (cam 2),anomaly_suppressed_cooldown,,,,
2026-07-07 15:34:33,Lab 301 (cam 2),anomaly_suppressed_cooldown,,,,
2026-07-07 15:34:33,Lab 301 (cam 2),anomaly_suppressed_cooldown,,,,
2026-07-07 15:34:33,Lab 301 (cam 2),anomaly_suppressed_cooldown,,,,
2026-07-07 15:34:33,Lab 301 (cam 2),anomaly_suppressed_cooldown,,,,
2026-07-07 15:34:33,Lab 301 (cam 2),anomaly_suppressed_cooldown,,,,
2026-07-07 15:34:33,Lab 301 (cam 2),anomaly_suppressed_cooldown,,,,
2026-07-07 15:34:33,Lab 301 (cam 2),anomaly_suppressed_cooldown,,,,
2026-07-07 15:34:33,Lab 301 (cam 2),anomaly_suppressed_cooldown,,,,
2026-07-07 15:34:33,Lab 301 (cam 2),anomaly_suppressed_cooldown,,,,
2026-07-07 15:34:33,Lab 301 (cam 2),anomaly_suppressed_cooldown,,,,
2026-07-07 15:34:33,Lab 301 (cam 2),anomaly_suppressed_cooldown,,,,
2026-07-07 15:34:33,Lab 301 (cam 2),anomaly_suppressed_cooldown,,,,
2026-07-07 15:34:33,Lab 301 (cam 2),anomaly_suppressed_cooldown,,,,
2026-07-07 15:34:33,Lab 301 (cam 2),anomaly_suppressed_cooldown,,,,
2026-07-07 15:34:33,Lab 301 (cam 2),anomaly_suppressed_cooldown,,,,
2026-07-07 15:34:33,Lab 301 (cam 2),anomaly_suppressed_cooldown,,,,
2026-07-07 15:34:33,Lab 301 (cam 2),anomaly_suppressed_cooldown,,,,
2026-07-07 15:34:33,Lab 301 (cam 2),anomaly_suppressed_cooldown,,,,
2026-07-07 15:34:33,Lab 301 (cam 2),anomaly_suppressed_cooldown,,,,
2026-07-07 15:34:33,Lab 301 (cam 2),anomaly_suppressed_cooldown,,,,
2026-07-07 15:34:33,Lab 301 (cam 2),anomaly_suppressed_cooldown,,,,
2026-07-07 15:34:34,Lab 301 (cam 2),anomaly_suppressed_cooldown,,,,
2026-07-07 15:34:34,Lab 301 (cam 2),anomaly_suppressed_cooldown,,,,
2026-07-07 15:34:34,Lab 301 (cam 2),anomaly_suppressed_cooldown,,,,
2026-07-07 15:34:34,Lab 301 (cam 2),anomaly_suppressed_cooldown,,,,
2026-07-07 15:34:34,Lab 301 (cam 2),anomaly_suppressed_cooldown,,,,
2026-07-07 15:34:34,Lab 301 (cam 2),anomaly_suppressed_cooldown,,,,
2026-07-07 15:34:34,Lab 301 (cam 2),anomaly_suppressed_cooldown,,,,
2026-07-07 15:34:34,Lab 301 (cam 2),anomaly_suppressed_cooldown,,,,
2026-07-07 15:34:34,Lab 301 (cam 2),anomaly_suppressed_cooldown,,,,
2026-07-07 15:34:34,Lab 301 (cam 2),anomaly_suppressed_cooldown,,,,
2026-07-07 15:34:34,Lab 301 (cam 2),anomaly_suppressed_cooldown,,,,
2026-07-07 15:34:35,Lab 301 (cam 2),anomaly_suppressed_cooldown,,,,
2026-07-07 15:34:35,Lab 301 (cam 2),anomaly_suppressed_cooldown,,,,
2026-07-07 15:34:35,Lab 301 (cam 2),anomaly_suppressed_cooldown,,,,
2026-07-07 15:34:35,Lab 301 (cam 2),anomaly_suppressed_cooldown,,,,
2026-07-07 15:34:35,Lab 301 (cam 2),anomaly_suppressed_cooldown,,,,
2026-07-07 15:34:35,Lab 301 (cam 2),anomaly_suppressed_cooldown,,,,
2026-07-07 15:34:35,Lab 301 (cam 2),anomaly_suppressed_cooldown,,,,
2026-07-07 15:34:35,Lab 301 (cam 2),anomaly_suppressed_cooldown,,,,
2026-07-07 15:34:35,Lab 301 (cam 2),anomaly_suppressed_cooldown,,,,
2026-07-07 15:34:35,Lab 301 (cam 2),anomaly_suppressed_cooldown,,,,
2026-07-07 15:34:35,Lab 301 (cam 2),anomaly_suppressed_cooldown,,,,
2026-07-07 15:34:35,Lab 301 (cam 2),anomaly_suppressed_cooldown,,,,
2026-07-07 15:34:35,Lab 301 (cam 2),anomaly_suppressed_cooldown,,,,
2026-07-07 15:34:35,Lab 301 (cam 2),anomaly_suppressed_cooldown,,,,
2026-07-07 15:34:35,Lab 301 (cam 2),anomaly_suppressed_cooldown,,,,
2026-07-07 15:34:35,Lab 301 (cam 2),anomaly_suppressed_cooldown,,,,
2026-07-07 15:34:35,Lab 301 (cam 2),anomaly_suppressed_cooldown,,,,
2026-07-07 15:34:35,Lab 301 (cam 2),anomaly_suppressed_cooldown,,,,
2026-07-07 15:34:36,Lab 301 (cam 2),anomaly_suppressed_cooldown,,,,
2026-07-07 15:34:36,Lab 301 (cam 2),anomaly_suppressed_cooldown,,,,
2026-07-07 15:34:36,Lab 301 (cam 2),anomaly_suppressed_cooldown,,,,
2026-07-07 15:34:36,Lab 301 (cam 2),anomaly_suppressed_cooldown,,,,
2026-07-07 15:34:36,Lab 301 (cam 2),anomaly_suppressed_cooldown,,,,
2026-07-07 15:34:36,Lab 301 (cam 2),anomaly_suppressed_cooldown,,,,
2026-07-07 15:34:36,Lab 301 (cam 2),anomaly_suppressed_cooldown,,,,
2026-07-07 15:34:36,Lab 301 (cam 2),anomaly_suppressed_cooldown,,,,
2026-07-07 15:34:36,Lab 301 (cam 2),anomaly_suppressed_cooldown,,,,
2026-07-07 15:34:36,Lab 301 (cam 2),anomaly_suppressed_cooldown,,,,
2026-07-07 15:34:36,Lab 301 (cam 2),anomaly_suppressed_cooldown,,,,
2026-07-07 15:34:36,Lab 301 (cam 2),anomaly_suppressed_cooldown,,,,
2026-07-07 15:34:36,Lab 301 (cam 2),anomaly_suppressed_cooldown,,,,
2026-07-07 15:34:36,Lab 301 (cam 2),anomaly_suppressed_cooldown,,,,
2026-07-07 15:34:36,Lab 301 (cam 2),anomaly_suppressed_cooldown,,,,
2026-07-07 15:34:36,Lab 301 (cam 2),anomaly_suppressed_cooldown,,,,
2026-07-07 15:34:36,Lab 301 (cam 2),anomaly_suppressed_cooldown,,,,
2026-07-07 15:34:36,Lab 301 (cam 2),anomaly_suppressed_cooldown,,,,
2026-07-07 15:34:36,Lab 301 (cam 2),anomaly_suppressed_cooldown,,,,
2026-07-07 15:34:36,Lab 301 (cam 2),anomaly_suppressed_cooldown,,,,
2026-07-07 15:34:36,Lab 301 (cam 2),anomaly_suppressed_cooldown,,,,
2026-07-07 15:34:36,Lab 301 (cam 2),anomaly_suppressed_cooldown,,,,
2026-07-07 15:34:36,Lab 301 (cam 2),anomaly_suppressed_cooldown,,,,
2026-07-07 15:34:36,Lab 301 (cam 2),anomaly_suppressed_cooldown,,,,
2026-07-07 15:34:36,Lab 301 (cam 2),anomaly_suppressed_cooldown,,,,
2026-07-07 15:34:37,Lab 301 (cam 2),anomaly_suppressed_cooldown,,,,
2026-07-07 15:34:37,Lab 301 (cam 2),anomaly_suppressed_cooldown,,,,
2026-07-07 15:34:37,Lab 301 (cam 2),anomaly_suppressed_cooldown,,,,
2026-07-07 15:34:37,Lab 301 (cam 2),anomaly_suppressed_cooldown,,,,
2026-07-07 15:34:37,Lab 301 (cam 2),anomaly_suppressed_cooldown,,,,
2026-07-07 15:34:37,Lab 301 (cam 2),anomaly_suppressed_cooldown,,,,
2026-07-07 15:34:37,Lab 301 (cam 2),anomaly_suppressed_cooldown,,,,
2026-07-07 15:34:37,Lab 301 (cam 2),anomaly_suppressed_cooldown,,,,
2026-07-07 15:34:37,Lab 301 (cam 2),anomaly_suppressed_cooldown,,,,
2026-07-07 15:34:37,Lab 301 (cam 2),anomaly_suppressed_cooldown,,,,
2026-07-07 15:34:37,Lab 301 (cam 2),anomaly_suppressed_cooldown,,,,
2026-07-07 15:34:37,Lab 301 (cam 2),anomaly_suppressed_cooldown,,,,
2026-07-07 15:34:37,Lab 301 (cam 2),anomaly_suppressed_cooldown,,,,
2026-07-07 15:34:37,Lab 301 (cam 2),anomaly_suppressed_cooldown,,,,
2026-07-07 15:34:37,Lab 301 (cam 2),anomaly_suppressed_cooldown,,,,
2026-07-07 15:34:37,Lab 301 (cam 2),anomaly_suppressed_cooldown,,,,
2026-07-07 15:34:37,Lab 301 (cam 2),anomaly_suppressed_cooldown,,,,
2026-07-07 15:34:37,Lab 301 (cam 2),anomaly_suppressed_cooldown,,,,
2026-07-07 15:34:37,Lab 301 (cam 2),anomaly_suppressed_cooldown,,,,
2026-07-07 15:34:37,Lab 301 (cam 2),anomaly_suppressed_cooldown,,,,
2026-07-07 15:34:37,Lab 301 (cam 2),anomaly_suppressed_cooldown,,,,
2026-07-07 15:34:37,Lab 301 (cam 2),anomaly_suppressed_cooldown,,,,
2026-07-07 15:34:37,Lab 301 (cam 2),anomaly_suppressed_cooldown,,,,
2026-07-07 15:34:37,Lab 301 (cam 2),anomaly_suppressed_cooldown,,,,
2026-07-07 15:34:38,Lab 301 (cam 2),anomaly_suppressed_cooldown,,,,
2026-07-07 15:34:38,Lab 301 (cam 2),anomaly_suppressed_cooldown,,,,
2026-07-07 15:34:38,Lab 301 (cam 2),anomaly_suppressed_cooldown,,,,
2026-07-07 15:34:38,Lab 301 (cam 2),anomaly_suppressed_cooldown,,,,
2026-07-07 15:34:38,Lab 301 (cam 2),anomaly_suppressed_cooldown,,,,
2026-07-07 15:34:38,Lab 301 (cam 2),anomaly_suppressed_cooldown,,,,
2026-07-07 15:34:38,Lab 301 (cam 2),anomaly_suppressed_cooldown,,,,
2026-07-07 15:34:38,Lab 301 (cam 2),anomaly_suppressed_cooldown,,,,
2026-07-07 15:34:38,Lab 301 (cam 2),anomaly_suppressed_cooldown,,,,
2026-07-07 15:34:38,Lab 301 (cam 2),anomaly_suppressed_cooldown,,,,
2026-07-07 15:34:38,Lab 301 (cam 2),anomaly_suppressed_cooldown,,,,
2026-07-07 15:34:38,Lab 301 (cam 2),anomaly_suppressed_cooldown,,,,
2026-07-07 15:34:38,Lab 301 (cam 2),anomaly_suppressed_cooldown,,,,
2026-07-07 15:34:38,Lab 301 (cam 2),anomaly_suppressed_cooldown,,,,
2026-07-07 15:34:38,Lab 301 (cam 2),anomaly_suppressed_cooldown,,,,
2026-07-07 15:34:38,Lab 301 (cam 2),anomaly_suppressed_cooldown,,,,
2026-07-07 15:34:38,Lab 301 (cam 2),anomaly_suppressed_cooldown,,,,
2026-07-07 15:34:38,Lab 301 (cam 2),anomaly_suppressed_cooldown,,,,
2026-07-07 15:34:38,Lab 301 (cam 2),anomaly_suppressed_cooldown,,,,
2026-07-07 15:34:38,Lab 301 (cam 2),anomaly_suppressed_cooldown,,,,
2026-07-07 15:34:38,Lab 301 (cam 2),anomaly_suppressed_cooldown,,,,
2026-07-07 15:34:38,Lab 301 (cam 2),anomaly_suppressed_cooldown,,,,
2026-07-07 15:34:38,Lab 301 (cam 2),anomaly_suppressed_cooldown,,,,
2026-07-07 15:34:38,Lab 301 (cam 2),anomaly_suppressed_cooldown,,,,
2026-07-07 15:34:38,Lab 301 (cam 2),anomaly_suppressed_cooldown,,,,
2026-07-07 15:34:39,Lab 301 (cam 2),anomaly_suppressed_cooldown,,,,
2026-07-07 15:34:39,Lab 301 (cam 2),anomaly_suppressed_cooldown,,,,
2026-07-07 15:34:39,Lab 301 (cam 2),anomaly_suppressed_cooldown,,,,
2026-07-07 15:34:39,Lab 301 (cam 2),anomaly_suppressed_cooldown,,,,
2026-07-07 15:34:39,Lab 301 (cam 2),anomaly_suppressed_cooldown,,,,
2026-07-07 15:34:39,Lab 301 (cam 2),anomaly,,snapshots\Lab_301_(cam_2)_20260707_153439.jpg,,
2026-07-07 15:34:39,Lab 301 (cam 2),anomaly_suppressed_cooldown,,,,
2026-07-07 15:34:39,Lab 301 (cam 2),anomaly_suppressed_cooldown,,,,
2026-07-07 15:34:39,Lab 301 (cam 2),anomaly_suppressed_cooldown,,,,
2026-07-07 15:34:39,Lab 301 (cam 2),anomaly_suppressed_cooldown,,,,
2026-07-07 15:34:39,Lab 301 (cam 2),anomaly_suppressed_cooldown,,,,
2026-07-07 15:34:39,Lab 301 (cam 2),anomaly_suppressed_cooldown,,,,
2026-07-07 15:34:39,Lab 301 (cam 2),anomaly_suppressed_cooldown,,,,
2026-07-07 15:34:39,Lab 301 (cam 2),anomaly_suppressed_cooldown,,,,
2026-07-07 15:34:39,Lab 301 (cam 2),anomaly_suppressed_cooldown,,,,
2026-07-07 15:34:39,Lab 301 (cam 2),anomaly_suppressed_cooldown,,,,
2026-07-07 15:34:39,Lab 301 (cam 2),anomaly_suppressed_cooldown,,,,
2026-07-07 15:34:39,Lab 301 (cam 2),anomaly_suppressed_cooldown,,,,
2026-07-07 15:34:39,Lab 301 (cam 2),anomaly_suppressed_cooldown,,,,
2026-07-07 15:34:39,Lab 301 (cam 2),anomaly_suppressed_cooldown,,,,
2026-07-07 15:34:39,Lab 301 (cam 2),anomaly_suppressed_cooldown,,,,
2026-07-07 15:34:39,Lab 301 (cam 2),anomaly_suppressed_cooldown,,,,
2026-07-07 15:34:39,Lab 301 (cam 2),anomaly_suppressed_cooldown,,,,
2026-07-07 15:34:39,Lab 301 (cam 2),anomaly_suppressed_cooldown,,,,
2026-07-07 15:34:40,Lab 301 (cam 2),anomaly_suppressed_cooldown,,,,
2026-07-07 15:34:40,Lab 301 (cam 2),anomaly_suppressed_cooldown,,,,
2026-07-07 15:34:40,Lab 301 (cam 2),anomaly_suppressed_cooldown,,,,
2026-07-07 15:34:40,Lab 301 (cam 2),anomaly_suppressed_cooldown,,,,
2026-07-07 15:34:40,Lab 301 (cam 2),anomaly_suppressed_cooldown,,,,
2026-07-07 15:34:40,Lab 301 (cam 2),anomaly_suppressed_cooldown,,,,
2026-07-07 15:34:40,Lab 301 (cam 2),anomaly_suppressed_cooldown,,,,
2026-07-07 15:34:40,Lab 301 (cam 2),anomaly_suppressed_cooldown,,,,
2026-07-07 15:34:40,Lab 301 (cam 2),anomaly_suppressed_cooldown,,,,
2026-07-07 15:34:40,Lab 301 (cam 2),anomaly_suppressed_cooldown,,,,
2026-07-07 15:34:40,Lab 301 (cam 2),anomaly_suppressed_cooldown,,,,
2026-07-07 15:34:40,Lab 301 (cam 2),anomaly_suppressed_cooldown,,,,
2026-07-07 15:34:40,Lab 301 (cam 2),anomaly_suppressed_cooldown,,,,
2026-07-07 15:34:40,Lab 301 (cam 2),anomaly_suppressed_cooldown,,,,
2026-07-07 15:34:40,Lab 301 (cam 2),anomaly_suppressed_cooldown,,,,
2026-07-07 15:34:40,Lab 301 (cam 2),anomaly_suppressed_cooldown,,,,
2026-07-07 15:34:41,Lab 301 (cam 2),anomaly_suppressed_cooldown,,,,
2026-07-07 15:34:41,Lab 301 (cam 2),anomaly_suppressed_cooldown,,,,
2026-07-07 15:34:41,Lab 301 (cam 2),anomaly_suppressed_cooldown,,,,
2026-07-07 15:34:41,Lab 301 (cam 2),anomaly_suppressed_cooldown,,,,
2026-07-07 15:34:41,Lab 301 (cam 2),anomaly_suppressed_cooldown,,,,
2026-07-07 15:34:41,Lab 301 (cam 2),anomaly_suppressed_cooldown,,,,
2026-07-07 15:34:41,Lab 301 (cam 2),anomaly_suppressed_cooldown,,,,
2026-07-07 15:34:41,Lab 301 (cam 2),anomaly_suppressed_cooldown,,,,
2026-07-07 15:34:41,Lab 301 (cam 2),anomaly_suppressed_cooldown,,,,
2026-07-07 15:34:41,Lab 301 (cam 2),anomaly_suppressed_cooldown,,,,
2026-07-07 15:34:41,Lab 301 (cam 2),anomaly_suppressed_cooldown,,,,
2026-07-07 15:34:41,Lab 301 (cam 2),anomaly_suppressed_cooldown,,,,
2026-07-07 15:34:42,Lab 301 (cam 2),anomaly_suppressed_cooldown,,,,
2026-07-07 15:34:45,Lab 301 (cam 2),anomaly_suppressed_cooldown,,,,
2026-07-07 15:34:45,Lab 301 (cam 2),anomaly_suppressed_cooldown,,,,
2026-07-07 15:34:45,Lab 301 (cam 2),anomaly_suppressed_cooldown,,,,
2026-07-07 15:34:45,Lab 301 (cam 2),anomaly_suppressed_cooldown,,,,
2026-07-07 15:34:46,Lab 301 (cam 2),anomaly_suppressed_cooldown,,,,
2026-07-07 15:34:46,Lab 301 (cam 2),anomaly_suppressed_cooldown,,,,
2026-07-07 15:34:46,Lab 301 (cam 2),anomaly_suppressed_cooldown,,,,
2026-07-07 15:34:46,Lab 301 (cam 2),anomaly_suppressed_cooldown,,,,
2026-07-07 15:34:46,Lab 301 (cam 2),anomaly_suppressed_cooldown,,,,
2026-07-07 15:34:46,Lab 301 (cam 2),anomaly_suppressed_cooldown,,,,
2026-07-07 15:34:46,Lab 301 (cam 2),anomaly_suppressed_cooldown,,,,
2026-07-07 15:34:46,Lab 301 (cam 2),anomaly_suppressed_cooldown,,,,
2026-07-07 15:34:46,Lab 301 (cam 2),anomaly_suppressed_cooldown,,,,
2026-07-07 15:34:46,Lab 301 (cam 2),anomaly_suppressed_cooldown,,,,
2026-07-07 15:34:46,Lab 301 (cam 2),anomaly_suppressed_cooldown,,,,
2026-07-07 15:34:46,Lab 301 (cam 2),anomaly_suppressed_cooldown,,,,
2026-07-07 15:34:46,Lab 301 (cam 2),anomaly_suppressed_cooldown,,,,
2026-07-07 15:34:46,Lab 301 (cam 2),anomaly_suppressed_cooldown,,,,
2026-07-07 15:34:46,Lab 301 (cam 2),anomaly_suppressed_cooldown,,,,
2026-07-07 15:34:46,Lab 301 (cam 2),anomaly_suppressed_cooldown,,,,
2026-07-07 15:34:46,Lab 301 (cam 2),anomaly_suppressed_cooldown,,,,
2026-07-07 15:34:46,Lab 301 (cam 2),anomaly_suppressed_cooldown,,,,
2026-07-07 15:34:46,Lab 301 (cam 2),anomaly_suppressed_cooldown,,,,
2026-07-07 15:34:46,Lab 301 (cam 2),anomaly_suppressed_cooldown,,,,
2026-07-07 15:34:47,Lab 301 (cam 2),anomaly_suppressed_cooldown,,,,
2026-07-07 15:34:47,Lab 301 (cam 2),anomaly_suppressed_cooldown,,,,
2026-07-07 15:34:47,Lab 301 (cam 2),anomaly_suppressed_cooldown,,,,
2026-07-07 15:34:47,Lab 301 (cam 2),anomaly_suppressed_cooldown,,,,
2026-07-07 15:34:47,Lab 301 (cam 2),anomaly_suppressed_cooldown,,,,
2026-07-07 15:34:47,Lab 301 (cam 2),anomaly_suppressed_cooldown,,,,
2026-07-07 15:34:47,Lab 301 (cam 2),anomaly_suppressed_cooldown,,,,
2026-07-07 15:34:47,Lab 301 (cam 2),anomaly_suppressed_cooldown,,,,
2026-07-07 15:34:47,Lab 301 (cam 2),anomaly_suppressed_cooldown,,,,
2026-07-07 15:34:47,Lab 301 (cam 2),anomaly_suppressed_cooldown,,,,
2026-07-07 15:34:47,Lab 301 (cam 2),anomaly_suppressed_cooldown,,,,
2026-07-07 15:34:47,Lab 301 (cam 2),anomaly_suppressed_cooldown,,,,
2026-07-07 15:34:47,Lab 301 (cam 2),anomaly_suppressed_cooldown,,,,
2026-07-07 15:34:47,Lab 301 (cam 2),anomaly_suppressed_cooldown,,,,
2026-07-07 15:34:47,Lab 301 (cam 2),anomaly_suppressed_cooldown,,,,
2026-07-07 15:34:47,Lab 301 (cam 2),anomaly_suppressed_cooldown,,,,
2026-07-07 15:34:47,Lab 301 (cam 2),anomaly_suppressed_cooldown,,,,
2026-07-07 15:34:47,Lab 301 (cam 2),anomaly_suppressed_cooldown,,,,
2026-07-07 15:34:47,Lab 301 (cam 2),anomaly_suppressed_cooldown,,,,
2026-07-07 15:34:47,Lab 301 (cam 2),anomaly_suppressed_cooldown,,,,
2026-07-07 15:34:47,Lab 301 (cam 2),anomaly_suppressed_cooldown,,,,
2026-07-07 15:34:47,Lab 301 (cam 2),anomaly_suppressed_cooldown,,,,
2026-07-07 15:34:47,Lab 301 (cam 2),anomaly_suppressed_cooldown,,,,
2026-07-07 15:34:48,Lab 301 (cam 2),anomaly_suppressed_cooldown,,,,
2026-07-07 15:34:48,Lab 301 (cam 2),anomaly_suppressed_cooldown,,,,
2026-07-07 15:34:48,Lab 301 (cam 2),anomaly_suppressed_cooldown,,,,
2026-07-07 15:34:48,Lab 301 (cam 2),anomaly_suppressed_cooldown,,,,
2026-07-07 15:34:48,Lab 301 (cam 2),anomaly_suppressed_cooldown,,,,
2026-07-07 15:34:48,Lab 301 (cam 2),anomaly_suppressed_cooldown,,,,
2026-07-07 15:34:48,Lab 301 (cam 2),anomaly_suppressed_cooldown,,,,
2026-07-07 15:34:48,Lab 301 (cam 2),anomaly_suppressed_cooldown,,,,
2026-07-07 15:34:48,Lab 301 (cam 2),anomaly_suppressed_cooldown,,,,
2026-07-07 15:34:48,Lab 301 (cam 1),anomaly_suppressed_cooldown,,,,
2026-07-07 15:34:48,Lab 301 (cam 2),anomaly_suppressed_cooldown,,,,
2026-07-07 15:34:48,Lab 301 (cam 1),anomaly_suppressed_cooldown,,,,
2026-07-07 15:34:48,Lab 301 (cam 1),anomaly_suppressed_cooldown,,,,
2026-07-07 15:34:48,Lab 301 (cam 2),anomaly_suppressed_cooldown,,,,
2026-07-07 15:34:48,Lab 301 (cam 1),anomaly_suppressed_cooldown,,,,
2026-07-07 15:34:48,Lab 301 (cam 2),anomaly_suppressed_cooldown,,,,
2026-07-07 15:34:48,Lab 301 (cam 1),anomaly_suppressed_cooldown,,,,
2026-07-07 15:34:48,Lab 301 (cam 2),anomaly_suppressed_cooldown,,,,
2026-07-07 15:34:48,Lab 301 (cam 1),anomaly_suppressed_cooldown,,,,
2026-07-07 15:34:48,Lab 301 (cam 2),anomaly_suppressed_cooldown,,,,
2026-07-07 15:34:48,Lab 301 (cam 1),anomaly_suppressed_cooldown,,,,
2026-07-07 15:34:48,Lab 301 (cam 2),anomaly_suppressed_cooldown,,,,
2026-07-07 15:34:48,Lab 301 (cam 2),anomaly_suppressed_cooldown,,,,
2026-07-07 15:34:48,Lab 301 (cam 1),anomaly_suppressed_cooldown,,,,
2026-07-07 15:34:48,Lab 301 (cam 1),anomaly_suppressed_cooldown,,,,
2026-07-07 15:34:48,Lab 301 (cam 2),anomaly_suppressed_cooldown,,,,
2026-07-07 15:34:48,Lab 301 (cam 2),anomaly_suppressed_cooldown,,,,
2026-07-07 15:34:48,Lab 301 (cam 1),anomaly_suppressed_cooldown,,,,
2026-07-07 15:34:48,Lab 301 (cam 1),anomaly_suppressed_cooldown,,,,
2026-07-07 15:34:48,Lab 301 (cam 2),anomaly_suppressed_cooldown,,,,
2026-07-07 15:34:48,Lab 301 (cam 1),anomaly_suppressed_cooldown,,,,
2026-07-07 15:34:48,Lab 301 (cam 2),anomaly_suppressed_cooldown,,,,
2026-07-07 15:34:48,Lab 301 (cam 2),anomaly_suppressed_cooldown,,,,
2026-07-07 15:34:48,Lab 301 (cam 1),anomaly_suppressed_cooldown,,,,
2026-07-07 15:34:48,Lab 301 (cam 1),anomaly_suppressed_cooldown,,,,
2026-07-07 15:34:48,Lab 301 (cam 2),anomaly_suppressed_cooldown,,,,
2026-07-07 15:34:48,Lab 301 (cam 1),anomaly_suppressed_cooldown,,,,
2026-07-07 15:34:48,Lab 301 (cam 1),anomaly_suppressed_cooldown,,,,
2026-07-07 15:34:48,Lab 301 (cam 1),anomaly_suppressed_cooldown,,,,
2026-07-07 15:34:48,Lab 301 (cam 1),anomaly_suppressed_cooldown,,,,
2026-07-07 15:34:49,Lab 301 (cam 1),anomaly_suppressed_cooldown,,,,
2026-07-07 15:34:49,Lab 301 (cam 1),anomaly_suppressed_cooldown,,,,
2026-07-07 15:34:49,Lab 301 (cam 1),anomaly_suppressed_cooldown,,,,
2026-07-07 15:34:49,Lab 301 (cam 1),anomaly_suppressed_cooldown,,,,
2026-07-07 15:34:49,Lab 301 (cam 1),anomaly_suppressed_cooldown,,,,
2026-07-07 15:34:49,Lab 301 (cam 1),anomaly_suppressed_cooldown,,,,
2026-07-07 15:34:49,Lab 301 (cam 1),anomaly_suppressed_cooldown,,,,
2026-07-07 15:34:49,Lab 301 (cam 2),anomaly_suppressed_cooldown,,,,
2026-07-07 15:34:49,Lab 301 (cam 1),anomaly_suppressed_cooldown,,,,
2026-07-07 15:34:49,Lab 301 (cam 2),anomaly_suppressed_cooldown,,,,
2026-07-07 15:34:49,Lab 301 (cam 1),anomaly_suppressed_cooldown,,,,
2026-07-07 15:34:49,Lab 301 (cam 2),anomaly_suppressed_cooldown,,,,
2026-07-07 15:34:49,Lab 301 (cam 2),anomaly_suppressed_cooldown,,,,
2026-07-07 15:34:49,Lab 301 (cam 1),anomaly_suppressed_cooldown,,,,
2026-07-07 15:34:49,Lab 301 (cam 2),anomaly_suppressed_cooldown,,,,
2026-07-07 15:34:49,Lab 301 (cam 1),anomaly_suppressed_cooldown,,,,
2026-07-07 15:34:49,Lab 301 (cam 2),anomaly_suppressed_cooldown,,,,
2026-07-07 15:34:49,Lab 301 (cam 1),anomaly_suppressed_cooldown,,,,
2026-07-07 15:34:49,Lab 301 (cam 2),anomaly_suppressed_cooldown,,,,
2026-07-07 15:34:49,Lab 301 (cam 1),anomaly_suppressed_cooldown,,,,
2026-07-07 15:34:49,Lab 301 (cam 2),anomaly_suppressed_cooldown,,,,
2026-07-07 15:34:49,Lab 301 (cam 1),anomaly_suppressed_cooldown,,,,
2026-07-07 15:34:49,Lab 301 (cam 2),anomaly_suppressed_cooldown,,,,
2026-07-07 15:34:49,Lab 301 (cam 1),anomaly_suppressed_cooldown,,,,
2026-07-07 15:34:49,Lab 301 (cam 1),anomaly_suppressed_cooldown,,,,
2026-07-07 15:34:49,Lab 301 (cam 2),anomaly_suppressed_cooldown,,,,
2026-07-07 15:34:49,Lab 301 (cam 1),anomaly_suppressed_cooldown,,,,
2026-07-07 15:34:49,Lab 301 (cam 1),anomaly_suppressed_cooldown,,,,
2026-07-07 15:34:49,Lab 301 (cam 1),anomaly_suppressed_cooldown,,,,
2026-07-07 15:34:49,Lab 301 (cam 1),anomaly_suppressed_cooldown,,,,
2026-07-07 15:34:49,Lab 301 (cam 1),anomaly_suppressed_cooldown,,,,
2026-07-07 15:34:49,Lab 301 (cam 1),anomaly_suppressed_cooldown,,,,
2026-07-07 15:34:49,Lab 301 (cam 1),anomaly_suppressed_cooldown,,,,
2026-07-07 15:34:49,Lab 301 (cam 1),anomaly_suppressed_cooldown,,,,
2026-07-07 15:34:49,Lab 301 (cam 2),anomaly_suppressed_cooldown,,,,
2026-07-07 15:34:49,Lab 301 (cam 1),anomaly_suppressed_cooldown,,,,
2026-07-07 15:34:49,Lab 301 (cam 2),anomaly_suppressed_cooldown,,,,
2026-07-07 15:34:49,Lab 301 (cam 2),anomaly_suppressed_cooldown,,,,
2026-07-07 15:34:49,Lab 301 (cam 1),anomaly_suppressed_cooldown,,,,
2026-07-07 15:34:49,Lab 301 (cam 1),anomaly_suppressed_cooldown,,,,
2026-07-07 15:34:49,Lab 301 (cam 2),anomaly_suppressed_cooldown,,,,
2026-07-07 15:34:49,Lab 301 (cam 1),anomaly_suppressed_cooldown,,,,
2026-07-07 15:34:50,Lab 301 (cam 1),anomaly_suppressed_cooldown,,,,
2026-07-07 15:34:50,Lab 301 (cam 2),anomaly_suppressed_cooldown,,,,
2026-07-07 15:34:50,Lab 301 (cam 1),anomaly_suppressed_cooldown,,,,
2026-07-07 15:34:50,Lab 301 (cam 2),anomaly_suppressed_cooldown,,,,
2026-07-07 15:34:50,Lab 301 (cam 1),anomaly_suppressed_cooldown,,,,
2026-07-07 15:34:50,Lab 301 (cam 2),anomaly_suppressed_cooldown,,,,
2026-07-07 15:34:50,Lab 301 (cam 1),anomaly_suppressed_cooldown,,,,
2026-07-07 15:34:50,Lab 301 (cam 1),anomaly_suppressed_cooldown,,,,
2026-07-07 15:34:50,Lab 301 (cam 1),anomaly_suppressed_cooldown,,,,
2026-07-07 15:34:50,Lab 301 (cam 1),anomaly_suppressed_cooldown,,,,
2026-07-07 15:34:50,Lab 301 (cam 1),anomaly_suppressed_cooldown,,,,
2026-07-07 15:34:50,Lab 301 (cam 1),anomaly_suppressed_cooldown,,,,
2026-07-07 15:34:50,Lab 301 (cam 1),anomaly_suppressed_cooldown,,,,
2026-07-07 15:34:50,Lab 301 (cam 1),anomaly_suppressed_cooldown,,,,
2026-07-07 15:34:50,Lab 301 (cam 1),anomaly_suppressed_cooldown,,,,
2026-07-07 15:34:50,Lab 301 (cam 1),anomaly_suppressed_cooldown,,,,
2026-07-07 15:34:50,Lab 301 (cam 1),anomaly_suppressed_cooldown,,,,
2026-07-07 15:34:50,Lab 301 (cam 1),anomaly_suppressed_cooldown,,,,
2026-07-07 15:34:50,Lab 301 (cam 1),anomaly_suppressed_cooldown,,,,
2026-07-07 15:34:50,Lab 301 (cam 2),anomaly_suppressed_cooldown,,,,
2026-07-07 15:34:50,Lab 301 (cam 1),anomaly_suppressed_cooldown,,,,
2026-07-07 15:34:50,Lab 301 (cam 2),anomaly_suppressed_cooldown,,,,
2026-07-07 15:34:50,Lab 301 (cam 1),anomaly_suppressed_cooldown,,,,
2026-07-07 15:34:50,Lab 301 (cam 2),anomaly_suppressed_cooldown,,,,
2026-07-07 15:34:50,Lab 301 (cam 1),anomaly_suppressed_cooldown,,,,
2026-07-07 15:34:50,Lab 301 (cam 1),anomaly_suppressed_cooldown,,,,
2026-07-07 15:34:50,Lab 301 (cam 1),anomaly_suppressed_cooldown,,,,
2026-07-07 15:34:50,Lab 301 (cam 1),anomaly_suppressed_cooldown,,,,
2026-07-07 15:34:50,Lab 301 (cam 1),anomaly_suppressed_cooldown,,,,
2026-07-07 15:34:50,Lab 301 (cam 1),anomaly_suppressed_cooldown,,,,
2026-07-07 15:34:50,Lab 301 (cam 1),anomaly_suppressed_cooldown,,,,
2026-07-07 15:34:50,Lab 301 (cam 1),anomaly_suppressed_cooldown,,,,
2026-07-07 15:34:50,Lab 301 (cam 1),anomaly_suppressed_cooldown,,,,
2026-07-07 15:34:50,Lab 301 (cam 1),anomaly_suppressed_cooldown,,,,
2026-07-07 15:34:51,Lab 301 (cam 1),anomaly_suppressed_cooldown,,,,
2026-07-07 15:34:51,Lab 301 (cam 1),anomaly_suppressed_cooldown,,,,
2026-07-07 15:34:51,Lab 301 (cam 1),anomaly_suppressed_cooldown,,,,
2026-07-07 15:34:51,Lab 301 (cam 1),anomaly_suppressed_cooldown,,,,
2026-07-07 15:34:51,Lab 301 (cam 1),anomaly_suppressed_cooldown,,,,
2026-07-07 15:34:51,Lab 301 (cam 1),anomaly_suppressed_cooldown,,,,
2026-07-07 15:34:51,Lab 301 (cam 1),anomaly_suppressed_cooldown,,,,
2026-07-07 15:34:51,Lab 301 (cam 1),anomaly_suppressed_cooldown,,,,
2026-07-07 15:34:51,Lab 301 (cam 1),anomaly_suppressed_cooldown,,,,
2026-07-07 15:34:51,Lab 301 (cam 1),anomaly_suppressed_cooldown,,,,
2026-07-07 15:34:51,Lab 301 (cam 1),anomaly_suppressed_cooldown,,,,
2026-07-07 15:34:51,Lab 301 (cam 1),anomaly_suppressed_cooldown,,,,
2026-07-07 15:34:51,Lab 301 (cam 1),anomaly_suppressed_cooldown,,,,
2026-07-07 15:34:52,Lab 301 (cam 1),anomaly_suppressed_cooldown,,,,
2026-07-07 15:34:52,Lab 301 (cam 1),anomaly_suppressed_cooldown,,,,
2026-07-07 15:34:52,Lab 301 (cam 1),anomaly_suppressed_cooldown,,,,
2026-07-07 15:34:52,Lab 301 (cam 1),anomaly_suppressed_cooldown,,,,
2026-07-07 15:34:52,Lab 301 (cam 1),anomaly_suppressed_cooldown,,,,
2026-07-07 15:34:52,Lab 301 (cam 1),anomaly_suppressed_cooldown,,,,
2026-07-07 15:34:52,Lab 301 (cam 1),anomaly_suppressed_cooldown,,,,
2026-07-07 15:34:52,Lab 301 (cam 1),anomaly_suppressed_cooldown,,,,
2026-07-07 15:34:52,Lab 301 (cam 1),anomaly_suppressed_cooldown,,,,
2026-07-07 15:34:52,Lab 301 (cam 1),anomaly_suppressed_cooldown,,,,
2026-07-07 15:34:52,Lab 301 (cam 1),anomaly_suppressed_cooldown,,,,
2026-07-07 15:34:52,Lab 301 (cam 1),anomaly_suppressed_cooldown,,,,
2026-07-07 15:34:52,Lab 301 (cam 1),anomaly_suppressed_cooldown,,,,
2026-07-07 15:34:52,Lab 301 (cam 1),anomaly_suppressed_cooldown,,,,
2026-07-07 15:34:52,Lab 301 (cam 1),anomaly_suppressed_cooldown,,,,
2026-07-07 15:34:52,Lab 301 (cam 1),anomaly_suppressed_cooldown,,,,
2026-07-07 15:34:52,Lab 301 (cam 1),anomaly_suppressed_cooldown,,,,
2026-07-07 15:34:52,Lab 301 (cam 1),anomaly_suppressed_cooldown,,,,
2026-07-07 15:34:52,Lab 301 (cam 1),anomaly_suppressed_cooldown,,,,
2026-07-07 15:34:52,Lab 301 (cam 1),anomaly_suppressed_cooldown,,,,
2026-07-07 15:34:52,Lab 301 (cam 1),anomaly_suppressed_cooldown,,,,
2026-07-07 15:34:52,Lab 301 (cam 1),anomaly_suppressed_cooldown,,,,
2026-07-07 15:34:52,Lab 301 (cam 1),anomaly_suppressed_cooldown,,,,
2026-07-07 15:34:52,Lab 301 (cam 1),anomaly_suppressed_cooldown,,,,
2026-07-07 15:34:52,Lab 301 (cam 1),anomaly_suppressed_cooldown,,,,
2026-07-07 15:34:53,Lab 301 (cam 1),anomaly_suppressed_cooldown,,,,
2026-07-07 15:34:53,Lab 301 (cam 1),anomaly_suppressed_cooldown,,,,
2026-07-07 15:34:53,Lab 301 (cam 1),anomaly_suppressed_cooldown,,,,
2026-07-07 15:34:53,Lab 301 (cam 1),anomaly_suppressed_cooldown,,,,
2026-07-07 15:34:53,Lab 301 (cam 1),anomaly_suppressed_cooldown,,,,
2026-07-07 15:34:53,Lab 301 (cam 1),anomaly_suppressed_cooldown,,,,
2026-07-07 15:34:53,Lab 301 (cam 1),anomaly_suppressed_cooldown,,,,
2026-07-07 15:34:53,Lab 301 (cam 1),anomaly_suppressed_cooldown,,,,
2026-07-07 15:34:53,Lab 301 (cam 1),anomaly_suppressed_cooldown,,,,
2026-07-07 15:34:53,Lab 301 (cam 1),anomaly_suppressed_cooldown,,,,
2026-07-07 15:34:53,Lab 301 (cam 1),anomaly_suppressed_cooldown,,,,
2026-07-07 15:34:53,Lab 301 (cam 1),anomaly_suppressed_cooldown,,,,
2026-07-07 15:34:53,Lab 301 (cam 1),anomaly_suppressed_cooldown,,,,
2026-07-07 15:34:53,Lab 301 (cam 1),anomaly_suppressed_cooldown,,,,
2026-07-07 15:34:53,Lab 301 (cam 1),anomaly_suppressed_cooldown,,,,
2026-07-07 15:34:53,Lab 301 (cam 1),anomaly,,snapshots\Lab_301_(cam_1)_20260707_153453.jpg,,
2026-07-07 15:34:53,Lab 301 (cam 1),anomaly_suppressed_cooldown,,,,
2026-07-07 15:34:53,Lab 301 (cam 1),anomaly_suppressed_cooldown,,,,
2026-07-07 15:34:53,Lab 301 (cam 1),anomaly_suppressed_cooldown,,,,
2026-07-07 15:34:53,Lab 301 (cam 1),anomaly_suppressed_cooldown,,,,
2026-07-07 15:34:53,Lab 301 (cam 1),anomaly_suppressed_cooldown,,,,
2026-07-07 15:34:53,Lab 301 (cam 1),anomaly_suppressed_cooldown,,,,
2026-07-07 15:34:53,Lab 301 (cam 1),anomaly_suppressed_cooldown,,,,
2026-07-07 15:34:53,Lab 301 (cam 1),anomaly_suppressed_cooldown,,,,
2026-07-07 15:34:54,Lab 301 (cam 1),anomaly_suppressed_cooldown,,,,
2026-07-07 15:34:54,Lab 301 (cam 1),anomaly_suppressed_cooldown,,,,
2026-07-07 15:34:54,Lab 301 (cam 1),anomaly_suppressed_cooldown,,,,
2026-07-07 15:34:54,Lab 301 (cam 1),anomaly_suppressed_cooldown,,,,
2026-07-07 15:34:54,Lab 301 (cam 1),anomaly_suppressed_cooldown,,,,
2026-07-07 15:34:54,Lab 301 (cam 1),anomaly_suppressed_cooldown,,,,
2026-07-07 15:34:54,Lab 301 (cam 1),anomaly_suppressed_cooldown,,,,
2026-07-07 15:34:54,Lab 301 (cam 1),anomaly_suppressed_cooldown,,,,
2026-07-07 15:34:55,Lab 301 (cam 1),anomaly_suppressed_cooldown,,,,
2026-07-07 15:34:55,Lab 301 (cam 1),anomaly_suppressed_cooldown,,,,
2026-07-07 15:34:55,Lab 301 (cam 1),anomaly_suppressed_cooldown,,,,
2026-07-07 15:34:55,Lab 301 (cam 2),anomaly_suppressed_cooldown,,,,
2026-07-07 15:34:55,Lab 301 (cam 2),anomaly_suppressed_cooldown,,,,
2026-07-07 15:34:55,Lab 301 (cam 1),anomaly_suppressed_cooldown,,,,
2026-07-07 15:34:55,Lab 301 (cam 2),anomaly_suppressed_cooldown,,,,
2026-07-07 15:34:55,Lab 301 (cam 2),anomaly_suppressed_cooldown,,,,
2026-07-07 15:34:55,Lab 301 (cam 1),anomaly_suppressed_cooldown,,,,
2026-07-07 15:34:55,Lab 301 (cam 1),anomaly_suppressed_cooldown,,,,
2026-07-07 15:34:55,Lab 301 (cam 2),anomaly_suppressed_cooldown,,,,
2026-07-07 15:34:55,Lab 301 (cam 1),anomaly_suppressed_cooldown,,,,
2026-07-07 15:34:55,Lab 301 (cam 2),anomaly_suppressed_cooldown,,,,
2026-07-07 15:34:56,Lab 301 (cam 1),anomaly_suppressed_cooldown,,,,
2026-07-07 15:34:56,Lab 301 (cam 2),anomaly_suppressed_cooldown,,,,
2026-07-07 15:34:56,Lab 301 (cam 1),anomaly_suppressed_cooldown,,,,
2026-07-07 15:34:56,Lab 301 (cam 2),anomaly_suppressed_cooldown,,,,
2026-07-07 15:34:56,Lab 301 (cam 1),anomaly_suppressed_cooldown,,,,
2026-07-07 15:34:56,Lab 301 (cam 2),anomaly_suppressed_cooldown,,,,
2026-07-07 15:34:56,Lab 301 (cam 1),anomaly_suppressed_cooldown,,,,
2026-07-07 15:34:56,Lab 301 (cam 2),anomaly_suppressed_cooldown,,,,
2026-07-07 15:34:56,Lab 301 (cam 2),anomaly_suppressed_cooldown,,,,
2026-07-07 15:34:56,Lab 301 (cam 2),anomaly_suppressed_cooldown,,,,
2026-07-07 15:34:56,Lab 301 (cam 2),anomaly_suppressed_cooldown,,,,
2026-07-07 15:34:56,Lab 301 (cam 2),anomaly_suppressed_cooldown,,,,
2026-07-07 15:34:56,Lab 301 (cam 2),anomaly_suppressed_cooldown,,,,
2026-07-07 15:34:56,Lab 301 (cam 2),anomaly_suppressed_cooldown,,,,
2026-07-07 15:34:56,Lab 301 (cam 1),anomaly_suppressed_cooldown,,,,
2026-07-07 15:34:56,Lab 301 (cam 1),anomaly_suppressed_cooldown,,,,
2026-07-07 15:34:56,Lab 301 (cam 2),anomaly_suppressed_cooldown,,,,
2026-07-07 15:34:56,Lab 301 (cam 1),anomaly_suppressed_cooldown,,,,
2026-07-07 15:34:56,Lab 301 (cam 1),anomaly_suppressed_cooldown,,,,
2026-07-07 15:34:56,Lab 301 (cam 1),anomaly_suppressed_cooldown,,,,
2026-07-07 15:34:56,Lab 301 (cam 1),anomaly_suppressed_cooldown,,,,
2026-07-07 15:34:56,Lab 301 (cam 1),anomaly_suppressed_cooldown,,,,
2026-07-07 15:34:56,Lab 301 (cam 1),anomaly_suppressed_cooldown,,,,
2026-07-07 15:34:56,Lab 301 (cam 1),anomaly_suppressed_cooldown,,,,
2026-07-07 15:34:57,Lab 301 (cam 1),anomaly_suppressed_cooldown,,,,
2026-07-07 15:34:57,Lab 301 (cam 1),anomaly_suppressed_cooldown,,,,
2026-07-07 15:34:57,Lab 301 (cam 1),anomaly_suppressed_cooldown,,,,
2026-07-07 15:34:57,Lab 301 (cam 1),anomaly_suppressed_cooldown,,,,
2026-07-07 15:34:57,Lab 301 (cam 1),anomaly_suppressed_cooldown,,,,
2026-07-07 15:34:57,Lab 301 (cam 1),anomaly_suppressed_cooldown,,,,
2026-07-07 15:34:57,Lab 301 (cam 1),anomaly_suppressed_cooldown,,,,
2026-07-07 15:34:57,Lab 301 (cam 1),anomaly_suppressed_cooldown,,,,
2026-07-07 15:34:57,Lab 301 (cam 1),anomaly_suppressed_cooldown,,,,
2026-07-07 15:35:00,Lab 301 (cam 1),anomaly_suppressed_cooldown,,,,
2026-07-07 15:35:01,Lab 301 (cam 2),anomaly_suppressed_cooldown,,,,
2026-07-07 15:35:01,Lab 301 (cam 2),anomaly_suppressed_cooldown,,,,
2026-07-07 15:35:01,Lab 301 (cam 2),anomaly_suppressed_cooldown,,,,
2026-07-07 15:35:01,Lab 301 (cam 2),anomaly_suppressed_cooldown,,,,
2026-07-07 15:35:01,Lab 301 (cam 2),anomaly_suppressed_cooldown,,,,
2026-07-07 15:35:01,Lab 301 (cam 2),anomaly_suppressed_cooldown,,,,
2026-07-07 15:35:01,Lab 301 (cam 2),anomaly_suppressed_cooldown,,,,
2026-07-07 15:35:01,Lab 301 (cam 2),anomaly_suppressed_cooldown,,,,
2026-07-07 15:35:01,Lab 301 (cam 2),anomaly_suppressed_cooldown,,,,
2026-07-07 15:35:01,Lab 301 (cam 2),anomaly_suppressed_cooldown,,,,
2026-07-07 15:35:01,Lab 301 (cam 2),anomaly_suppressed_cooldown,,,,
2026-07-07 15:35:01,Lab 301 (cam 2),anomaly_suppressed_cooldown,,,,
2026-07-07 15:35:01,Lab 301 (cam 2),anomaly_suppressed_cooldown,,,,
2026-07-07 15:35:01,Lab 301 (cam 2),anomaly_suppressed_cooldown,,,,
2026-07-07 15:35:01,Lab 301 (cam 2),anomaly_suppressed_cooldown,,,,
2026-07-07 15:35:01,Lab 301 (cam 2),anomaly_suppressed_cooldown,,,,
2026-07-07 15:35:01,Lab 301 (cam 2),anomaly_suppressed_cooldown,,,,
2026-07-07 15:35:01,Lab 301 (cam 2),anomaly_suppressed_cooldown,,,,
2026-07-07 15:35:02,Lab 301 (cam 2),anomaly_suppressed_cooldown,,,,
2026-07-07 15:35:02,Lab 301 (cam 2),anomaly_suppressed_cooldown,,,,
2026-07-07 15:35:02,Lab 301 (cam 2),anomaly_suppressed_cooldown,,,,
2026-07-07 15:35:02,Lab 301 (cam 2),anomaly_suppressed_cooldown,,,,
2026-07-07 15:35:02,Lab 301 (cam 2),anomaly_suppressed_cooldown,,,,
2026-07-07 15:35:02,Lab 301 (cam 2),anomaly_suppressed_cooldown,,,,
2026-07-07 15:35:02,Lab 301 (cam 2),anomaly_suppressed_cooldown,,,,
2026-07-07 15:35:02,Lab 301 (cam 2),anomaly_suppressed_cooldown,,,,
2026-07-07 15:35:02,Lab 301 (cam 2),anomaly_suppressed_cooldown,,,,
2026-07-07 15:35:02,Lab 301 (cam 2),anomaly_suppressed_cooldown,,,,
2026-07-07 15:35:02,Lab 301 (cam 2),anomaly_suppressed_cooldown,,,,
2026-07-07 15:35:02,Lab 301 (cam 2),anomaly_suppressed_cooldown,,,,
2026-07-07 15:35:02,Lab 301 (cam 2),anomaly_suppressed_cooldown,,,,
2026-07-07 15:35:02,Lab 301 (cam 2),anomaly_suppressed_cooldown,,,,
2026-07-07 15:35:02,Lab 301 (cam 2),anomaly_suppressed_cooldown,,,,
2026-07-07 15:35:02,Lab 301 (cam 2),anomaly_suppressed_cooldown,,,,
2026-07-07 15:35:02,Lab 301 (cam 2),anomaly_suppressed_cooldown,,,,
2026-07-07 15:35:02,Lab 301 (cam 2),anomaly_suppressed_cooldown,,,,
2026-07-07 15:35:02,Lab 301 (cam 2),anomaly_suppressed_cooldown,,,,
2026-07-07 15:35:02,Lab 301 (cam 2),anomaly_suppressed_cooldown,,,,
2026-07-07 15:35:02,Lab 301 (cam 2),anomaly_suppressed_cooldown,,,,
2026-07-07 15:35:02,Lab 301 (cam 2),anomaly_suppressed_cooldown,,,,
2026-07-07 15:35:02,Lab 301 (cam 2),anomaly_suppressed_cooldown,,,,
2026-07-07 15:35:02,Lab 301 (cam 2),anomaly_suppressed_cooldown,,,,
2026-07-07 15:35:02,Lab 301 (cam 2),anomaly_suppressed_cooldown,,,,
2026-07-07 15:35:02,Lab 301 (cam 2),anomaly_suppressed_cooldown,,,,
2026-07-07 15:35:02,Lab 301 (cam 2),anomaly_suppressed_cooldown,,,,
2026-07-07 15:35:02,Lab 301 (cam 2),anomaly_suppressed_cooldown,,,,
2026-07-07 15:35:03,Lab 301 (cam 2),anomaly_suppressed_cooldown,,,,
2026-07-07 15:35:03,Lab 301 (cam 2),anomaly_suppressed_cooldown,,,,
2026-07-07 15:35:03,Lab 301 (cam 2),anomaly_suppressed_cooldown,,,,
2026-07-07 15:35:03,Lab 301 (cam 2),anomaly_suppressed_cooldown,,,,
2026-07-07 15:35:03,Lab 301 (cam 2),anomaly_suppressed_cooldown,,,,
2026-07-07 15:35:03,Lab 301 (cam 2),anomaly_suppressed_cooldown,,,,
2026-07-07 15:35:03,Lab 301 (cam 2),anomaly_suppressed_cooldown,,,,
2026-07-07 15:35:03,Lab 301 (cam 2),anomaly_suppressed_cooldown,,,,
2026-07-07 15:35:03,Lab 301 (cam 2),anomaly_suppressed_cooldown,,,,
2026-07-07 15:35:03,Lab 301 (cam 2),anomaly_suppressed_cooldown,,,,
2026-07-07 15:35:03,Lab 301 (cam 2),anomaly_suppressed_cooldown,,,,
2026-07-07 15:35:03,Lab 301 (cam 2),anomaly_suppressed_cooldown,,,,
2026-07-07 15:35:03,Lab 301 (cam 2),anomaly_suppressed_cooldown,,,,
2026-07-07 15:35:03,Lab 301 (cam 2),anomaly_suppressed_cooldown,,,,
2026-07-07 15:35:03,Lab 301 (cam 2),anomaly_suppressed_cooldown,,,,
2026-07-07 15:35:03,Lab 301 (cam 2),anomaly_suppressed_cooldown,,,,
2026-07-07 15:35:03,Lab 301 (cam 2),anomaly_suppressed_cooldown,,,,
2026-07-07 15:35:03,Lab 301 (cam 2),anomaly_suppressed_cooldown,,,,
2026-07-07 15:35:03,Lab 301 (cam 2),anomaly_suppressed_cooldown,,,,
2026-07-07 15:35:03,Lab 301 (cam 2),anomaly_suppressed_cooldown,,,,
2026-07-07 15:35:03,Lab 301 (cam 2),anomaly_suppressed_cooldown,,,,
2026-07-07 15:35:03,Lab 301 (cam 2),anomaly_suppressed_cooldown,,,,
2026-07-07 15:35:03,Lab 301 (cam 2),anomaly_suppressed_cooldown,,,,
2026-07-07 15:35:04,Lab 301 (cam 2),anomaly_suppressed_cooldown,,,,
2026-07-07 15:35:04,Lab 301 (cam 2),anomaly_suppressed_cooldown,,,,
2026-07-07 15:35:04,Lab 301 (cam 2),anomaly_suppressed_cooldown,,,,
2026-07-07 15:35:04,Lab 301 (cam 2),anomaly_suppressed_cooldown,,,,
2026-07-07 15:35:04,Lab 301 (cam 2),anomaly_suppressed_cooldown,,,,
2026-07-07 15:35:04,Lab 301 (cam 2),anomaly_suppressed_cooldown,,,,
2026-07-07 15:35:04,Lab 301 (cam 2),anomaly_suppressed_cooldown,,,,
2026-07-07 15:35:05,Lab 301 (cam 2),anomaly_suppressed_cooldown,,,,
2026-07-07 15:35:05,Lab 301 (cam 2),anomaly_suppressed_cooldown,,,,
2026-07-07 15:35:05,Lab 301 (cam 2),anomaly_suppressed_cooldown,,,,
2026-07-07 15:35:05,Lab 301 (cam 2),anomaly_suppressed_cooldown,,,,
2026-07-07 15:35:05,Lab 301 (cam 2),anomaly_suppressed_cooldown,,,,
2026-07-07 15:35:05,Lab 301 (cam 2),anomaly_suppressed_cooldown,,,,
2026-07-07 15:35:05,Lab 301 (cam 2),anomaly_suppressed_cooldown,,,,
2026-07-07 15:35:06,Lab 301 (cam 2),anomaly_suppressed_cooldown,,,,
2026-07-07 15:35:06,Lab 301 (cam 2),anomaly_suppressed_cooldown,,,,
2026-07-07 15:35:06,Lab 301 (cam 2),anomaly_suppressed_cooldown,,,,
2026-07-07 15:35:06,Lab 301 (cam 2),anomaly_suppressed_cooldown,,,,
2026-07-07 15:35:06,Lab 301 (cam 2),anomaly_suppressed_cooldown,,,,
2026-07-07 15:35:06,Lab 301 (cam 2),anomaly_suppressed_cooldown,,,,
2026-07-07 15:35:06,Lab 301 (cam 2),anomaly_suppressed_cooldown,,,,
2026-07-07 15:35:06,Lab 301 (cam 2),anomaly_suppressed_cooldown,,,,
2026-07-07 15:35:06,Lab 301 (cam 2),anomaly_suppressed_cooldown,,,,
2026-07-07 15:35:06,Lab 301 (cam 2),anomaly_suppressed_cooldown,,,,
2026-07-07 15:35:06,Lab 301 (cam 2),anomaly_suppressed_cooldown,,,,
2026-07-07 15:35:06,Lab 301 (cam 2),anomaly_suppressed_cooldown,,,,
2026-07-07 15:35:06,Lab 301 (cam 2),anomaly_suppressed_cooldown,,,,
2026-07-07 15:35:06,Lab 301 (cam 2),anomaly_suppressed_cooldown,,,,
2026-07-07 15:35:06,Lab 301 (cam 2),anomaly_suppressed_cooldown,,,,
2026-07-07 15:35:07,Lab 301 (cam 2),anomaly_suppressed_cooldown,,,,
2026-07-07 15:35:07,Lab 301 (cam 2),anomaly_suppressed_cooldown,,,,
2026-07-07 15:35:08,Lab 301 (cam 2),anomaly_suppressed_cooldown,,,,
2026-07-07 15:35:08,Lab 301 (cam 2),anomaly_suppressed_cooldown,,,,
2026-07-07 15:35:08,Lab 301 (cam 2),anomaly_suppressed_cooldown,,,,
2026-07-07 15:35:08,Lab 301 (cam 2),anomaly_suppressed_cooldown,,,,
2026-07-07 15:35:08,Lab 301 (cam 2),anomaly_suppressed_cooldown,,,,
2026-07-07 15:35:08,Lab 301 (cam 2),anomaly_suppressed_cooldown,,,,
2026-07-07 15:35:08,Lab 301 (cam 2),anomaly_suppressed_cooldown,,,,
2026-07-07 15:35:08,Lab 301 (cam 2),anomaly_suppressed_cooldown,,,,
2026-07-07 15:35:08,Lab 301 (cam 2),anomaly_suppressed_cooldown,,,,
2026-07-07 15:35:08,Lab 301 (cam 2),anomaly_suppressed_cooldown,,,,
2026-07-07 15:35:08,Lab 301 (cam 2),anomaly_suppressed_cooldown,,,,
2026-07-07 15:35:08,Lab 301 (cam 2),anomaly_suppressed_cooldown,,,,
2026-07-07 15:35:08,Lab 301 (cam 2),anomaly_suppressed_cooldown,,,,
2026-07-07 15:35:11,Lab 301 (cam 1),anomaly_suppressed_cooldown,,,,
2026-07-07 15:35:13,Lab 301 (cam 2),anomaly_suppressed_cooldown,,,,
2026-07-07 15:35:13,Lab 301 (cam 2),anomaly_suppressed_cooldown,,,,
2026-07-07 15:35:13,Lab 301 (cam 2),anomaly_suppressed_cooldown,,,,
2026-07-07 15:35:13,Lab 301 (cam 2),anomaly_suppressed_cooldown,,,,
2026-07-07 15:35:13,Lab 301 (cam 2),anomaly_suppressed_cooldown,,,,
2026-07-07 15:35:13,Lab 301 (cam 2),anomaly_suppressed_cooldown,,,,
2026-07-07 15:35:14,Lab 301 (cam 2),anomaly_suppressed_cooldown,,,,
2026-07-07 15:35:14,Lab 301 (cam 2),anomaly_suppressed_cooldown,,,,
2026-07-07 15:35:14,Lab 301 (cam 2),anomaly_suppressed_cooldown,,,,
2026-07-07 15:35:14,Lab 301 (cam 2),anomaly_suppressed_cooldown,,,,
2026-07-07 15:35:14,Lab 301 (cam 2),anomaly_suppressed_cooldown,,,,
2026-07-07 15:35:14,Lab 301 (cam 2),anomaly_suppressed_cooldown,,,,
2026-07-07 15:35:14,Lab 301 (cam 2),anomaly_suppressed_cooldown,,,,
2026-07-07 15:35:14,Lab 301 (cam 2),anomaly_suppressed_cooldown,,,,
2026-07-07 15:35:14,Lab 301 (cam 2),anomaly_suppressed_cooldown,,,,
2026-07-07 15:35:14,Lab 301 (cam 2),anomaly_suppressed_cooldown,,,,
2026-07-07 15:35:14,Lab 301 (cam 2),anomaly_suppressed_cooldown,,,,
2026-07-07 15:35:14,Lab 301 (cam 2),anomaly_suppressed_cooldown,,,,
2026-07-07 15:35:14,Lab 301 (cam 2),anomaly_suppressed_cooldown,,,,
2026-07-07 15:35:14,Lab 301 (cam 2),anomaly_suppressed_cooldown,,,,
2026-07-07 15:35:14,Lab 301 (cam 2),anomaly_suppressed_cooldown,,,,
2026-07-07 15:35:14,Lab 301 (cam 2),anomaly_suppressed_cooldown,,,,
2026-07-07 15:35:14,Lab 301 (cam 2),anomaly_suppressed_cooldown,,,,
2026-07-07 15:35:14,Lab 301 (cam 2),anomaly_suppressed_cooldown,,,,
2026-07-07 15:35:14,Lab 301 (cam 2),anomaly_suppressed_cooldown,,,,
2026-07-07 15:35:14,Lab 301 (cam 2),anomaly_suppressed_cooldown,,,,
2026-07-07 15:35:14,Lab 301 (cam 2),anomaly_suppressed_cooldown,,,,
2026-07-07 15:35:14,Lab 301 (cam 2),anomaly_suppressed_cooldown,,,,
2026-07-07 15:35:14,Lab 301 (cam 2),anomaly_suppressed_cooldown,,,,
2026-07-07 15:35:14,Lab 301 (cam 1),anomaly_suppressed_cooldown,,,,
2026-07-07 15:35:14,Lab 301 (cam 1),anomaly_suppressed_cooldown,,,,
2026-07-07 15:35:14,Lab 301 (cam 1),anomaly_suppressed_cooldown,,,,
2026-07-07 15:35:14,Lab 301 (cam 1),anomaly_suppressed_cooldown,,,,
2026-07-07 15:35:15,Lab 301 (cam 1),anomaly_suppressed_cooldown,,,,
2026-07-07 15:35:15,Lab 301 (cam 1),anomaly_suppressed_cooldown,,,,
2026-07-07 15:35:15,Lab 301 (cam 1),anomaly_suppressed_cooldown,,,,
2026-07-07 15:35:15,Lab 301 (cam 1),anomaly_suppressed_cooldown,,,,
2026-07-07 15:35:15,Lab 301 (cam 1),anomaly_suppressed_cooldown,,,,
2026-07-07 15:35:15,Lab 301 (cam 1),anomaly_suppressed_cooldown,,,,
2026-07-07 15:35:15,Lab 301 (cam 1),anomaly_suppressed_cooldown,,,,
2026-07-07 15:35:15,Lab 301 (cam 1),anomaly_suppressed_cooldown,,,,
2026-07-07 15:35:15,Lab 301 (cam 1),anomaly_suppressed_cooldown,,,,
2026-07-07 15:35:15,Lab 301 (cam 1),anomaly_suppressed_cooldown,,,,
2026-07-07 15:35:15,Lab 301 (cam 1),anomaly_suppressed_cooldown,,,,
2026-07-07 15:35:15,Lab 301 (cam 1),anomaly_suppressed_cooldown,,,,
2026-07-07 15:35:15,Lab 301 (cam 1),anomaly_suppressed_cooldown,,,,
2026-07-07 15:35:15,Lab 301 (cam 1),anomaly_suppressed_cooldown,,,,
2026-07-07 15:35:15,Lab 301 (cam 1),anomaly_suppressed_cooldown,,,,
2026-07-07 15:35:15,Lab 301 (cam 1),anomaly_suppressed_cooldown,,,,
2026-07-07 15:35:15,Lab 301 (cam 1),anomaly_suppressed_cooldown,,,,
2026-07-07 15:35:15,Lab 301 (cam 1),anomaly_suppressed_cooldown,,,,
2026-07-07 15:35:15,Lab 301 (cam 1),anomaly_suppressed_cooldown,,,,
2026-07-07 15:35:16,Lab 301 (cam 1),anomaly_suppressed_cooldown,,,,
2026-07-07 15:35:16,Lab 301 (cam 1),anomaly_suppressed_cooldown,,,,
2026-07-07 15:35:16,Lab 301 (cam 2),anomaly_suppressed_cooldown,,,,
2026-07-07 15:35:16,Lab 301 (cam 2),anomaly_suppressed_cooldown,,,,
2026-07-07 15:35:16,Lab 301 (cam 2),anomaly_suppressed_cooldown,,,,
2026-07-07 15:35:16,Lab 301 (cam 2),anomaly_suppressed_cooldown,,,,
2026-07-07 15:35:16,Lab 301 (cam 1),anomaly_suppressed_cooldown,,,,
2026-07-07 15:35:16,Lab 301 (cam 2),anomaly_suppressed_cooldown,,,,
2026-07-07 15:35:16,Lab 301 (cam 2),anomaly_suppressed_cooldown,,,,
2026-07-07 15:35:16,Lab 301 (cam 2),anomaly_suppressed_cooldown,,,,
2026-07-07 15:35:16,Lab 301 (cam 2),anomaly_suppressed_cooldown,,,,
2026-07-07 15:35:16,Lab 301 (cam 2),anomaly_suppressed_cooldown,,,,
2026-07-07 15:35:16,Lab 301 (cam 2),anomaly_suppressed_cooldown,,,,
2026-07-07 15:35:16,Lab 301 (cam 2),anomaly_suppressed_cooldown,,,,
2026-07-07 15:35:16,Lab 301 (cam 2),anomaly_suppressed_cooldown,,,,
2026-07-07 15:35:16,Lab 301 (cam 2),anomaly_suppressed_cooldown,,,,
2026-07-07 15:35:16,Lab 301 (cam 2),anomaly_suppressed_cooldown,,,,
2026-07-07 15:35:16,Lab 301 (cam 2),anomaly_suppressed_cooldown,,,,
2026-07-07 15:35:16,Lab 301 (cam 2),anomaly_suppressed_cooldown,,,,
2026-07-07 15:35:16,Lab 301 (cam 2),anomaly_suppressed_cooldown,,,,
2026-07-07 15:35:16,Lab 301 (cam 2),anomaly_suppressed_cooldown,,,,
2026-07-07 15:35:16,Lab 301 (cam 2),anomaly_suppressed_cooldown,,,,
2026-07-07 15:35:16,Lab 301 (cam 2),anomaly_suppressed_cooldown,,,,
2026-07-07 15:35:16,Lab 301 (cam 1),anomaly_suppressed_cooldown,,,,
2026-07-07 15:35:16,Lab 301 (cam 2),anomaly_suppressed_cooldown,,,,
2026-07-07 15:35:16,Lab 301 (cam 2),anomaly_suppressed_cooldown,,,,
2026-07-07 15:35:16,Lab 301 (cam 2),anomaly_suppressed_cooldown,,,,
2026-07-07 15:35:16,Lab 301 (cam 2),anomaly_suppressed_cooldown,,,,
2026-07-07 15:35:16,Lab 301 (cam 2),anomaly_suppressed_cooldown,,,,
2026-07-07 15:35:17,Lab 301 (cam 2),anomaly_suppressed_cooldown,,,,
2026-07-07 15:35:17,Lab 301 (cam 2),anomaly_suppressed_cooldown,,,,
2026-07-07 15:35:17,Lab 301 (cam 2),anomaly_suppressed_cooldown,,,,
2026-07-07 15:35:17,Lab 301 (cam 2),anomaly_suppressed_cooldown,,,,
2026-07-07 15:35:17,Lab 301 (cam 2),anomaly_suppressed_cooldown,,,,
2026-07-07 15:35:17,Lab 301 (cam 2),anomaly_suppressed_cooldown,,,,
2026-07-07 15:35:17,Lab 301 (cam 2),anomaly_suppressed_cooldown,,,,
2026-07-07 15:35:17,Lab 301 (cam 2),anomaly_suppressed_cooldown,,,,
2026-07-07 15:35:17,Lab 301 (cam 2),anomaly_suppressed_cooldown,,,,
2026-07-07 15:35:17,Lab 301 (cam 2),anomaly_suppressed_cooldown,,,,
2026-07-07 15:35:17,Lab 301 (cam 2),anomaly_suppressed_cooldown,,,,
2026-07-07 15:35:17,Lab 301 (cam 2),anomaly_suppressed_cooldown,,,,
2026-07-07 15:35:17,Lab 301 (cam 2),anomaly_suppressed_cooldown,,,,
2026-07-07 15:35:17,Lab 301 (cam 2),anomaly_suppressed_cooldown,,,,
2026-07-07 15:35:17,Lab 301 (cam 2),anomaly_suppressed_cooldown,,,,
2026-07-07 15:35:17,Lab 301 (cam 1),anomaly_suppressed_cooldown,,,,
2026-07-07 15:35:17,Lab 301 (cam 2),anomaly_suppressed_cooldown,,,,
2026-07-07 15:35:17,Lab 301 (cam 1),anomaly_suppressed_cooldown,,,,
2026-07-07 15:35:17,Lab 301 (cam 2),anomaly_suppressed_cooldown,,,,
2026-07-07 15:35:17,Lab 301 (cam 1),anomaly_suppressed_cooldown,,,,
2026-07-07 15:35:17,Lab 301 (cam 2),anomaly_suppressed_cooldown,,,,
2026-07-07 15:35:17,Lab 301 (cam 2),anomaly_suppressed_cooldown,,,,
2026-07-07 15:35:17,Lab 301 (cam 2),anomaly_suppressed_cooldown,,,,
2026-07-07 15:35:17,Lab 301 (cam 2),anomaly_suppressed_cooldown,,,,
2026-07-07 15:35:20,Lab 301 (cam 2),anomaly_suppressed_cooldown,,,,
2026-07-07 15:35:20,Lab 301 (cam 2),anomaly_suppressed_cooldown,,,,
2026-07-07 15:35:20,Lab 301 (cam 2),anomaly_suppressed_cooldown,,,,
2026-07-07 15:35:20,Lab 301 (cam 2),anomaly_suppressed_cooldown,,,,
2026-07-07 15:35:21,Lab 301 (cam 2),anomaly_suppressed_cooldown,,,,
2026-07-07 15:35:21,Lab 301 (cam 2),anomaly_suppressed_cooldown,,,,
2026-07-07 15:35:21,Lab 301 (cam 2),anomaly_suppressed_cooldown,,,,
2026-07-07 15:35:21,Lab 301 (cam 2),anomaly_suppressed_cooldown,,,,
2026-07-07 15:35:21,Lab 301 (cam 2),anomaly_suppressed_cooldown,,,,
2026-07-07 15:35:21,Lab 301 (cam 2),anomaly_suppressed_cooldown,,,,
2026-07-07 15:35:21,Lab 301 (cam 2),anomaly_suppressed_cooldown,,,,
2026-07-07 15:35:21,Lab 301 (cam 2),anomaly_suppressed_cooldown,,,,
2026-07-07 15:35:21,Lab 301 (cam 2),anomaly_suppressed_cooldown,,,,
2026-07-07 15:35:21,Lab 301 (cam 2),anomaly_suppressed_cooldown,,,,
2026-07-07 15:35:21,Lab 301 (cam 2),anomaly_suppressed_cooldown,,,,
2026-07-07 15:35:29,Lab 301 (cam 2),anomaly_suppressed_cooldown,,,,
2026-07-07 15:35:29,Lab 301 (cam 2),anomaly_suppressed_cooldown,,,,
2026-07-07 15:35:29,Lab 301 (cam 2),anomaly_suppressed_cooldown,,,,
2026-07-07 15:35:29,Lab 301 (cam 2),anomaly_suppressed_cooldown,,,,
2026-07-07 15:35:29,Lab 301 (cam 2),anomaly_suppressed_cooldown,,,,
2026-07-07 15:35:29,Lab 301 (cam 2),anomaly_suppressed_cooldown,,,,
2026-07-07 15:35:29,Lab 301 (cam 2),anomaly_suppressed_cooldown,,,,
2026-07-07 15:35:29,Lab 301 (cam 2),anomaly_suppressed_cooldown,,,,
2026-07-07 15:35:29,Lab 301 (cam 2),anomaly_suppressed_cooldown,,,,
2026-07-07 15:35:29,Lab 301 (cam 2),anomaly_suppressed_cooldown,,,,
2026-07-07 15:35:29,Lab 301 (cam 2),anomaly_suppressed_cooldown,,,,
2026-07-07 15:35:29,Lab 301 (cam 2),anomaly_suppressed_cooldown,,,,
2026-07-07 15:35:29,Lab 301 (cam 2),anomaly_suppressed_cooldown,,,,
2026-07-07 15:35:29,Lab 301 (cam 2),anomaly_suppressed_cooldown,,,,
2026-07-07 15:35:29,Lab 301 (cam 2),anomaly_suppressed_cooldown,,,,
2026-07-07 15:35:29,Lab 301 (cam 2),anomaly_suppressed_cooldown,,,,
2026-07-07 15:35:29,Lab 301 (cam 2),anomaly_suppressed_cooldown,,,,
2026-07-07 15:35:29,Lab 301 (cam 2),anomaly_suppressed_cooldown,,,,
2026-07-07 15:35:29,Lab 301 (cam 2),anomaly_suppressed_cooldown,,,,
2026-07-07 15:35:29,Lab 301 (cam 2),anomaly_suppressed_cooldown,,,,
2026-07-07 15:35:29,Lab 301 (cam 2),anomaly_suppressed_cooldown,,,,
2026-07-07 15:35:30,Lab 301 (cam 2),anomaly_suppressed_cooldown,,,,
2026-07-07 15:35:30,Lab 301 (cam 2),anomaly_suppressed_cooldown,,,,
2026-07-07 15:35:30,Lab 301 (cam 2),anomaly_suppressed_cooldown,,,,
2026-07-07 15:35:30,Lab 301 (cam 2),anomaly_suppressed_cooldown,,,,
2026-07-07 15:35:30,Lab 301 (cam 2),anomaly_suppressed_cooldown,,,,
2026-07-07 15:35:30,Lab 301 (cam 2),anomaly_suppressed_cooldown,,,,
2026-07-07 15:35:30,Lab 301 (cam 2),anomaly_suppressed_cooldown,,,,
2026-07-07 15:35:30,Lab 301 (cam 2),anomaly_suppressed_cooldown,,,,
2026-07-07 15:35:30,Lab 301 (cam 2),anomaly_suppressed_cooldown,,,,
2026-07-07 15:35:30,Lab 301 (cam 2),anomaly_suppressed_cooldown,,,,
2026-07-07 15:35:30,Lab 301 (cam 2),anomaly_suppressed_cooldown,,,,
2026-07-07 15:35:30,Lab 301 (cam 2),anomaly_suppressed_cooldown,,,,
2026-07-07 15:35:30,Lab 301 (cam 2),anomaly_suppressed_cooldown,,,,
2026-07-07 15:35:30,Lab 301 (cam 2),anomaly_suppressed_cooldown,,,,
2026-07-07 15:35:30,Lab 301 (cam 2),anomaly_suppressed_cooldown,,,,
2026-07-07 15:35:30,Lab 301 (cam 2),anomaly_suppressed_cooldown,,,,
2026-07-07 15:35:30,Lab 301 (cam 2),anomaly_suppressed_cooldown,,,,
2026-07-07 15:35:30,Lab 301 (cam 2),anomaly_suppressed_cooldown,,,,
2026-07-07 15:35:30,Lab 301 (cam 2),anomaly_suppressed_cooldown,,,,
2026-07-07 15:35:30,Lab 301 (cam 2),anomaly_suppressed_cooldown,,,,
2026-07-07 15:35:30,Lab 301 (cam 2),anomaly_suppressed_cooldown,,,,
2026-07-07 15:35:30,Lab 301 (cam 2),anomaly_suppressed_cooldown,,,,
2026-07-07 15:35:30,Lab 301 (cam 2),anomaly_suppressed_cooldown,,,,
2026-07-07 15:35:30,Lab 301 (cam 2),anomaly_suppressed_cooldown,,,,
2026-07-07 15:35:30,Lab 301 (cam 2),anomaly_suppressed_cooldown,,,,
2026-07-07 15:35:30,Lab 301 (cam 2),anomaly_suppressed_cooldown,,,,
2026-07-07 15:35:30,Lab 301 (cam 2),anomaly_suppressed_cooldown,,,,
2026-07-07 15:35:30,Lab 301 (cam 2),anomaly_suppressed_cooldown,,,,
2026-07-07 15:35:30,Lab 301 (cam 2),anomaly_suppressed_cooldown,,,,
2026-07-07 15:35:31,Lab 301 (cam 2),anomaly_suppressed_cooldown,,,,
2026-07-07 15:35:31,Lab 301 (cam 2),anomaly_suppressed_cooldown,,,,
2026-07-07 15:35:31,Lab 301 (cam 2),anomaly_suppressed_cooldown,,,,
2026-07-07 15:35:31,Lab 301 (cam 2),anomaly_suppressed_cooldown,,,,
2026-07-07 15:35:31,Lab 301 (cam 2),anomaly_suppressed_cooldown,,,,
2026-07-07 15:35:31,Lab 301 (cam 2),anomaly_suppressed_cooldown,,,,
2026-07-07 15:35:31,Lab 301 (cam 2),anomaly_suppressed_cooldown,,,,
2026-07-07 15:35:31,Lab 301 (cam 2),anomaly_suppressed_cooldown,,,,
2026-07-07 15:35:31,Lab 301 (cam 2),anomaly_suppressed_cooldown,,,,
2026-07-07 15:35:31,Lab 301 (cam 2),anomaly_suppressed_cooldown,,,,
2026-07-07 15:35:31,Lab 301 (cam 2),anomaly_suppressed_cooldown,,,,
2026-07-07 15:35:31,Lab 301 (cam 2),anomaly_suppressed_cooldown,,,,
2026-07-07 15:35:31,Lab 301 (cam 2),anomaly_suppressed_cooldown,,,,
2026-07-07 15:35:31,Lab 301 (cam 2),anomaly_suppressed_cooldown,,,,
2026-07-07 15:35:31,Lab 301 (cam 2),anomaly_suppressed_cooldown,,,,
2026-07-07 15:35:31,Lab 301 (cam 2),anomaly_suppressed_cooldown,,,,
2026-07-07 15:35:31,Lab 301 (cam 2),anomaly_suppressed_cooldown,,,,
2026-07-07 15:35:31,Lab 301 (cam 2),anomaly_suppressed_cooldown,,,,
2026-07-07 15:35:31,Lab 301 (cam 2),anomaly_suppressed_cooldown,,,,
2026-07-07 15:35:31,Lab 301 (cam 2),anomaly_suppressed_cooldown,,,,
2026-07-07 15:35:31,Lab 301 (cam 2),anomaly_suppressed_cooldown,,,,
2026-07-07 15:35:31,Lab 301 (cam 2),anomaly_suppressed_cooldown,,,,
2026-07-07 15:35:31,Lab 301 (cam 2),anomaly_suppressed_cooldown,,,,
2026-07-07 15:35:31,Lab 301 (cam 2),anomaly_suppressed_cooldown,,,,
2026-07-07 15:35:32,Lab 301 (cam 2),anomaly_suppressed_cooldown,,,,
2026-07-07 15:35:32,Lab 301 (cam 2),anomaly_suppressed_cooldown,,,,
2026-07-07 15:35:32,Lab 301 (cam 2),anomaly_suppressed_cooldown,,,,
2026-07-07 15:35:32,Lab 301 (cam 2),anomaly_suppressed_cooldown,,,,
2026-07-07 15:35:32,Lab 301 (cam 2),anomaly_suppressed_cooldown,,,,
2026-07-07 15:35:32,Lab 301 (cam 2),anomaly_suppressed_cooldown,,,,
2026-07-07 15:35:32,Lab 301 (cam 2),anomaly_suppressed_cooldown,,,,
2026-07-07 15:35:32,Lab 301 (cam 2),anomaly_suppressed_cooldown,,,,
2026-07-07 15:35:32,Lab 301 (cam 2),anomaly_suppressed_cooldown,,,,
2026-07-07 15:35:32,Lab 301 (cam 2),anomaly_suppressed_cooldown,,,,
2026-07-07 15:35:32,Lab 301 (cam 2),anomaly_suppressed_cooldown,,,,
2026-07-07 15:35:32,Lab 301 (cam 2),anomaly_suppressed_cooldown,,,,
2026-07-07 15:35:32,Lab 301 (cam 2),anomaly_suppressed_cooldown,,,,
2026-07-07 15:35:32,Lab 301 (cam 2),anomaly_suppressed_cooldown,,,,
2026-07-07 15:35:34,Lab 301 (cam 2),anomaly_suppressed_cooldown,,,,
2026-07-07 15:35:34,Lab 301 (cam 2),anomaly_suppressed_cooldown,,,,
2026-07-07 15:35:34,Lab 301 (cam 2),anomaly_suppressed_cooldown,,,,
2026-07-07 15:35:34,Lab 301 (cam 2),anomaly_suppressed_cooldown,,,,
2026-07-07 15:35:34,Lab 301 (cam 2),anomaly_suppressed_cooldown,,,,
2026-07-07 15:35:34,Lab 301 (cam 2),anomaly_suppressed_cooldown,,,,
2026-07-07 15:35:34,Lab 301 (cam 2),anomaly_suppressed_cooldown,,,,
2026-07-07 15:35:34,Lab 301 (cam 2),anomaly_suppressed_cooldown,,,,
2026-07-07 15:35:34,Lab 301 (cam 2),anomaly_suppressed_cooldown,,,,
2026-07-07 15:35:34,Lab 301 (cam 2),anomaly_suppressed_cooldown,,,,
2026-07-07 15:35:34,Lab 301 (cam 2),anomaly_suppressed_cooldown,,,,
2026-07-07 15:35:34,Lab 301 (cam 2),anomaly_suppressed_cooldown,,,,
2026-07-07 15:35:34,Lab 301 (cam 2),anomaly_suppressed_cooldown,,,,
2026-07-07 15:35:34,Lab 301 (cam 2),anomaly_suppressed_cooldown,,,,
2026-07-07 15:35:34,Lab 301 (cam 2),anomaly_suppressed_cooldown,,,,
2026-07-07 15:35:34,Lab 301 (cam 2),anomaly_suppressed_cooldown,,,,
2026-07-07 15:35:34,Lab 301 (cam 2),anomaly_suppressed_cooldown,,,,
2026-07-07 15:35:34,Lab 301 (cam 2),anomaly_suppressed_cooldown,,,,
2026-07-07 15:35:34,Lab 301 (cam 2),anomaly_suppressed_cooldown,,,,
2026-07-07 15:35:34,Lab 301 (cam 2),anomaly_suppressed_cooldown,,,,
2026-07-07 15:35:35,Lab 301 (cam 2),anomaly_suppressed_cooldown,,,,
2026-07-07 15:35:35,Lab 301 (cam 1),anomaly_suppressed_cooldown,,,,
2026-07-07 15:35:35,Lab 301 (cam 2),anomaly_suppressed_cooldown,,,,
2026-07-07 15:35:35,Lab 301 (cam 1),anomaly_suppressed_cooldown,,,,
2026-07-07 15:35:35,Lab 301 (cam 2),anomaly_suppressed_cooldown,,,,
2026-07-07 15:35:35,Lab 301 (cam 2),anomaly_suppressed_cooldown,,,,
2026-07-07 15:35:35,Lab 301 (cam 1),anomaly_suppressed_cooldown,,,,
2026-07-07 15:35:35,Lab 301 (cam 2),anomaly_suppressed_cooldown,,,,
2026-07-07 15:35:35,Lab 301 (cam 1),anomaly_suppressed_cooldown,,,,
2026-07-07 15:35:35,Lab 301 (cam 1),anomaly_suppressed_cooldown,,,,
2026-07-07 15:35:35,Lab 301 (cam 2),anomaly_suppressed_cooldown,,,,
2026-07-07 15:35:35,Lab 301 (cam 2),anomaly_suppressed_cooldown,,,,
2026-07-07 15:35:35,Lab 301 (cam 2),anomaly_suppressed_cooldown,,,,
2026-07-07 15:35:35,Lab 301 (cam 2),anomaly_suppressed_cooldown,,,,
2026-07-07 15:35:35,Lab 301 (cam 2),anomaly_suppressed_cooldown,,,,
2026-07-07 15:35:35,Lab 301 (cam 2),anomaly_suppressed_cooldown,,,,
2026-07-07 15:35:35,Lab 301 (cam 1),anomaly_suppressed_cooldown,,,,
2026-07-07 15:35:36,Lab 301 (cam 2),anomaly_suppressed_cooldown,,,,
2026-07-07 15:35:36,Lab 301 (cam 2),anomaly_suppressed_cooldown,,,,
2026-07-07 15:35:36,Lab 301 (cam 1),anomaly_suppressed_cooldown,,,,
2026-07-07 15:35:36,Lab 301 (cam 1),anomaly_suppressed_cooldown,,,,
2026-07-07 15:35:36,Lab 301 (cam 1),anomaly_suppressed_cooldown,,,,
2026-07-07 15:35:36,Lab 301 (cam 2),anomaly_suppressed_cooldown,,,,
2026-07-07 15:35:36,Lab 301 (cam 2),anomaly_suppressed_cooldown,,,,
2026-07-07 15:35:36,Lab 301 (cam 2),anomaly_suppressed_cooldown,,,,
2026-07-07 15:35:36,Lab 301 (cam 2),anomaly_suppressed_cooldown,,,,
2026-07-07 15:35:36,Lab 301 (cam 2),anomaly_suppressed_cooldown,,,,
2026-07-07 15:35:36,Lab 301 (cam 2),anomaly_suppressed_cooldown,,,,
2026-07-07 15:35:36,Lab 301 (cam 2),anomaly_suppressed_cooldown,,,,
2026-07-07 15:35:36,Lab 301 (cam 2),anomaly_suppressed_cooldown,,,,
2026-07-07 15:35:36,Lab 301 (cam 2),anomaly_suppressed_cooldown,,,,
2026-07-07 15:35:36,Lab 301 (cam 2),anomaly_suppressed_cooldown,,,,
2026-07-07 15:35:36,Lab 301 (cam 2),anomaly_suppressed_cooldown,,,,
2026-07-07 15:35:36,Lab 301 (cam 2),anomaly_suppressed_cooldown,,,,
2026-07-07 15:35:36,Lab 301 (cam 2),anomaly_suppressed_cooldown,,,,
2026-07-07 15:35:36,Lab 301 (cam 1),anomaly_suppressed_cooldown,,,,
2026-07-07 15:35:36,Lab 301 (cam 2),anomaly_suppressed_cooldown,,,,
2026-07-07 15:35:36,Lab 301 (cam 1),anomaly_suppressed_cooldown,,,,
2026-07-07 15:35:36,Lab 301 (cam 2),anomaly_suppressed_cooldown,,,,
2026-07-07 15:35:36,Lab 301 (cam 1),anomaly_suppressed_cooldown,,,,
2026-07-07 15:35:37,Lab 301 (cam 2),anomaly_suppressed_cooldown,,,,
2026-07-07 15:35:37,Lab 301 (cam 1),anomaly_suppressed_cooldown,,,,
2026-07-07 15:35:37,Lab 301 (cam 2),anomaly_suppressed_cooldown,,,,
2026-07-07 15:35:37,Lab 301 (cam 2),anomaly_suppressed_cooldown,,,,
2026-07-07 15:35:37,Lab 301 (cam 2),anomaly_suppressed_cooldown,,,,
2026-07-07 15:35:37,Lab 301 (cam 2),anomaly_suppressed_cooldown,,,,
2026-07-07 15:35:37,Lab 301 (cam 2),anomaly_suppressed_cooldown,,,,
2026-07-07 15:35:37,Lab 301 (cam 2),anomaly_suppressed_cooldown,,,,
2026-07-07 15:35:37,Lab 301 (cam 2),anomaly_suppressed_cooldown,,,,
2026-07-07 15:35:37,Lab 301 (cam 2),anomaly_suppressed_cooldown,,,,
2026-07-07 15:35:37,Lab 301 (cam 2),anomaly_suppressed_cooldown,,,,
2026-07-07 15:35:37,Lab 301 (cam 2),anomaly_suppressed_cooldown,,,,
2026-07-07 15:35:37,Lab 301 (cam 2),anomaly_suppressed_cooldown,,,,
2026-07-07 15:35:37,Lab 301 (cam 2),anomaly_suppressed_cooldown,,,,
2026-07-07 15:35:37,Lab 301 (cam 2),anomaly_suppressed_cooldown,,,,
2026-07-07 15:35:37,Lab 301 (cam 2),anomaly_suppressed_cooldown,,,,
2026-07-07 15:35:37,Lab 301 (cam 2),anomaly_suppressed_cooldown,,,,
2026-07-07 15:35:37,Lab 301 (cam 2),anomaly_suppressed_cooldown,,,,
2026-07-07 15:35:37,Lab 301 (cam 1),anomaly_suppressed_cooldown,,,,
2026-07-07 15:35:37,Lab 301 (cam 2),anomaly_suppressed_cooldown,,,,
2026-07-07 15:35:37,Lab 301 (cam 1),anomaly_suppressed_cooldown,,,,
2026-07-07 15:35:37,Lab 301 (cam 2),anomaly_suppressed_cooldown,,,,
2026-07-07 15:35:37,Lab 301 (cam 1),anomaly_suppressed_cooldown,,,,
2026-07-07 15:35:37,Lab 301 (cam 2),anomaly_suppressed_cooldown,,,,
2026-07-07 15:35:37,Lab 301 (cam 2),anomaly_suppressed_cooldown,,,,
2026-07-07 15:35:37,Lab 301 (cam 2),anomaly_suppressed_cooldown,,,,
2026-07-07 15:35:37,Lab 301 (cam 2),anomaly_suppressed_cooldown,,,,
2026-07-07 15:35:37,Lab 301 (cam 2),anomaly_suppressed_cooldown,,,,
2026-07-07 15:35:37,Lab 301 (cam 2),anomaly_suppressed_cooldown,,,,
2026-07-07 15:35:37,Lab 301 (cam 2),anomaly_suppressed_cooldown,,,,
2026-07-07 15:35:37,Lab 301 (cam 2),anomaly_suppressed_cooldown,,,,
2026-07-07 15:35:38,Lab 301 (cam 2),anomaly_suppressed_cooldown,,,,
2026-07-07 15:35:38,Lab 301 (cam 2),anomaly_suppressed_cooldown,,,,
2026-07-07 15:35:38,Lab 301 (cam 2),anomaly_suppressed_cooldown,,,,
2026-07-07 15:35:38,Lab 301 (cam 2),anomaly_suppressed_cooldown,,,,
2026-07-07 15:35:38,Lab 301 (cam 2),anomaly_suppressed_cooldown,,,,
2026-07-07 15:35:38,Lab 301 (cam 2),anomaly_suppressed_cooldown,,,,
2026-07-07 15:35:38,Lab 301 (cam 1),anomaly_suppressed_cooldown,,,,
2026-07-07 15:35:38,Lab 301 (cam 2),anomaly_suppressed_cooldown,,,,
2026-07-07 15:35:38,Lab 301 (cam 1),anomaly_suppressed_cooldown,,,,
2026-07-07 15:35:38,Lab 301 (cam 2),anomaly_suppressed_cooldown,,,,
2026-07-07 15:35:38,Lab 301 (cam 1),anomaly_suppressed_cooldown,,,,
2026-07-07 15:35:38,Lab 301 (cam 2),anomaly_suppressed_cooldown,,,,
2026-07-07 15:35:38,Lab 301 (cam 1),anomaly_suppressed_cooldown,,,,
2026-07-07 15:35:38,Lab 301 (cam 2),anomaly_suppressed_cooldown,,,,
2026-07-07 15:35:38,Lab 301 (cam 2),anomaly_suppressed_cooldown,,,,
2026-07-07 15:35:38,Lab 301 (cam 1),anomaly_suppressed_cooldown,,,,
2026-07-07 15:35:38,Lab 301 (cam 2),anomaly_suppressed_cooldown,,,,
2026-07-07 15:35:38,Lab 301 (cam 1),anomaly_suppressed_cooldown,,,,
2026-07-07 15:35:38,Lab 301 (cam 1),anomaly_suppressed_cooldown,,,,
2026-07-07 15:35:38,Lab 301 (cam 2),anomaly_suppressed_cooldown,,,,
2026-07-07 15:35:38,Lab 301 (cam 1),anomaly_suppressed_cooldown,,,,
2026-07-07 15:35:38,Lab 301 (cam 2),anomaly_suppressed_cooldown,,,,
2026-07-07 15:35:38,Lab 301 (cam 1),anomaly_suppressed_cooldown,,,,
2026-07-07 15:35:38,Lab 301 (cam 2),anomaly_suppressed_cooldown,,,,
2026-07-07 15:35:38,Lab 301 (cam 2),anomaly_suppressed_cooldown,,,,
2026-07-07 15:35:38,Lab 301 (cam 1),anomaly_suppressed_cooldown,,,,
2026-07-07 15:35:38,Lab 301 (cam 2),anomaly_suppressed_cooldown,,,,
2026-07-07 15:35:38,Lab 301 (cam 2),anomaly_suppressed_cooldown,,,,
2026-07-07 15:35:38,Lab 301 (cam 1),anomaly_suppressed_cooldown,,,,
2026-07-07 15:35:38,Lab 301 (cam 1),anomaly_suppressed_cooldown,,,,
2026-07-07 15:35:38,Lab 301 (cam 2),anomaly_suppressed_cooldown,,,,
2026-07-07 15:35:38,Lab 301 (cam 2),anomaly_suppressed_cooldown,,,,
2026-07-07 15:35:38,Lab 301 (cam 2),anomaly_suppressed_cooldown,,,,
2026-07-07 15:35:38,Lab 301 (cam 2),anomaly_suppressed_cooldown,,,,
2026-07-07 15:35:38,Lab 301 (cam 2),anomaly_suppressed_cooldown,,,,
2026-07-07 15:35:38,Lab 301 (cam 2),anomaly_suppressed_cooldown,,,,
2026-07-07 15:35:38,Lab 301 (cam 2),anomaly_suppressed_cooldown,,,,
2026-07-07 15:35:38,Lab 301 (cam 2),anomaly_suppressed_cooldown,,,,
2026-07-07 15:35:38,Lab 301 (cam 2),anomaly_suppressed_cooldown,,,,
2026-07-07 15:35:39,Lab 301 (cam 2),anomaly_suppressed_cooldown,,,,
2026-07-07 15:35:39,Lab 301 (cam 2),anomaly_suppressed_cooldown,,,,
2026-07-07 15:35:39,Lab 301 (cam 2),anomaly_suppressed_cooldown,,,,
2026-07-07 15:35:39,Lab 301 (cam 2),anomaly_suppressed_cooldown,,,,
2026-07-07 15:35:39,Lab 301 (cam 2),anomaly_suppressed_cooldown,,,,
2026-07-07 15:35:39,Lab 301 (cam 2),anomaly_suppressed_cooldown,,,,
2026-07-07 15:35:39,Lab 301 (cam 1),anomaly_suppressed_cooldown,,,,
2026-07-07 15:35:39,Lab 301 (cam 2),anomaly_suppressed_cooldown,,,,
2026-07-07 15:35:39,Lab 301 (cam 1),anomaly_suppressed_cooldown,,,,
2026-07-07 15:35:39,Lab 301 (cam 1),anomaly_suppressed_cooldown,,,,
2026-07-07 15:35:39,Lab 301 (cam 1),anomaly_suppressed_cooldown,,,,
2026-07-07 15:35:39,Lab 301 (cam 1),anomaly_suppressed_cooldown,,,,
2026-07-07 15:35:39,Lab 301 (cam 2),anomaly_suppressed_cooldown,,,,
2026-07-07 15:35:39,Lab 301 (cam 1),anomaly_suppressed_cooldown,,,,
2026-07-07 15:35:39,Lab 301 (cam 2),anomaly_suppressed_cooldown,,,,
2026-07-07 15:35:39,Lab 301 (cam 2),anomaly_suppressed_cooldown,,,,
2026-07-07 15:35:39,Lab 301 (cam 2),anomaly_suppressed_cooldown,,,,
2026-07-07 15:35:39,Lab 301 (cam 2),anomaly_suppressed_cooldown,,,,
2026-07-07 15:35:39,Lab 301 (cam 2),anomaly_suppressed_cooldown,,,,
2026-07-07 15:35:39,Lab 301 (cam 2),anomaly_suppressed_cooldown,,,,
2026-07-07 15:35:39,Lab 301 (cam 2),anomaly_suppressed_cooldown,,,,
2026-07-07 15:35:39,Lab 301 (cam 2),anomaly_suppressed_cooldown,,,,
2026-07-07 15:35:39,Lab 301 (cam 2),anomaly_suppressed_cooldown,,,,
2026-07-07 15:35:39,Lab 301 (cam 2),anomaly_suppressed_cooldown,,,,
2026-07-07 15:35:39,Lab 301 (cam 1),anomaly_suppressed_cooldown,,,,
2026-07-07 15:35:39,Lab 301 (cam 2),anomaly_suppressed_cooldown,,,,
2026-07-07 15:35:39,Lab 301 (cam 1),anomaly_suppressed_cooldown,,,,
2026-07-07 15:35:39,Lab 301 (cam 2),anomaly_suppressed_cooldown,,,,
2026-07-07 15:35:39,Lab 301 (cam 1),anomaly_suppressed_cooldown,,,,
2026-07-07 15:35:39,Lab 301 (cam 1),anomaly_suppressed_cooldown,,,,
2026-07-07 15:35:39,Lab 301 (cam 2),anomaly_suppressed_cooldown,,,,
2026-07-07 15:35:39,Lab 301 (cam 1),anomaly_suppressed_cooldown,,,,
2026-07-07 15:35:39,Lab 301 (cam 2),anomaly_suppressed_cooldown,,,,
2026-07-07 15:35:39,Lab 301 (cam 2),anomaly_suppressed_cooldown,,,,
2026-07-07 15:35:39,Lab 301 (cam 1),anomaly_suppressed_cooldown,,,,
2026-07-07 15:35:39,Lab 301 (cam 2),anomaly_suppressed_cooldown,,,,
2026-07-07 15:35:39,Lab 301 (cam 1),anomaly_suppressed_cooldown,,,,
2026-07-07 15:35:39,Lab 301 (cam 2),anomaly_suppressed_cooldown,,,,
2026-07-07 15:35:39,Lab 301 (cam 1),anomaly_suppressed_cooldown,,,,
2026-07-07 15:35:39,Lab 301 (cam 2),anomaly_suppressed_cooldown,,,,
2026-07-07 15:35:39,Lab 301 (cam 1),anomaly_suppressed_cooldown,,,,
2026-07-07 15:35:39,Lab 301 (cam 2),anomaly_suppressed_cooldown,,,,
2026-07-07 15:35:39,Lab 301 (cam 2),anomaly_suppressed_cooldown,,,,
2026-07-07 15:35:39,Lab 301 (cam 1),anomaly_suppressed_cooldown,,,,
2026-07-07 15:35:39,Lab 301 (cam 2),anomaly_suppressed_cooldown,,,,
2026-07-07 15:35:40,Lab 301 (cam 1),anomaly_suppressed_cooldown,,,,
2026-07-07 15:35:40,Lab 301 (cam 2),anomaly_suppressed_cooldown,,,,
2026-07-07 15:35:40,Lab 301 (cam 2),anomaly_suppressed_cooldown,,,,
2026-07-07 15:35:40,Lab 301 (cam 1),anomaly_suppressed_cooldown,,,,
2026-07-07 15:35:40,Lab 301 (cam 2),anomaly_suppressed_cooldown,,,,
2026-07-07 15:35:40,Lab 301 (cam 1),anomaly_suppressed_cooldown,,,,
2026-07-07 15:35:40,Lab 301 (cam 1),anomaly_suppressed_cooldown,,,,
2026-07-07 15:35:40,Lab 301 (cam 2),anomaly_suppressed_cooldown,,,,
2026-07-07 15:35:40,Lab 301 (cam 1),anomaly_suppressed_cooldown,,,,
2026-07-07 15:35:40,Lab 301 (cam 2),anomaly_suppressed_cooldown,,,,
2026-07-07 15:35:40,Lab 301 (cam 2),anomaly_suppressed_cooldown,,,,
2026-07-07 15:35:40,Lab 301 (cam 1),anomaly_suppressed_cooldown,,,,
2026-07-07 15:35:40,Lab 301 (cam 2),anomaly_suppressed_cooldown,,,,
2026-07-07 15:35:40,Lab 301 (cam 1),anomaly_suppressed_cooldown,,,,
2026-07-07 15:35:40,Lab 301 (cam 2),anomaly_suppressed_cooldown,,,,
2026-07-07 15:35:40,Lab 301 (cam 1),anomaly_suppressed_cooldown,,,,
2026-07-07 15:35:40,Lab 301 (cam 2),anomaly_suppressed_cooldown,,,,
2026-07-07 15:35:40,Lab 301 (cam 1),anomaly_suppressed_cooldown,,,,
2026-07-07 15:35:40,Lab 301 (cam 2),anomaly_suppressed_cooldown,,,,
2026-07-07 15:35:40,Lab 301 (cam 1),anomaly_suppressed_cooldown,,,,
2026-07-07 15:35:40,Lab 301 (cam 2),anomaly_suppressed_cooldown,,,,
2026-07-07 15:35:40,Lab 301 (cam 1),anomaly_suppressed_cooldown,,,,
2026-07-07 15:35:40,Lab 301 (cam 2),anomaly_suppressed_cooldown,,,,
2026-07-07 15:35:40,Lab 301 (cam 1),anomaly_suppressed_cooldown,,,,
2026-07-07 15:35:40,Lab 301 (cam 2),anomaly_suppressed_cooldown,,,,
2026-07-07 15:35:40,Lab 301 (cam 2),anomaly_suppressed_cooldown,,,,
2026-07-07 15:35:40,Lab 301 (cam 1),anomaly_suppressed_cooldown,,,,
2026-07-07 15:35:40,Lab 301 (cam 2),anomaly_suppressed_cooldown,,,,
2026-07-07 15:35:40,Lab 301 (cam 1),anomaly_suppressed_cooldown,,,,
2026-07-07 15:35:40,Lab 301 (cam 2),anomaly_suppressed_cooldown,,,,
2026-07-07 15:35:40,Lab 301 (cam 1),anomaly_suppressed_cooldown,,,,
2026-07-07 15:35:40,Lab 301 (cam 1),anomaly_suppressed_cooldown,,,,
2026-07-07 15:35:40,Lab 301 (cam 2),anomaly_suppressed_cooldown,,,,
2026-07-07 15:35:40,Lab 301 (cam 1),anomaly_suppressed_cooldown,,,,
2026-07-07 15:35:40,Lab 301 (cam 2),anomaly_suppressed_cooldown,,,,
2026-07-07 15:35:40,Lab 301 (cam 2),anomaly_suppressed_cooldown,,,,
2026-07-07 15:35:40,Lab 301 (cam 1),anomaly_suppressed_cooldown,,,,
2026-07-07 15:35:40,Lab 301 (cam 2),anomaly_suppressed_cooldown,,,,
2026-07-07 15:35:40,Lab 301 (cam 2),anomaly_suppressed_cooldown,,,,
2026-07-07 15:35:40,Lab 301 (cam 2),anomaly_suppressed_cooldown,,,,
2026-07-07 15:35:40,Lab 301 (cam 2),anomaly_suppressed_cooldown,,,,
2026-07-07 15:35:40,Lab 301 (cam 2),anomaly_suppressed_cooldown,,,,
2026-07-07 15:35:40,Lab 301 (cam 2),anomaly_suppressed_cooldown,,,,
2026-07-07 15:35:40,Lab 301 (cam 2),anomaly_suppressed_cooldown,,,,
2026-07-07 15:35:40,Lab 301 (cam 2),anomaly_suppressed_cooldown,,,,
2026-07-07 15:35:40,Lab 301 (cam 2),anomaly_suppressed_cooldown,,,,
2026-07-07 15:35:40,Lab 301 (cam 2),anomaly_suppressed_cooldown,,,,
2026-07-07 15:35:40,Lab 301 (cam 2),anomaly_suppressed_cooldown,,,,
2026-07-07 15:35:41,Lab 301 (cam 2),anomaly_suppressed_cooldown,,,,
2026-07-07 15:35:41,Lab 301 (cam 2),anomaly_suppressed_cooldown,,,,
2026-07-07 15:35:41,Lab 301 (cam 2),anomaly_suppressed_cooldown,,,,
2026-07-07 15:35:41,Lab 301 (cam 2),anomaly_suppressed_cooldown,,,,
2026-07-07 15:35:41,Lab 301 (cam 2),anomaly_suppressed_cooldown,,,,
2026-07-07 15:35:41,Lab 301 (cam 2),anomaly_suppressed_cooldown,,,,
2026-07-07 15:35:41,Lab 301 (cam 2),anomaly_suppressed_cooldown,,,,
2026-07-07 15:35:41,Lab 301 (cam 2),anomaly_suppressed_cooldown,,,,
2026-07-07 15:35:41,Lab 301 (cam 2),anomaly_suppressed_cooldown,,,,
2026-07-07 15:35:41,Lab 301 (cam 2),anomaly_suppressed_cooldown,,,,
2026-07-07 15:35:41,Lab 301 (cam 2),anomaly_suppressed_cooldown,,,,
2026-07-07 15:35:41,Lab 301 (cam 2),anomaly_suppressed_cooldown,,,,
2026-07-07 15:35:41,Lab 301 (cam 2),anomaly_suppressed_cooldown,,,,
2026-07-07 15:35:41,Lab 301 (cam 2),anomaly_suppressed_cooldown,,,,
2026-07-07 15:35:41,Lab 301 (cam 2),anomaly_suppressed_cooldown,,,,
2026-07-07 15:35:41,Lab 301 (cam 2),anomaly_suppressed_cooldown,,,,
2026-07-07 15:35:41,Lab 301 (cam 2),anomaly_suppressed_cooldown,,,,
2026-07-07 15:35:41,Lab 301 (cam 2),anomaly_suppressed_cooldown,,,,
2026-07-07 15:35:41,Lab 301 (cam 2),anomaly_suppressed_cooldown,,,,
2026-07-07 15:35:41,Lab 301 (cam 2),anomaly_suppressed_cooldown,,,,
2026-07-07 15:35:41,Lab 301 (cam 2),anomaly_suppressed_cooldown,,,,
2026-07-07 15:35:41,Lab 301 (cam 2),anomaly_suppressed_cooldown,,,,
2026-07-07 15:35:41,Lab 301 (cam 2),anomaly_suppressed_cooldown,,,,
2026-07-07 15:35:41,Lab 301 (cam 2),anomaly_suppressed_cooldown,,,,
2026-07-07 15:35:41,Lab 301 (cam 2),anomaly_suppressed_cooldown,,,,
2026-07-07 15:35:41,Lab 301 (cam 2),anomaly_suppressed_cooldown,,,,
2026-07-07 15:35:41,Lab 301 (cam 2),anomaly_suppressed_cooldown,,,,
2026-07-07 15:35:41,Lab 301 (cam 2),anomaly_suppressed_cooldown,,,,
2026-07-07 15:35:42,Lab 301 (cam 2),anomaly_suppressed_cooldown,,,,
2026-07-07 15:35:42,Lab 301 (cam 2),anomaly_suppressed_cooldown,,,,
2026-07-07 15:35:42,Lab 301 (cam 2),anomaly_suppressed_cooldown,,,,
2026-07-07 15:35:42,Lab 301 (cam 2),anomaly_suppressed_cooldown,,,,
2026-07-07 15:35:42,Lab 301 (cam 1),anomaly_suppressed_cooldown,,,,
2026-07-07 15:35:42,Lab 301 (cam 2),anomaly_suppressed_cooldown,,,,
2026-07-07 15:35:42,Lab 301 (cam 1),anomaly_suppressed_cooldown,,,,
2026-07-07 15:35:42,Lab 301 (cam 2),anomaly_suppressed_cooldown,,,,
2026-07-07 15:35:42,Lab 301 (cam 1),anomaly_suppressed_cooldown,,,,
2026-07-07 15:35:42,Lab 301 (cam 2),anomaly_suppressed_cooldown,,,,
2026-07-07 15:35:42,Lab 301 (cam 2),anomaly_suppressed_cooldown,,,,
2026-07-07 15:35:42,Lab 301 (cam 2),anomaly_suppressed_cooldown,,,,
2026-07-07 15:35:42,Lab 301 (cam 2),anomaly_suppressed_cooldown,,,,
2026-07-07 15:35:42,Lab 301 (cam 2),anomaly_suppressed_cooldown,,,,
2026-07-07 15:35:42,Lab 301 (cam 2),anomaly_suppressed_cooldown,,,,
2026-07-07 15:35:42,Lab 301 (cam 2),anomaly_suppressed_cooldown,,,,
2026-07-07 15:35:42,Lab 301 (cam 2),anomaly_suppressed_cooldown,,,,
2026-07-07 15:35:42,Lab 301 (cam 2),anomaly_suppressed_cooldown,,,,
2026-07-07 15:35:42,Lab 301 (cam 2),anomaly_suppressed_cooldown,,,,
2026-07-07 15:35:42,Lab 301 (cam 2),anomaly_suppressed_cooldown,,,,
2026-07-07 15:35:42,Lab 301 (cam 2),anomaly_suppressed_cooldown,,,,
2026-07-07 15:35:42,Lab 301 (cam 2),anomaly_suppressed_cooldown,,,,
2026-07-07 15:35:42,Lab 301 (cam 2),anomaly_suppressed_cooldown,,,,
2026-07-07 15:35:42,Lab 301 (cam 2),anomaly_suppressed_cooldown,,,,
2026-07-07 15:35:42,Lab 301 (cam 2),anomaly_suppressed_cooldown,,,,
2026-07-07 15:35:42,Lab 301 (cam 2),anomaly_suppressed_cooldown,,,,
2026-07-07 15:35:42,Lab 301 (cam 2),anomaly_suppressed_cooldown,,,,
2026-07-07 15:35:43,Lab 301 (cam 2),anomaly_suppressed_cooldown,,,,
2026-07-07 15:35:43,Lab 301 (cam 2),anomaly_suppressed_cooldown,,,,
2026-07-07 15:35:43,Lab 301 (cam 2),anomaly_suppressed_cooldown,,,,
2026-07-07 15:35:43,Lab 301 (cam 2),anomaly_suppressed_cooldown,,,,
2026-07-07 15:35:43,Lab 301 (cam 2),anomaly_suppressed_cooldown,,,,
2026-07-07 15:35:43,Lab 301 (cam 2),anomaly_suppressed_cooldown,,,,
2026-07-07 15:35:43,Lab 301 (cam 2),anomaly_suppressed_cooldown,,,,
2026-07-07 15:35:43,Lab 301 (cam 2),anomaly_suppressed_cooldown,,,,
2026-07-07 15:35:43,Lab 301 (cam 2),anomaly_suppressed_cooldown,,,,
2026-07-07 15:35:43,Lab 301 (cam 2),anomaly_suppressed_cooldown,,,,
2026-07-07 15:35:43,Lab 301 (cam 2),anomaly_suppressed_cooldown,,,,
2026-07-07 15:35:43,Lab 301 (cam 2),anomaly_suppressed_cooldown,,,,
2026-07-07 15:35:43,Lab 301 (cam 2),anomaly_suppressed_cooldown,,,,
2026-07-07 15:35:43,Lab 301 (cam 2),anomaly_suppressed_cooldown,,,,
2026-07-07 15:35:43,Lab 301 (cam 2),anomaly_suppressed_cooldown,,,,
2026-07-07 15:35:43,Lab 301 (cam 2),anomaly_suppressed_cooldown,,,,
2026-07-07 15:35:43,Lab 301 (cam 2),anomaly_suppressed_cooldown,,,,
2026-07-07 15:35:43,Lab 301 (cam 2),anomaly_suppressed_cooldown,,,,
2026-07-07 15:35:43,Lab 301 (cam 2),anomaly_suppressed_cooldown,,,,
2026-07-07 15:35:43,Lab 301 (cam 2),anomaly_suppressed_cooldown,,,,
2026-07-07 15:35:43,Lab 301 (cam 2),anomaly_suppressed_cooldown,,,,
2026-07-07 15:35:43,Lab 301 (cam 2),anomaly_suppressed_cooldown,,,,
2026-07-07 15:35:43,Lab 301 (cam 2),anomaly_suppressed_cooldown,,,,
2026-07-07 15:35:43,Lab 301 (cam 2),anomaly_suppressed_cooldown,,,,
2026-07-07 15:35:43,Lab 301 (cam 2),anomaly_suppressed_cooldown,,,,
2026-07-07 15:35:43,Lab 301 (cam 2),anomaly_suppressed_cooldown,,,,
2026-07-07 15:35:43,Lab 301 (cam 2),anomaly_suppressed_cooldown,,,,
2026-07-07 15:35:43,Lab 301 (cam 2),anomaly_suppressed_cooldown,,,,
2026-07-07 15:35:43,Lab 301 (cam 2),anomaly_suppressed_cooldown,,,,
2026-07-07 15:35:43,Lab 301 (cam 2),anomaly_suppressed_cooldown,,,,
2026-07-07 15:35:44,Lab 301 (cam 2),anomaly_suppressed_cooldown,,,,
2026-07-07 15:35:44,Lab 301 (cam 2),anomaly_suppressed_cooldown,,,,
2026-07-07 15:35:44,Lab 301 (cam 2),anomaly_suppressed_cooldown,,,,
2026-07-07 15:35:44,Lab 301 (cam 2),anomaly_suppressed_cooldown,,,,
2026-07-07 15:35:44,Lab 301 (cam 2),anomaly_suppressed_cooldown,,,,
2026-07-07 15:35:44,Lab 301 (cam 2),anomaly_suppressed_cooldown,,,,
2026-07-07 15:35:44,Lab 301 (cam 2),anomaly_suppressed_cooldown,,,,
2026-07-07 15:35:44,Lab 301 (cam 2),anomaly_suppressed_cooldown,,,,
2026-07-07 15:35:44,Lab 301 (cam 2),anomaly_suppressed_cooldown,,,,
2026-07-07 15:35:44,Lab 301 (cam 2),anomaly_suppressed_cooldown,,,,
2026-07-07 15:35:44,Lab 301 (cam 2),anomaly_suppressed_cooldown,,,,
2026-07-07 15:35:44,Lab 301 (cam 2),anomaly_suppressed_cooldown,,,,
2026-07-07 15:35:44,Lab 301 (cam 2),anomaly_suppressed_cooldown,,,,
2026-07-07 15:35:44,Lab 301 (cam 2),anomaly_suppressed_cooldown,,,,
2026-07-07 15:35:44,Lab 301 (cam 2),anomaly_suppressed_cooldown,,,,
2026-07-07 15:35:44,Lab 301 (cam 2),anomaly_suppressed_cooldown,,,,
2026-07-07 15:35:44,Lab 301 (cam 2),anomaly_suppressed_cooldown,,,,
2026-07-07 15:35:44,Lab 301 (cam 2),anomaly_suppressed_cooldown,,,,
2026-07-07 15:35:44,Lab 301 (cam 2),anomaly_suppressed_cooldown,,,,
2026-07-07 15:35:44,Lab 301 (cam 2),anomaly_suppressed_cooldown,,,,
2026-07-07 15:35:44,Lab 301 (cam 2),anomaly_suppressed_cooldown,,,,
2026-07-07 15:35:44,Lab 301 (cam 2),anomaly_suppressed_cooldown,,,,
2026-07-07 15:35:44,Lab 301 (cam 2),anomaly_suppressed_cooldown,,,,
2026-07-07 15:35:44,Lab 301 (cam 2),anomaly_suppressed_cooldown,,,,
2026-07-07 15:35:45,Lab 301 (cam 2),anomaly_suppressed_cooldown,,,,
2026-07-07 15:35:45,Lab 301 (cam 2),anomaly_suppressed_cooldown,,,,
2026-07-07 15:35:45,Lab 301 (cam 2),anomaly_suppressed_cooldown,,,,
2026-07-07 15:35:45,Lab 301 (cam 2),anomaly_suppressed_cooldown,,,,
2026-07-07 15:35:45,Lab 301 (cam 2),anomaly_suppressed_cooldown,,,,
2026-07-07 15:35:45,Lab 301 (cam 2),anomaly_suppressed_cooldown,,,,
2026-07-07 15:35:45,Lab 301 (cam 2),anomaly_suppressed_cooldown,,,,
2026-07-07 15:35:45,Lab 301 (cam 2),anomaly_suppressed_cooldown,,,,
2026-07-07 15:35:45,Lab 301 (cam 2),anomaly_suppressed_cooldown,,,,
2026-07-07 15:35:45,Lab 301 (cam 2),anomaly_suppressed_cooldown,,,,
2026-07-07 15:35:45,Lab 301 (cam 2),anomaly_suppressed_cooldown,,,,
2026-07-07 15:35:45,Lab 301 (cam 2),anomaly_suppressed_cooldown,,,,
2026-07-07 15:35:45,Lab 301 (cam 2),anomaly_suppressed_cooldown,,,,
2026-07-07 15:35:45,Lab 301 (cam 2),anomaly_suppressed_cooldown,,,,
2026-07-07 15:35:45,Lab 301 (cam 2),anomaly_suppressed_cooldown,,,,
2026-07-07 15:35:45,Lab 301 (cam 2),anomaly_suppressed_cooldown,,,,
2026-07-07 15:35:45,Lab 301 (cam 2),anomaly_suppressed_cooldown,,,,
2026-07-07 15:35:45,Lab 301 (cam 2),anomaly_suppressed_cooldown,,,,
2026-07-07 15:35:45,Lab 301 (cam 2),anomaly_suppressed_cooldown,,,,
2026-07-07 15:35:45,Lab 301 (cam 2),anomaly_suppressed_cooldown,,,,
2026-07-07 15:35:45,Lab 301 (cam 2),anomaly_suppressed_cooldown,,,,
2026-07-07 15:35:45,Lab 301 (cam 2),anomaly_suppressed_cooldown,,,,
2026-07-07 15:35:45,Lab 301 (cam 2),anomaly_suppressed_cooldown,,,,
2026-07-07 15:35:45,Lab 301 (cam 2),anomaly_suppressed_cooldown,,,,
2026-07-07 15:35:45,Lab 301 (cam 2),anomaly_suppressed_cooldown,,,,
2026-07-07 15:35:46,Lab 301 (cam 2),anomaly_suppressed_cooldown,,,,
2026-07-07 15:35:46,Lab 301 (cam 2),anomaly_suppressed_cooldown,,,,
2026-07-07 15:35:46,Lab 301 (cam 2),anomaly_suppressed_cooldown,,,,
2026-07-07 15:35:46,Lab 301 (cam 2),anomaly_suppressed_cooldown,,,,
2026-07-07 15:35:46,Lab 301 (cam 2),anomaly_suppressed_cooldown,,,,
2026-07-07 15:35:46,Lab 301 (cam 2),anomaly_suppressed_cooldown,,,,
2026-07-07 15:35:46,Lab 301 (cam 2),anomaly_suppressed_cooldown,,,,
2026-07-07 15:35:46,Lab 301 (cam 2),anomaly_suppressed_cooldown,,,,
2026-07-07 15:35:46,Lab 301 (cam 2),anomaly_suppressed_cooldown,,,,
2026-07-07 15:35:46,Lab 301 (cam 2),anomaly_suppressed_cooldown,,,,
2026-07-07 15:35:46,Lab 301 (cam 2),anomaly_suppressed_cooldown,,,,
2026-07-07 15:35:46,Lab 301 (cam 2),anomaly_suppressed_cooldown,,,,
2026-07-07 15:35:46,Lab 301 (cam 2),anomaly_suppressed_cooldown,,,,
2026-07-07 15:35:46,Lab 301 (cam 2),anomaly_suppressed_cooldown,,,,
2026-07-07 15:35:46,Lab 301 (cam 2),anomaly_suppressed_cooldown,,,,
2026-07-07 15:35:46,Lab 301 (cam 2),anomaly_suppressed_cooldown,,,,
2026-07-07 15:35:46,Lab 301 (cam 2),anomaly_suppressed_cooldown,,,,
2026-07-07 15:35:47,Lab 301 (cam 2),anomaly_suppressed_cooldown,,,,
2026-07-07 15:35:47,Lab 301 (cam 2),anomaly_suppressed_cooldown,,,,
2026-07-07 15:35:47,Lab 301 (cam 2),anomaly_suppressed_cooldown,,,,
2026-07-07 15:35:47,Lab 301 (cam 2),anomaly_suppressed_cooldown,,,,
2026-07-07 15:35:47,Lab 301 (cam 2),anomaly_suppressed_cooldown,,,,
2026-07-07 15:35:47,Lab 301 (cam 2),anomaly_suppressed_cooldown,,,,
2026-07-07 15:35:47,Lab 301 (cam 2),anomaly_suppressed_cooldown,,,,
2026-07-07 15:35:47,Lab 301 (cam 2),anomaly_suppressed_cooldown,,,,
2026-07-07 15:35:47,Lab 301 (cam 2),anomaly_suppressed_cooldown,,,,
2026-07-07 15:35:47,Lab 301 (cam 2),anomaly_suppressed_cooldown,,,,
2026-07-07 15:35:47,Lab 301 (cam 2),anomaly_suppressed_cooldown,,,,
2026-07-07 15:35:47,Lab 301 (cam 2),anomaly_suppressed_cooldown,,,,
2026-07-07 15:35:47,Lab 301 (cam 2),anomaly_suppressed_cooldown,,,,
2026-07-07 15:35:47,Lab 301 (cam 2),anomaly_suppressed_cooldown,,,,
2026-07-07 15:35:47,Lab 301 (cam 2),anomaly_suppressed_cooldown,,,,
2026-07-07 15:35:47,Lab 301 (cam 2),anomaly_suppressed_cooldown,,,,
2026-07-07 15:35:47,Lab 301 (cam 2),anomaly_suppressed_cooldown,,,,
2026-07-07 15:35:47,Lab 301 (cam 2),anomaly_suppressed_cooldown,,,,
2026-07-07 15:35:47,Lab 301 (cam 2),anomaly_suppressed_cooldown,,,,
2026-07-07 15:35:47,Lab 301 (cam 2),anomaly_suppressed_cooldown,,,,
2026-07-07 15:35:47,Lab 301 (cam 2),anomaly_suppressed_cooldown,,,,
2026-07-07 15:35:47,Lab 301 (cam 2),anomaly_suppressed_cooldown,,,,
2026-07-07 15:35:47,Lab 301 (cam 2),anomaly_suppressed_cooldown,,,,
2026-07-07 15:35:47,Lab 301 (cam 2),anomaly_suppressed_cooldown,,,,
2026-07-07 15:35:47,Lab 301 (cam 2),anomaly_suppressed_cooldown,,,,
2026-07-07 15:35:47,Lab 301 (cam 2),anomaly_suppressed_cooldown,,,,
2026-07-07 15:35:48,Lab 301 (cam 2),anomaly_suppressed_cooldown,,,,
2026-07-07 15:35:48,Lab 301 (cam 2),anomaly_suppressed_cooldown,,,,
2026-07-07 15:35:48,Lab 301 (cam 2),anomaly_suppressed_cooldown,,,,
2026-07-07 15:35:48,Lab 301 (cam 2),anomaly_suppressed_cooldown,,,,
2026-07-07 15:35:48,Lab 301 (cam 2),anomaly_suppressed_cooldown,,,,
2026-07-07 15:35:48,Lab 301 (cam 2),anomaly_suppressed_cooldown,,,,
2026-07-07 15:35:48,Lab 301 (cam 2),anomaly_suppressed_cooldown,,,,
2026-07-07 15:35:48,Lab 301 (cam 2),anomaly_suppressed_cooldown,,,,
2026-07-07 15:35:48,Lab 301 (cam 2),anomaly_suppressed_cooldown,,,,
2026-07-07 15:35:48,Lab 301 (cam 2),anomaly_suppressed_cooldown,,,,
2026-07-07 15:35:48,Lab 301 (cam 2),anomaly_suppressed_cooldown,,,,
2026-07-07 15:35:49,Lab 301 (cam 2),anomaly_suppressed_cooldown,,,,
2026-07-07 15:35:49,Lab 301 (cam 2),anomaly_suppressed_cooldown,,,,
2026-07-07 15:35:49,Lab 301 (cam 2),anomaly_suppressed_cooldown,,,,
2026-07-07 15:35:49,Lab 301 (cam 2),anomaly_suppressed_cooldown,,,,
2026-07-07 15:35:49,Lab 301 (cam 2),anomaly_suppressed_cooldown,,,,
2026-07-07 15:35:49,Lab 301 (cam 2),anomaly_suppressed_cooldown,,,,
2026-07-07 15:35:49,Lab 301 (cam 2),anomaly_suppressed_cooldown,,,,
2026-07-07 15:35:49,Lab 301 (cam 2),anomaly_suppressed_cooldown,,,,
2026-07-07 15:35:49,Lab 301 (cam 2),anomaly_suppressed_cooldown,,,,
2026-07-07 15:35:49,Lab 301 (cam 2),anomaly_suppressed_cooldown,,,,
2026-07-07 15:35:49,Lab 301 (cam 2),anomaly_suppressed_cooldown,,,,
2026-07-07 15:35:49,Lab 301 (cam 2),anomaly_suppressed_cooldown,,,,
2026-07-07 15:35:49,Lab 301 (cam 2),anomaly_suppressed_cooldown,,,,
2026-07-07 15:35:49,Lab 301 (cam 2),anomaly_suppressed_cooldown,,,,
2026-07-07 15:35:49,Lab 301 (cam 2),anomaly_suppressed_cooldown,,,,
2026-07-07 15:35:49,Lab 301 (cam 2),anomaly_suppressed_cooldown,,,,
2026-07-07 15:35:49,Lab 301 (cam 2),anomaly_suppressed_cooldown,,,,
2026-07-07 15:35:49,Lab 301 (cam 2),anomaly_suppressed_cooldown,,,,
2026-07-07 15:35:49,Lab 301 (cam 2),anomaly_suppressed_cooldown,,,,
2026-07-07 15:35:49,Lab 301 (cam 2),anomaly_suppressed_cooldown,,,,
2026-07-07 15:35:50,Lab 301 (cam 2),anomaly_suppressed_cooldown,,,,
2026-07-07 15:35:50,Lab 301 (cam 2),anomaly_suppressed_cooldown,,,,
2026-07-07 15:35:50,Lab 301 (cam 2),anomaly_suppressed_cooldown,,,,
2026-07-07 15:35:50,Lab 301 (cam 2),anomaly_suppressed_cooldown,,,,
2026-07-07 15:35:51,Lab 301 (cam 2),anomaly_suppressed_cooldown,,,,
2026-07-07 15:35:51,Lab 301 (cam 2),anomaly_suppressed_cooldown,,,,
2026-07-07 15:35:51,Lab 301 (cam 2),anomaly_suppressed_cooldown,,,,
2026-07-07 15:35:51,Lab 301 (cam 2),anomaly_suppressed_cooldown,,,,
2026-07-07 15:35:51,Lab 301 (cam 2),anomaly_suppressed_cooldown,,,,
2026-07-07 15:35:51,Lab 301 (cam 2),anomaly_suppressed_cooldown,,,,
2026-07-07 15:35:51,Lab 301 (cam 2),anomaly_suppressed_cooldown,,,,
2026-07-07 15:35:51,Lab 301 (cam 2),anomaly_suppressed_cooldown,,,,
2026-07-07 15:35:51,Lab 301 (cam 2),anomaly_suppressed_cooldown,,,,
2026-07-07 15:35:51,Lab 301 (cam 2),anomaly_suppressed_cooldown,,,,
2026-07-07 15:35:51,Lab 301 (cam 2),anomaly_suppressed_cooldown,,,,
2026-07-07 15:35:51,Lab 301 (cam 2),anomaly_suppressed_cooldown,,,,
2026-07-07 15:35:51,Lab 301 (cam 2),anomaly_suppressed_cooldown,,,,
2026-07-07 15:35:51,Lab 301 (cam 2),anomaly_suppressed_cooldown,,,,
2026-07-07 15:35:51,Lab 301 (cam 2),anomaly_suppressed_cooldown,,,,
2026-07-07 15:35:51,Lab 301 (cam 2),anomaly_suppressed_cooldown,,,,
2026-07-07 15:35:51,Lab 301 (cam 2),anomaly_suppressed_cooldown,,,,
2026-07-07 15:35:51,Lab 301 (cam 2),anomaly_suppressed_cooldown,,,,
2026-07-07 15:35:51,Lab 301 (cam 2),anomaly_suppressed_cooldown,,,,
2026-07-07 15:35:51,Lab 301 (cam 2),anomaly_suppressed_cooldown,,,,
2026-07-07 15:35:52,Lab 301 (cam 2),anomaly_suppressed_cooldown,,,,
2026-07-07 15:35:52,Lab 301 (cam 2),anomaly_suppressed_cooldown,,,,
2026-07-07 15:35:52,Lab 301 (cam 2),anomaly_suppressed_cooldown,,,,
2026-07-07 15:35:52,Lab 301 (cam 2),anomaly_suppressed_cooldown,,,,
2026-07-07 15:35:52,Lab 301 (cam 2),anomaly_suppressed_cooldown,,,,
2026-07-07 15:35:52,Lab 301 (cam 2),anomaly_suppressed_cooldown,,,,
2026-07-07 15:35:52,Lab 301 (cam 2),anomaly_suppressed_cooldown,,,,
2026-07-07 15:35:52,Lab 301 (cam 2),anomaly_suppressed_cooldown,,,,
2026-07-07 15:35:52,Lab 301 (cam 2),anomaly_suppressed_cooldown,,,,
2026-07-07 15:35:52,Lab 301 (cam 2),anomaly_suppressed_cooldown,,,,
2026-07-07 15:35:52,Lab 301 (cam 2),anomaly_suppressed_cooldown,,,,
2026-07-07 15:35:52,Lab 301 (cam 2),anomaly_suppressed_cooldown,,,,
2026-07-07 15:35:52,Lab 301 (cam 2),anomaly_suppressed_cooldown,,,,
2026-07-07 15:35:52,Lab 301 (cam 2),anomaly_suppressed_cooldown,,,,
2026-07-07 15:35:52,Lab 301 (cam 2),anomaly_suppressed_cooldown,,,,
2026-07-07 15:35:52,Lab 301 (cam 2),anomaly_suppressed_cooldown,,,,
2026-07-07 15:35:52,Lab 301 (cam 2),anomaly_suppressed_cooldown,,,,
2026-07-07 15:35:52,Lab 301 (cam 2),anomaly_suppressed_cooldown,,,,
2026-07-07 15:35:52,Lab 301 (cam 2),anomaly_suppressed_cooldown,,,,
2026-07-07 15:35:52,Lab 301 (cam 2),anomaly_suppressed_cooldown,,,,
2026-07-07 15:35:52,Lab 301 (cam 2),anomaly_suppressed_cooldown,,,,
2026-07-07 15:35:52,Lab 301 (cam 2),anomaly_suppressed_cooldown,,,,
2026-07-07 15:35:53,Lab 301 (cam 2),anomaly_suppressed_cooldown,,,,
2026-07-07 15:35:53,Lab 301 (cam 2),anomaly_suppressed_cooldown,,,,
2026-07-07 15:35:53,Lab 301 (cam 2),anomaly_suppressed_cooldown,,,,
2026-07-07 15:35:53,Lab 301 (cam 2),anomaly_suppressed_cooldown,,,,
2026-07-07 15:35:53,Lab 301 (cam 2),anomaly_suppressed_cooldown,,,,
2026-07-07 15:35:53,Lab 301 (cam 2),anomaly_suppressed_cooldown,,,,
2026-07-07 15:35:53,Lab 301 (cam 2),anomaly_suppressed_cooldown,,,,
2026-07-07 15:35:53,Lab 301 (cam 2),anomaly_suppressed_cooldown,,,,
2026-07-07 15:35:53,Lab 301 (cam 2),anomaly_suppressed_cooldown,,,,
2026-07-07 15:35:53,Lab 301 (cam 2),anomaly_suppressed_cooldown,,,,
2026-07-07 15:35:53,Lab 301 (cam 2),anomaly_suppressed_cooldown,,,,
2026-07-07 15:35:53,Lab 301 (cam 2),anomaly_suppressed_cooldown,,,,
2026-07-07 15:35:53,Lab 301 (cam 2),anomaly_suppressed_cooldown,,,,
2026-07-07 15:35:53,Lab 301 (cam 2),anomaly_suppressed_cooldown,,,,
2026-07-07 15:35:53,Lab 301 (cam 2),anomaly_suppressed_cooldown,,,,
2026-07-07 15:35:53,Lab 301 (cam 2),anomaly_suppressed_cooldown,,,,
2026-07-07 15:35:53,Lab 301 (cam 2),anomaly_suppressed_cooldown,,,,
2026-07-07 15:35:53,Lab 301 (cam 2),anomaly_suppressed_cooldown,,,,
2026-07-07 15:35:53,Lab 301 (cam 2),anomaly_suppressed_cooldown,,,,
2026-07-07 15:35:54,Lab 301 (cam 2),anomaly_suppressed_cooldown,,,,
2026-07-07 15:35:54,Lab 301 (cam 2),anomaly_suppressed_cooldown,,,,
2026-07-07 15:35:54,Lab 301 (cam 2),anomaly_suppressed_cooldown,,,,
2026-07-07 15:35:54,Lab 301 (cam 2),anomaly_suppressed_cooldown,,,,
2026-07-07 15:35:54,Lab 301 (cam 2),anomaly_suppressed_cooldown,,,,
2026-07-07 15:35:54,Lab 301 (cam 2),anomaly_suppressed_cooldown,,,,
2026-07-07 15:35:54,Lab 301 (cam 2),anomaly_suppressed_cooldown,,,,
2026-07-07 15:35:54,Lab 301 (cam 2),anomaly_suppressed_cooldown,,,,
2026-07-07 15:35:54,Lab 301 (cam 2),anomaly_suppressed_cooldown,,,,
2026-07-07 15:35:54,Lab 301 (cam 2),anomaly_suppressed_cooldown,,,,
2026-07-07 15:35:54,Lab 301 (cam 2),anomaly_suppressed_cooldown,,,,
2026-07-07 15:35:54,Lab 301 (cam 2),anomaly_suppressed_cooldown,,,,
2026-07-07 15:35:54,Lab 301 (cam 2),anomaly_suppressed_cooldown,,,,
2026-07-07 15:35:54,Lab 301 (cam 2),anomaly_suppressed_cooldown,,,,
2026-07-07 15:35:54,Lab 301 (cam 2),anomaly_suppressed_cooldown,,,,
2026-07-07 15:35:54,Lab 301 (cam 2),anomaly_suppressed_cooldown,,,,
2026-07-07 15:35:54,Lab 301 (cam 2),anomaly_suppressed_cooldown,,,,
2026-07-07 15:35:54,Lab 301 (cam 2),anomaly_suppressed_cooldown,,,,
2026-07-07 15:35:54,Lab 301 (cam 2),anomaly_suppressed_cooldown,,,,
2026-07-07 15:35:54,Lab 301 (cam 2),anomaly_suppressed_cooldown,,,,
2026-07-07 15:35:54,Lab 301 (cam 2),anomaly_suppressed_cooldown,,,,
2026-07-07 15:35:54,Lab 301 (cam 2),anomaly_suppressed_cooldown,,,,
2026-07-07 15:35:54,Lab 301 (cam 2),anomaly_suppressed_cooldown,,,,
2026-07-07 15:35:54,Lab 301 (cam 2),anomaly_suppressed_cooldown,,,,
2026-07-07 15:35:54,Lab 301 (cam 2),anomaly_suppressed_cooldown,,,,
2026-07-07 15:35:54,Lab 301 (cam 2),anomaly_suppressed_cooldown,,,,
2026-07-07 15:35:54,Lab 301 (cam 2),anomaly_suppressed_cooldown,,,,
2026-07-07 15:35:54,Lab 301 (cam 2),anomaly_suppressed_cooldown,,,,
2026-07-07 15:35:54,Lab 301 (cam 2),anomaly_suppressed_cooldown,,,,
2026-07-07 15:35:55,Lab 301 (cam 2),anomaly_suppressed_cooldown,,,,
2026-07-07 15:35:55,Lab 301 (cam 2),anomaly_suppressed_cooldown,,,,
2026-07-07 15:35:55,Lab 301 (cam 2),anomaly_suppressed_cooldown,,,,
2026-07-07 15:35:55,Lab 301 (cam 2),anomaly_suppressed_cooldown,,,,
2026-07-07 15:35:55,Lab 301 (cam 2),anomaly_suppressed_cooldown,,,,
2026-07-07 15:35:55,Lab 301 (cam 2),anomaly_suppressed_cooldown,,,,
2026-07-07 15:35:55,Lab 301 (cam 2),anomaly_suppressed_cooldown,,,,
2026-07-07 15:35:55,Lab 301 (cam 2),anomaly_suppressed_cooldown,,,,
2026-07-07 15:35:55,Lab 301 (cam 2),anomaly_suppressed_cooldown,,,,
2026-07-07 15:35:55,Lab 301 (cam 2),anomaly_suppressed_cooldown,,,,
2026-07-07 15:35:55,Lab 301 (cam 2),anomaly_suppressed_cooldown,,,,
2026-07-07 15:35:56,Lab 301 (cam 2),anomaly_suppressed_cooldown,,,,
2026-07-07 15:35:56,Lab 301 (cam 2),anomaly_suppressed_cooldown,,,,
2026-07-07 15:35:56,Lab 301 (cam 2),anomaly_suppressed_cooldown,,,,
2026-07-07 15:35:56,Lab 301 (cam 2),anomaly_suppressed_cooldown,,,,
2026-07-07 15:35:56,Lab 301 (cam 2),anomaly_suppressed_cooldown,,,,
2026-07-07 15:35:56,Lab 301 (cam 2),anomaly_suppressed_cooldown,,,,
2026-07-07 15:35:56,Lab 301 (cam 2),anomaly_suppressed_cooldown,,,,
2026-07-07 15:35:56,Lab 301 (cam 2),anomaly_suppressed_cooldown,,,,
2026-07-07 15:35:56,Lab 301 (cam 2),anomaly_suppressed_cooldown,,,,
2026-07-07 15:35:56,Lab 301 (cam 2),anomaly_suppressed_cooldown,,,,
2026-07-07 15:35:56,Lab 301 (cam 2),anomaly_suppressed_cooldown,,,,
2026-07-07 15:35:56,Lab 301 (cam 2),anomaly_suppressed_cooldown,,,,
2026-07-07 15:35:56,Lab 301 (cam 2),anomaly_suppressed_cooldown,,,,
2026-07-07 15:35:56,Lab 301 (cam 2),anomaly_suppressed_cooldown,,,,
2026-07-07 15:35:56,Lab 301 (cam 2),anomaly_suppressed_cooldown,,,,
2026-07-07 15:35:56,Lab 301 (cam 2),anomaly_suppressed_cooldown,,,,
2026-07-07 15:35:56,Lab 301 (cam 2),anomaly_suppressed_cooldown,,,,
2026-07-07 15:35:56,Lab 301 (cam 2),anomaly_suppressed_cooldown,,,,
2026-07-07 15:35:56,Lab 301 (cam 2),anomaly_suppressed_cooldown,,,,
2026-07-07 15:35:56,Lab 301 (cam 2),anomaly_suppressed_cooldown,,,,
2026-07-07 15:35:56,Lab 301 (cam 2),anomaly_suppressed_cooldown,,,,
2026-07-07 15:35:56,Lab 301 (cam 2),anomaly_suppressed_cooldown,,,,
2026-07-07 15:35:56,Lab 301 (cam 2),anomaly_suppressed_cooldown,,,,
2026-07-07 15:35:56,Lab 301 (cam 2),anomaly_suppressed_cooldown,,,,
2026-07-07 15:35:56,Lab 301 (cam 2),anomaly_suppressed_cooldown,,,,
2026-07-07 15:35:56,Lab 301 (cam 2),anomaly_suppressed_cooldown,,,,
2026-07-07 15:35:57,Lab 301 (cam 2),anomaly_suppressed_cooldown,,,,
2026-07-07 15:35:57,Lab 301 (cam 2),anomaly_suppressed_cooldown,,,,
2026-07-07 15:35:57,Lab 301 (cam 2),anomaly_suppressed_cooldown,,,,
2026-07-07 15:35:57,Lab 301 (cam 2),anomaly_suppressed_cooldown,,,,
2026-07-07 15:35:57,Lab 301 (cam 2),anomaly_suppressed_cooldown,,,,
2026-07-07 15:35:57,Lab 301 (cam 2),anomaly_suppressed_cooldown,,,,
2026-07-07 15:35:57,Lab 301 (cam 2),anomaly_suppressed_cooldown,,,,
2026-07-07 15:35:57,Lab 301 (cam 2),anomaly_suppressed_cooldown,,,,
2026-07-07 15:35:57,Lab 301 (cam 2),anomaly_suppressed_cooldown,,,,
2026-07-07 15:35:57,Lab 301 (cam 2),anomaly_suppressed_cooldown,,,,
2026-07-07 15:35:57,Lab 301 (cam 2),anomaly_suppressed_cooldown,,,,
2026-07-07 15:35:57,Lab 301 (cam 2),anomaly_suppressed_cooldown,,,,
2026-07-07 15:35:57,Lab 301 (cam 2),anomaly_suppressed_cooldown,,,,
2026-07-07 15:35:57,Lab 301 (cam 2),anomaly_suppressed_cooldown,,,,
2026-07-07 15:35:57,Lab 301 (cam 2),anomaly_suppressed_cooldown,,,,
2026-07-07 15:35:57,Lab 301 (cam 2),anomaly_suppressed_cooldown,,,,
2026-07-07 15:35:57,Lab 301 (cam 2),anomaly_suppressed_cooldown,,,,
2026-07-07 15:35:57,Lab 301 (cam 2),anomaly_suppressed_cooldown,,,,
2026-07-07 15:35:57,Lab 301 (cam 2),anomaly_suppressed_cooldown,,,,
2026-07-07 15:35:57,Lab 301 (cam 2),anomaly_suppressed_cooldown,,,,
2026-07-07 15:35:57,Lab 301 (cam 2),anomaly_suppressed_cooldown,,,,
2026-07-07 15:35:57,Lab 301 (cam 2),anomaly_suppressed_cooldown,,,,
2026-07-07 15:35:58,Lab 301 (cam 2),anomaly_suppressed_cooldown,,,,
2026-07-07 15:35:58,Lab 301 (cam 2),anomaly_suppressed_cooldown,,,,
2026-07-07 15:35:58,Lab 301 (cam 2),anomaly_suppressed_cooldown,,,,
2026-07-07 15:35:58,Lab 301 (cam 2),anomaly_suppressed_cooldown,,,,
2026-07-07 15:35:58,Lab 301 (cam 2),anomaly_suppressed_cooldown,,,,
2026-07-07 15:35:58,Lab 301 (cam 2),anomaly_suppressed_cooldown,,,,
2026-07-07 15:35:58,Lab 301 (cam 2),anomaly_suppressed_cooldown,,,,
2026-07-07 15:35:58,Lab 301 (cam 2),anomaly_suppressed_cooldown,,,,
2026-07-07 15:35:59,Lab 301 (cam 2),anomaly_suppressed_cooldown,,,,
2026-07-07 15:35:59,Lab 301 (cam 2),anomaly_suppressed_cooldown,,,,
2026-07-07 15:35:59,Lab 301 (cam 2),anomaly_suppressed_cooldown,,,,
2026-07-07 15:35:59,Lab 301 (cam 2),anomaly_suppressed_cooldown,,,,
2026-07-07 15:35:59,Lab 301 (cam 2),anomaly_suppressed_cooldown,,,,
2026-07-07 15:35:59,Lab 301 (cam 2),anomaly_suppressed_cooldown,,,,
2026-07-07 15:35:59,Lab 301 (cam 2),anomaly_suppressed_cooldown,,,,
2026-07-07 15:35:59,Lab 301 (cam 2),anomaly_suppressed_cooldown,,,,
2026-07-07 15:35:59,Lab 301 (cam 2),anomaly_suppressed_cooldown,,,,
2026-07-07 15:35:59,Lab 301 (cam 2),anomaly_suppressed_cooldown,,,,
2026-07-07 15:35:59,Lab 301 (cam 2),anomaly_suppressed_cooldown,,,,
2026-07-07 15:35:59,Lab 301 (cam 2),anomaly_suppressed_cooldown,,,,
2026-07-07 15:35:59,Lab 301 (cam 2),anomaly_suppressed_cooldown,,,,
2026-07-07 15:35:59,Lab 301 (cam 2),anomaly_suppressed_cooldown,,,,
2026-07-07 15:35:59,Lab 301 (cam 2),anomaly_suppressed_cooldown,,,,
2026-07-07 15:35:59,Lab 301 (cam 2),anomaly_suppressed_cooldown,,,,
2026-07-07 15:35:59,Lab 301 (cam 2),anomaly_suppressed_cooldown,,,,
2026-07-07 15:35:59,Lab 301 (cam 2),anomaly_suppressed_cooldown,,,,
2026-07-07 15:35:59,Lab 301 (cam 2),anomaly_suppressed_cooldown,,,,
2026-07-07 15:35:59,Lab 301 (cam 2),anomaly_suppressed_cooldown,,,,
2026-07-07 15:35:59,Lab 301 (cam 2),anomaly_suppressed_cooldown,,,,
2026-07-07 15:35:59,Lab 301 (cam 2),anomaly_suppressed_cooldown,,,,
2026-07-07 15:35:59,Lab 301 (cam 2),anomaly_suppressed_cooldown,,,,
2026-07-07 15:36:00,Lab 301 (cam 2),anomaly_suppressed_cooldown,,,,
2026-07-07 15:36:00,Lab 301 (cam 2),anomaly_suppressed_cooldown,,,,
2026-07-07 15:36:00,Lab 301 (cam 2),anomaly_suppressed_cooldown,,,,
2026-07-07 15:36:00,Lab 301 (cam 2),anomaly_suppressed_cooldown,,,,
2026-07-07 15:36:00,Lab 301 (cam 2),anomaly_suppressed_cooldown,,,,
2026-07-07 15:36:00,Lab 301 (cam 2),anomaly_suppressed_cooldown,,,,
2026-07-07 15:36:00,Lab 301 (cam 2),anomaly_suppressed_cooldown,,,,
2026-07-07 15:36:00,Lab 301 (cam 2),anomaly_suppressed_cooldown,,,,
2026-07-07 15:36:00,Lab 301 (cam 2),anomaly_suppressed_cooldown,,,,
2026-07-07 15:36:00,Lab 301 (cam 2),anomaly_suppressed_cooldown,,,,
2026-07-07 15:36:00,Lab 301 (cam 2),anomaly_suppressed_cooldown,,,,
2026-07-07 15:36:00,Lab 301 (cam 2),anomaly_suppressed_cooldown,,,,
2026-07-07 15:36:00,Lab 301 (cam 2),anomaly_suppressed_cooldown,,,,
2026-07-07 15:36:00,Lab 301 (cam 2),anomaly_suppressed_cooldown,,,,
2026-07-07 15:36:00,Lab 301 (cam 2),anomaly_suppressed_cooldown,,,,
2026-07-07 15:36:00,Lab 301 (cam 2),anomaly_suppressed_cooldown,,,,
2026-07-07 15:36:00,Lab 301 (cam 2),anomaly_suppressed_cooldown,,,,
2026-07-07 15:36:00,Lab 301 (cam 2),anomaly_suppressed_cooldown,,,,
2026-07-07 15:36:00,Lab 301 (cam 2),anomaly_suppressed_cooldown,,,,
2026-07-07 15:36:00,Lab 301 (cam 2),anomaly_suppressed_cooldown,,,,
2026-07-07 15:36:00,Lab 301 (cam 2),anomaly_suppressed_cooldown,,,,
2026-07-07 15:36:00,Lab 301 (cam 2),anomaly_suppressed_cooldown,,,,
2026-07-07 15:36:00,Lab 301 (cam 2),anomaly_suppressed_cooldown,,,,
2026-07-07 15:36:00,Lab 301 (cam 2),anomaly_suppressed_cooldown,,,,
2026-07-07 15:36:00,Lab 301 (cam 2),anomaly_suppressed_cooldown,,,,
2026-07-07 15:36:00,Lab 301 (cam 2),anomaly_suppressed_cooldown,,,,
2026-07-07 15:36:00,Lab 301 (cam 2),anomaly_suppressed_cooldown,,,,
2026-07-07 15:36:01,Lab 301 (cam 2),anomaly_suppressed_cooldown,,,,
2026-07-07 15:36:01,Lab 301 (cam 2),anomaly_suppressed_cooldown,,,,
2026-07-07 15:36:01,Lab 301 (cam 2),anomaly_suppressed_cooldown,,,,
2026-07-07 15:36:01,Lab 301 (cam 2),anomaly_suppressed_cooldown,,,,
2026-07-07 15:36:01,Lab 301 (cam 2),anomaly_suppressed_cooldown,,,,
2026-07-07 15:36:01,Lab 301 (cam 2),anomaly_suppressed_cooldown,,,,
2026-07-07 15:36:01,Lab 301 (cam 2),anomaly_suppressed_cooldown,,,,
2026-07-07 15:36:01,Lab 301 (cam 2),anomaly_suppressed_cooldown,,,,
2026-07-07 15:36:01,Lab 301 (cam 2),anomaly_suppressed_cooldown,,,,
2026-07-07 15:36:01,Lab 301 (cam 2),anomaly_suppressed_cooldown,,,,
2026-07-07 15:36:01,Lab 301 (cam 2),anomaly_suppressed_cooldown,,,,
2026-07-07 15:36:01,Lab 301 (cam 2),anomaly_suppressed_cooldown,,,,
2026-07-07 15:36:01,Lab 301 (cam 2),anomaly_suppressed_cooldown,,,,
2026-07-07 15:36:01,Lab 301 (cam 2),anomaly_suppressed_cooldown,,,,
2026-07-07 15:36:01,Lab 301 (cam 2),anomaly_suppressed_cooldown,,,,
2026-07-07 15:36:01,Lab 301 (cam 2),anomaly_suppressed_cooldown,,,,
2026-07-07 15:36:01,Lab 301 (cam 2),anomaly_suppressed_cooldown,,,,
2026-07-07 15:36:02,Lab 301 (cam 2),anomaly_suppressed_cooldown,,,,
2026-07-07 15:36:02,Lab 301 (cam 2),anomaly_suppressed_cooldown,,,,
2026-07-07 15:36:02,Lab 301 (cam 2),anomaly_suppressed_cooldown,,,,
2026-07-07 15:36:02,Lab 301 (cam 2),anomaly_suppressed_cooldown,,,,
2026-07-07 15:36:02,Lab 301 (cam 2),anomaly_suppressed_cooldown,,,,
2026-07-07 15:36:02,Lab 301 (cam 2),anomaly_suppressed_cooldown,,,,
2026-07-07 15:36:02,Lab 301 (cam 2),anomaly_suppressed_cooldown,,,,
2026-07-07 15:36:02,Lab 301 (cam 2),anomaly_suppressed_cooldown,,,,
2026-07-07 15:36:02,Lab 301 (cam 2),anomaly_suppressed_cooldown,,,,
2026-07-07 15:36:02,Lab 301 (cam 2),anomaly_suppressed_cooldown,,,,
2026-07-07 15:36:02,Lab 301 (cam 2),anomaly_suppressed_cooldown,,,,
2026-07-07 15:36:02,Lab 301 (cam 2),anomaly_suppressed_cooldown,,,,
2026-07-07 15:36:02,Lab 301 (cam 2),anomaly_suppressed_cooldown,,,,
2026-07-07 15:36:02,Lab 301 (cam 2),anomaly_suppressed_cooldown,,,,
2026-07-07 15:36:02,Lab 301 (cam 2),anomaly_suppressed_cooldown,,,,
2026-07-07 15:36:02,Lab 301 (cam 2),anomaly_suppressed_cooldown,,,,
2026-07-07 15:36:02,Lab 301 (cam 2),anomaly_suppressed_cooldown,,,,
2026-07-07 15:36:02,Lab 301 (cam 2),anomaly_suppressed_cooldown,,,,
2026-07-07 15:36:02,Lab 301 (cam 2),anomaly_suppressed_cooldown,,,,
2026-07-07 15:36:02,Lab 301 (cam 2),anomaly_suppressed_cooldown,,,,
2026-07-07 15:36:03,Lab 301 (cam 2),anomaly_suppressed_cooldown,,,,
2026-07-07 15:36:03,Lab 301 (cam 2),anomaly_suppressed_cooldown,,,,
2026-07-07 15:36:03,Lab 301 (cam 1),anomaly_suppressed_cooldown,,,,
2026-07-07 15:36:04,Lab 301 (cam 1),anomaly_suppressed_cooldown,,,,
2026-07-07 15:36:04,Lab 301 (cam 2),anomaly_suppressed_cooldown,,,,
2026-07-07 15:36:04,Lab 301 (cam 1),anomaly_suppressed_cooldown,,,,
2026-07-07 15:36:07,Lab 301 (cam 1),anomaly_suppressed_cooldown,,,,
2026-07-07 15:36:07,Lab 301 (cam 1),anomaly_suppressed_cooldown,,,,
2026-07-07 15:36:07,Lab 301 (cam 1),anomaly_suppressed_cooldown,,,,
2026-07-07 15:36:07,Lab 301 (cam 1),anomaly_suppressed_cooldown,,,,
2026-07-07 15:36:09,Lab 301 (cam 1),anomaly_suppressed_cooldown,,,,
2026-07-07 15:36:09,Lab 301 (cam 1),anomaly_suppressed_cooldown,,,,
2026-07-07 15:36:09,Lab 301 (cam 1),anomaly_suppressed_cooldown,,,,
2026-07-07 15:36:09,Lab 301 (cam 1),anomaly_suppressed_cooldown,,,,
2026-07-07 15:36:09,Lab 301 (cam 1),anomaly_suppressed_cooldown,,,,
2026-07-07 15:36:09,Lab 301 (cam 1),anomaly_suppressed_cooldown,,,,
2026-07-07 15:36:09,Lab 301 (cam 2),anomaly_suppressed_cooldown,,,,
2026-07-07 15:36:09,Lab 301 (cam 2),anomaly_suppressed_cooldown,,,,
2026-07-07 15:36:11,Lab 301 (cam 2),anomaly_suppressed_cooldown,,,,
2026-07-07 15:36:11,Lab 301 (cam 2),anomaly_suppressed_cooldown,,,,
2026-07-07 15:36:12,Lab 301 (cam 2),anomaly_suppressed_cooldown,,,,
2026-07-07 15:36:12,Lab 301 (cam 2),anomaly_suppressed_cooldown,,,,
2026-07-07 15:36:13,Lab 301 (cam 2),anomaly_suppressed_cooldown,,,,
2026-07-07 15:36:13,Lab 301 (cam 1),anomaly_suppressed_cooldown,,,,
2026-07-07 15:36:14,Lab 301 (cam 2),anomaly_suppressed_cooldown,,,,
2026-07-07 15:36:14,Lab 301 (cam 2),anomaly_suppressed_cooldown,,,,
2026-07-07 15:36:14,Lab 301 (cam 2),anomaly_suppressed_cooldown,,,,
2026-07-07 15:36:14,Lab 301 (cam 2),anomaly_suppressed_cooldown,,,,
2026-07-07 15:36:14,Lab 301 (cam 2),anomaly_suppressed_cooldown,,,,
2026-07-07 15:36:14,Lab 301 (cam 2),anomaly_suppressed_cooldown,,,,
2026-07-07 15:36:14,Lab 301 (cam 2),anomaly_suppressed_cooldown,,,,
2026-07-07 15:36:14,Lab 301 (cam 2),anomaly_suppressed_cooldown,,,,
2026-07-07 15:36:14,Lab 301 (cam 2),anomaly_suppressed_cooldown,,,,
2026-07-07 15:36:14,Lab 301 (cam 2),anomaly_suppressed_cooldown,,,,
2026-07-07 15:36:14,Lab 301 (cam 2),anomaly_suppressed_cooldown,,,,
2026-07-07 15:36:14,Lab 301 (cam 2),anomaly_suppressed_cooldown,,,,
2026-07-07 15:36:14,Lab 301 (cam 2),anomaly_suppressed_cooldown,,,,
2026-07-07 15:36:14,Lab 301 (cam 2),anomaly_suppressed_cooldown,,,,
2026-07-07 15:36:14,Lab 301 (cam 2),anomaly_suppressed_cooldown,,,,
2026-07-07 15:36:14,Lab 301 (cam 2),anomaly_suppressed_cooldown,,,,
2026-07-07 15:36:14,Lab 301 (cam 2),anomaly_suppressed_cooldown,,,,
2026-07-07 15:36:14,Lab 301 (cam 2),anomaly_suppressed_cooldown,,,,
2026-07-07 15:36:14,Lab 301 (cam 2),anomaly_suppressed_cooldown,,,,
2026-07-07 15:36:14,Lab 301 (cam 2),anomaly_suppressed_cooldown,,,,
2026-07-07 15:36:15,Lab 301 (cam 2),anomaly_suppressed_cooldown,,,,
2026-07-07 15:36:15,Lab 301 (cam 2),anomaly_suppressed_cooldown,,,,
2026-07-07 15:36:15,Lab 301 (cam 2),anomaly_suppressed_cooldown,,,,
2026-07-07 15:36:15,Lab 301 (cam 2),anomaly_suppressed_cooldown,,,,
2026-07-07 15:36:15,Lab 301 (cam 2),anomaly_suppressed_cooldown,,,,
2026-07-07 15:36:15,Lab 301 (cam 2),anomaly_suppressed_cooldown,,,,
2026-07-07 15:36:15,Lab 301 (cam 2),anomaly_suppressed_cooldown,,,,
2026-07-07 15:36:15,Lab 301 (cam 2),anomaly_suppressed_cooldown,,,,
2026-07-07 15:36:15,Lab 301 (cam 2),anomaly_suppressed_cooldown,,,,
2026-07-07 15:36:15,Lab 301 (cam 2),anomaly_suppressed_cooldown,,,,
2026-07-07 15:36:15,Lab 301 (cam 2),anomaly_suppressed_cooldown,,,,
2026-07-07 15:36:15,Lab 301 (cam 2),anomaly_suppressed_cooldown,,,,
2026-07-07 15:36:15,Lab 301 (cam 2),anomaly_suppressed_cooldown,,,,
2026-07-07 15:36:15,Lab 301 (cam 2),anomaly_suppressed_cooldown,,,,
2026-07-07 15:36:15,Lab 301 (cam 1),anomaly_suppressed_cooldown,,,,
2026-07-07 15:36:15,Lab 301 (cam 2),anomaly_suppressed_cooldown,,,,
2026-07-07 15:36:15,Lab 301 (cam 1),anomaly_suppressed_cooldown,,,,
2026-07-07 15:36:15,Lab 301 (cam 2),anomaly_suppressed_cooldown,,,,
2026-07-07 15:36:15,Lab 301 (cam 1),anomaly_suppressed_cooldown,,,,
2026-07-07 15:36:15,Lab 301 (cam 2),anomaly_suppressed_cooldown,,,,
2026-07-07 15:36:15,Lab 301 (cam 2),anomaly_suppressed_cooldown,,,,
2026-07-07 15:36:15,Lab 301 (cam 1),anomaly_suppressed_cooldown,,,,
2026-07-07 15:36:15,Lab 301 (cam 2),anomaly_suppressed_cooldown,,,,
2026-07-07 15:36:15,Lab 301 (cam 1),anomaly_suppressed_cooldown,,,,
2026-07-07 15:36:15,Lab 301 (cam 1),anomaly_suppressed_cooldown,,,,
2026-07-07 15:36:15,Lab 301 (cam 2),anomaly_suppressed_cooldown,,,,
2026-07-07 15:36:15,Lab 301 (cam 2),anomaly_suppressed_cooldown,,,,
2026-07-07 15:36:15,Lab 301 (cam 1),anomaly_suppressed_cooldown,,,,
2026-07-07 15:36:15,Lab 301 (cam 1),anomaly_suppressed_cooldown,,,,
2026-07-07 15:36:15,Lab 301 (cam 2),anomaly_suppressed_cooldown,,,,
2026-07-07 15:36:15,Lab 301 (cam 1),anomaly_suppressed_cooldown,,,,
2026-07-07 15:36:15,Lab 301 (cam 1),anomaly_suppressed_cooldown,,,,
2026-07-07 15:36:15,Lab 301 (cam 1),anomaly_suppressed_cooldown,,,,
2026-07-07 15:36:16,Lab 301 (cam 1),anomaly_suppressed_cooldown,,,,
2026-07-07 15:36:16,Lab 301 (cam 1),anomaly_suppressed_cooldown,,,,
2026-07-07 15:36:16,Lab 301 (cam 2),anomaly_suppressed_cooldown,,,,
2026-07-07 15:36:16,Lab 301 (cam 1),anomaly_suppressed_cooldown,,,,
2026-07-07 15:36:16,Lab 301 (cam 2),anomaly_suppressed_cooldown,,,,
2026-07-07 15:36:16,Lab 301 (cam 1),anomaly_suppressed_cooldown,,,,
2026-07-07 15:36:16,Lab 301 (cam 1),anomaly_suppressed_cooldown,,,,
2026-07-07 15:36:16,Lab 301 (cam 1),anomaly_suppressed_cooldown,,,,
2026-07-07 15:36:16,Lab 301 (cam 1),anomaly_suppressed_cooldown,,,,
2026-07-07 15:36:16,Lab 301 (cam 1),anomaly_suppressed_cooldown,,,,
2026-07-07 15:36:16,Lab 301 (cam 2),anomaly_suppressed_cooldown,,,,
2026-07-07 15:36:16,Lab 301 (cam 1),anomaly_suppressed_cooldown,,,,
2026-07-07 15:36:16,Lab 301 (cam 2),anomaly_suppressed_cooldown,,,,
2026-07-07 15:36:16,Lab 301 (cam 1),anomaly_suppressed_cooldown,,,,
2026-07-07 15:36:16,Lab 301 (cam 1),anomaly_suppressed_cooldown,,,,
2026-07-07 15:36:16,Lab 301 (cam 1),anomaly_suppressed_cooldown,,,,
2026-07-07 15:36:17,Lab 301 (cam 1),anomaly_suppressed_cooldown,,,,
2026-07-07 15:36:19,Lab 301 (cam 1),anomaly_suppressed_cooldown,,,,
2026-07-07 15:36:21,Lab 301 (cam 2),anomaly_suppressed_cooldown,,,,
2026-07-07 15:36:21,Lab 301 (cam 2),anomaly_suppressed_cooldown,,,,
2026-07-07 15:36:21,Lab 301 (cam 2),anomaly_suppressed_cooldown,,,,
2026-07-07 15:36:21,Lab 301 (cam 2),anomaly_suppressed_cooldown,,,,
2026-07-07 15:36:21,Lab 301 (cam 2),anomaly_suppressed_cooldown,,,,
2026-07-07 15:36:21,Lab 301 (cam 2),anomaly_suppressed_cooldown,,,,
2026-07-07 15:36:21,Lab 301 (cam 2),anomaly_suppressed_cooldown,,,,
2026-07-07 15:36:21,Lab 301 (cam 2),anomaly_suppressed_cooldown,,,,
2026-07-07 15:36:21,Lab 301 (cam 2),anomaly_suppressed_cooldown,,,,
2026-07-07 15:36:21,Lab 301 (cam 2),anomaly_suppressed_cooldown,,,,
2026-07-07 15:36:21,Lab 301 (cam 2),anomaly_suppressed_cooldown,,,,
2026-07-07 15:36:21,Lab 301 (cam 2),anomaly_suppressed_cooldown,,,,
2026-07-07 15:36:21,Lab 301 (cam 2),anomaly_suppressed_cooldown,,,,
2026-07-07 15:36:21,Lab 301 (cam 2),anomaly_suppressed_cooldown,,,,
2026-07-07 15:36:22,Lab 301 (cam 2),anomaly_suppressed_cooldown,,,,
2026-07-07 15:36:22,Lab 301 (cam 2),anomaly_suppressed_cooldown,,,,
2026-07-07 15:36:22,Lab 301 (cam 2),anomaly_suppressed_cooldown,,,,
2026-07-07 15:36:22,Lab 301 (cam 2),anomaly_suppressed_cooldown,,,,
2026-07-07 15:36:22,Lab 301 (cam 2),anomaly_suppressed_cooldown,,,,
2026-07-07 15:36:22,Lab 301 (cam 2),anomaly_suppressed_cooldown,,,,
2026-07-07 15:36:22,Lab 301 (cam 2),anomaly_suppressed_cooldown,,,,
2026-07-07 15:36:22,Lab 301 (cam 2),anomaly_suppressed_cooldown,,,,
2026-07-07 15:36:23,Lab 301 (cam 2),anomaly_suppressed_cooldown,,,,
2026-07-07 15:36:24,Lab 301 (cam 2),anomaly_suppressed_cooldown,,,,
2026-07-07 15:36:24,Lab 301 (cam 2),anomaly_suppressed_cooldown,,,,
2026-07-07 15:36:24,Lab 301 (cam 2),anomaly_suppressed_cooldown,,,,
2026-07-07 15:36:24,Lab 301 (cam 2),anomaly_suppressed_cooldown,,,,
2026-07-07 15:36:24,Lab 301 (cam 2),anomaly_suppressed_cooldown,,,,
2026-07-07 15:36:24,Lab 301 (cam 2),anomaly_suppressed_cooldown,,,,
2026-07-07 15:36:24,Lab 301 (cam 2),anomaly_suppressed_cooldown,,,,
2026-07-07 15:36:24,Lab 301 (cam 1),anomaly_suppressed_cooldown,,,,
2026-07-07 15:36:24,Lab 301 (cam 2),anomaly_suppressed_cooldown,,,,
2026-07-07 15:36:24,Lab 301 (cam 2),anomaly_suppressed_cooldown,,,,
2026-07-07 15:36:24,Lab 301 (cam 1),anomaly_suppressed_cooldown,,,,
2026-07-07 15:36:24,Lab 301 (cam 1),anomaly_suppressed_cooldown,,,,
2026-07-07 15:36:24,Lab 301 (cam 1),anomaly_suppressed_cooldown,,,,
2026-07-07 15:36:24,Lab 301 (cam 1),anomaly_suppressed_cooldown,,,,
2026-07-07 15:36:24,Lab 301 (cam 1),anomaly_suppressed_cooldown,,,,
2026-07-07 15:36:25,Lab 301 (cam 1),anomaly_suppressed_cooldown,,,,
2026-07-07 15:36:25,Lab 301 (cam 1),anomaly_suppressed_cooldown,,,,
2026-07-07 15:36:25,Lab 301 (cam 1),anomaly_suppressed_cooldown,,,,
2026-07-07 15:36:25,Lab 301 (cam 1),anomaly_suppressed_cooldown,,,,
2026-07-07 15:36:25,Lab 301 (cam 1),anomaly_suppressed_cooldown,,,,
2026-07-07 15:36:25,Lab 301 (cam 1),anomaly_suppressed_cooldown,,,,
2026-07-07 15:36:25,Lab 301 (cam 2),anomaly_suppressed_cooldown,,,,
2026-07-07 15:36:25,Lab 301 (cam 2),anomaly_suppressed_cooldown,,,,
2026-07-07 15:36:25,Lab 301 (cam 1),anomaly_suppressed_cooldown,,,,
2026-07-07 15:36:25,Lab 301 (cam 2),anomaly_suppressed_cooldown,,,,
2026-07-07 15:36:25,Lab 301 (cam 1),anomaly_suppressed_cooldown,,,,
2026-07-07 15:36:25,Lab 301 (cam 2),anomaly_suppressed_cooldown,,,,
2026-07-07 15:36:25,Lab 301 (cam 1),anomaly_suppressed_cooldown,,,,
2026-07-07 15:36:25,Lab 301 (cam 2),anomaly_suppressed_cooldown,,,,
2026-07-07 15:36:25,Lab 301 (cam 2),anomaly_suppressed_cooldown,,,,
2026-07-07 15:36:25,Lab 301 (cam 1),anomaly_suppressed_cooldown,,,,
2026-07-07 15:36:25,Lab 301 (cam 1),anomaly_suppressed_cooldown,,,,
2026-07-07 15:36:25,Lab 301 (cam 2),anomaly_suppressed_cooldown,,,,
2026-07-07 15:36:25,Lab 301 (cam 1),anomaly_suppressed_cooldown,,,,
2026-07-07 15:36:25,Lab 301 (cam 2),anomaly_suppressed_cooldown,,,,
2026-07-07 15:36:25,Lab 301 (cam 1),anomaly_suppressed_cooldown,,,,
2026-07-07 15:36:25,Lab 301 (cam 2),anomaly_suppressed_cooldown,,,,
2026-07-07 15:36:25,Lab 301 (cam 1),anomaly_suppressed_cooldown,,,,
2026-07-07 15:36:25,Lab 301 (cam 2),anomaly_suppressed_cooldown,,,,
2026-07-07 15:36:25,Lab 301 (cam 1),anomaly_suppressed_cooldown,,,,
2026-07-07 15:36:25,Lab 301 (cam 2),anomaly_suppressed_cooldown,,,,
2026-07-07 15:36:26,Lab 301 (cam 2),anomaly_suppressed_cooldown,,,,
2026-07-07 15:36:26,Lab 301 (cam 1),anomaly_suppressed_cooldown,,,,
2026-07-07 15:36:26,Lab 301 (cam 2),anomaly_suppressed_cooldown,,,,
2026-07-07 15:36:26,Lab 301 (cam 1),anomaly_suppressed_cooldown,,,,
2026-07-07 15:36:26,Lab 301 (cam 2),anomaly_suppressed_cooldown,,,,
2026-07-07 15:36:26,Lab 301 (cam 2),anomaly_suppressed_cooldown,,,,
2026-07-07 15:36:26,Lab 301 (cam 2),anomaly_suppressed_cooldown,,,,
2026-07-07 15:36:26,Lab 301 (cam 2),anomaly_suppressed_cooldown,,,,
2026-07-07 15:36:26,Lab 301 (cam 2),anomaly_suppressed_cooldown,,,,
2026-07-07 15:36:26,Lab 301 (cam 2),anomaly_suppressed_cooldown,,,,
2026-07-07 15:36:26,Lab 301 (cam 2),anomaly_suppressed_cooldown,,,,
2026-07-07 15:36:26,Lab 301 (cam 2),anomaly_suppressed_cooldown,,,,
2026-07-07 15:36:26,Lab 301 (cam 2),anomaly_suppressed_cooldown,,,,
2026-07-07 15:36:28,Lab 301 (cam 2),anomaly_suppressed_cooldown,,,,
2026-07-07 15:36:28,Lab 301 (cam 2),anomaly_suppressed_cooldown,,,,
2026-07-07 15:36:28,Lab 301 (cam 2),anomaly_suppressed_cooldown,,,,
2026-07-07 15:36:28,Lab 301 (cam 2),anomaly_suppressed_cooldown,,,,
2026-07-07 15:36:28,Lab 301 (cam 2),anomaly_suppressed_cooldown,,,,
2026-07-07 15:36:28,Lab 301 (cam 2),anomaly_suppressed_cooldown,,,,
2026-07-07 15:36:29,Lab 301 (cam 2),anomaly_suppressed_cooldown,,,,
2026-07-07 15:36:29,Lab 301 (cam 2),anomaly_suppressed_cooldown,,,,
2026-07-07 15:36:29,Lab 301 (cam 2),anomaly_suppressed_cooldown,,,,
2026-07-07 15:36:29,Lab 301 (cam 2),anomaly_suppressed_cooldown,,,,
2026-07-07 15:36:29,Lab 301 (cam 2),anomaly_suppressed_cooldown,,,,
2026-07-07 15:36:29,Lab 301 (cam 2),anomaly_suppressed_cooldown,,,,
2026-07-07 15:36:29,Lab 301 (cam 2),anomaly_suppressed_cooldown,,,,
2026-07-07 15:36:29,Lab 301 (cam 2),anomaly_suppressed_cooldown,,,,
2026-07-07 15:36:29,Lab 301 (cam 2),anomaly_suppressed_cooldown,,,,
2026-07-07 15:36:29,Lab 301 (cam 2),anomaly_suppressed_cooldown,,,,
2026-07-07 15:36:29,Lab 301 (cam 2),anomaly_suppressed_cooldown,,,,
2026-07-07 15:36:29,Lab 301 (cam 2),anomaly_suppressed_cooldown,,,,
2026-07-07 15:36:29,Lab 301 (cam 2),anomaly_suppressed_cooldown,,,,
2026-07-07 15:36:29,Lab 301 (cam 2),anomaly_suppressed_cooldown,,,,
2026-07-07 15:36:29,Lab 301 (cam 2),anomaly_suppressed_cooldown,,,,
2026-07-07 15:36:29,Lab 301 (cam 2),anomaly_suppressed_cooldown,,,,
2026-07-07 15:36:29,Lab 301 (cam 2),anomaly_suppressed_cooldown,,,,
2026-07-07 15:36:29,Lab 301 (cam 2),anomaly_suppressed_cooldown,,,,
2026-07-07 15:36:29,Lab 301 (cam 2),anomaly_suppressed_cooldown,,,,
2026-07-07 15:36:29,Lab 301 (cam 2),anomaly_suppressed_cooldown,,,,
